DEBUG - 2026-06-09 11:34:30 --> Session: Class initialized using 'CodeIgniter\Session\Handlers\FileHandler' driver.
DEBUG - 2026-06-09 11:55:36 --> Session: Class initialized using 'CodeIgniter\Session\Handlers\FileHandler' driver.
DEBUG - 2026-06-09 11:55:37 --> Session: Class initialized using 'CodeIgniter\Session\Handlers\FileHandler' driver.
DEBUG - 2026-06-09 11:55:44 --> Session: Class initialized using 'CodeIgniter\Session\Handlers\FileHandler' driver.
DEBUG - 2026-06-09 11:55:44 --> Session: Class initialized using 'CodeIgniter\Session\Handlers\FileHandler' driver.
DEBUG - 2026-06-09 11:56:00 --> Session: Class initialized using 'CodeIgniter\Session\Handlers\FileHandler' driver.
DEBUG - 2026-06-09 11:56:49 --> Session: Class initialized using 'CodeIgniter\Session\Handlers\FileHandler' driver.
DEBUG - 2026-06-09 11:57:01 --> Session: Class initialized using 'CodeIgniter\Session\Handlers\FileHandler' driver.
DEBUG - 2026-06-09 11:57:03 --> Session: Class initialized using 'CodeIgniter\Session\Handlers\FileHandler' driver.
DEBUG - 2026-06-09 11:57:04 --> Session: Class initialized using 'CodeIgniter\Session\Handlers\FileHandler' driver.
DEBUG - 2026-06-09 11:57:06 --> Session: Class initialized using 'CodeIgniter\Session\Handlers\FileHandler' driver.
DEBUG - 2026-06-09 11:57:07 --> Session: Class initialized using 'CodeIgniter\Session\Handlers\FileHandler' driver.
DEBUG - 2026-06-09 11:57:13 --> Session: Class initialized using 'CodeIgniter\Session\Handlers\FileHandler' driver.
DEBUG - 2026-06-09 11:57:19 --> Session: Class initialized using 'CodeIgniter\Session\Handlers\FileHandler' driver.
DEBUG - 2026-06-09 11:57:21 --> Session: Class initialized using 'CodeIgniter\Session\Handlers\FileHandler' driver.
DEBUG - 2026-06-09 11:58:01 --> Session: Class initialized using 'CodeIgniter\Session\Handlers\FileHandler' driver.
DEBUG - 2026-06-09 11:58:03 --> Session: Class initialized using 'CodeIgniter\Session\Handlers\FileHandler' driver.
DEBUG - 2026-06-09 11:58:25 --> Session: Class initialized using 'CodeIgniter\Session\Handlers\FileHandler' driver.
DEBUG - 2026-06-09 11:58:28 --> Session: Class initialized using 'CodeIgniter\Session\Handlers\FileHandler' driver.
DEBUG - 2026-06-09 11:58:30 --> Session: Class initialized using 'CodeIgniter\Session\Handlers\FileHandler' driver.
DEBUG - 2026-06-09 12:01:15 --> Session: Class initialized using 'CodeIgniter\Session\Handlers\FileHandler' driver.
DEBUG - 2026-06-09 12:01:21 --> Session: Class initialized using 'CodeIgniter\Session\Handlers\FileHandler' driver.
DEBUG - 2026-06-09 12:01:23 --> Session: Class initialized using 'CodeIgniter\Session\Handlers\FileHandler' driver.
DEBUG - 2026-06-09 12:01:24 --> Session: Class initialized using 'CodeIgniter\Session\Handlers\FileHandler' driver.
DEBUG - 2026-06-09 12:01:25 --> Session: Class initialized using 'CodeIgniter\Session\Handlers\FileHandler' driver.
DEBUG - 2026-06-09 12:01:27 --> Session: Class initialized using 'CodeIgniter\Session\Handlers\FileHandler' driver.
DEBUG - 2026-06-09 12:01:28 --> Session: Class initialized using 'CodeIgniter\Session\Handlers\FileHandler' driver.
DEBUG - 2026-06-09 12:01:29 --> Session: Class initialized using 'CodeIgniter\Session\Handlers\FileHandler' driver.
DEBUG - 2026-06-09 12:01:31 --> Session: Class initialized using 'CodeIgniter\Session\Handlers\FileHandler' driver.
DEBUG - 2026-06-09 12:01:32 --> Session: Class initialized using 'CodeIgniter\Session\Handlers\FileHandler' driver.
DEBUG - 2026-06-09 12:01:34 --> Session: Class initialized using 'CodeIgniter\Session\Handlers\FileHandler' driver.
DEBUG - 2026-06-09 12:01:36 --> Session: Class initialized using 'CodeIgniter\Session\Handlers\FileHandler' driver.
DEBUG - 2026-06-09 12:01:38 --> Session: Class initialized using 'CodeIgniter\Session\Handlers\FileHandler' driver.
DEBUG - 2026-06-09 12:01:40 --> Session: Class initialized using 'CodeIgniter\Session\Handlers\FileHandler' driver.
DEBUG - 2026-06-09 12:01:41 --> Session: Class initialized using 'CodeIgniter\Session\Handlers\FileHandler' driver.
DEBUG - 2026-06-09 12:01:49 --> Session: Class initialized using 'CodeIgniter\Session\Handlers\FileHandler' driver.
DEBUG - 2026-06-09 12:02:14 --> Session: Class initialized using 'CodeIgniter\Session\Handlers\FileHandler' driver.
DEBUG - 2026-06-09 12:02:14 --> Session: Class initialized using 'CodeIgniter\Session\Handlers\FileHandler' driver.
DEBUG - 2026-06-09 12:04:15 --> Session: Class initialized using 'CodeIgniter\Session\Handlers\FileHandler' driver.
DEBUG - 2026-06-09 12:05:39 --> Session: Class initialized using 'CodeIgniter\Session\Handlers\FileHandler' driver.
DEBUG - 2026-06-09 12:05:51 --> Session: Class initialized using 'CodeIgniter\Session\Handlers\FileHandler' driver.
DEBUG - 2026-06-09 12:06:41 --> Session: Class initialized using 'CodeIgniter\Session\Handlers\FileHandler' driver.
DEBUG - 2026-06-09 12:07:06 --> Session: Class initialized using 'CodeIgniter\Session\Handlers\FileHandler' driver.
DEBUG - 2026-06-09 12:07:20 --> Session: Class initialized using 'CodeIgniter\Session\Handlers\FileHandler' driver.
DEBUG - 2026-06-09 12:07:25 --> Session: Class initialized using 'CodeIgniter\Session\Handlers\FileHandler' driver.
DEBUG - 2026-06-09 12:07:38 --> Session: Class initialized using 'CodeIgniter\Session\Handlers\FileHandler' driver.
DEBUG - 2026-06-09 12:07:43 --> Session: Class initialized using 'CodeIgniter\Session\Handlers\FileHandler' driver.
DEBUG - 2026-06-09 12:07:44 --> Session: Class initialized using 'CodeIgniter\Session\Handlers\FileHandler' driver.
DEBUG - 2026-06-09 12:07:48 --> Session: Class initialized using 'CodeIgniter\Session\Handlers\FileHandler' driver.
DEBUG - 2026-06-09 12:07:50 --> Session: Class initialized using 'CodeIgniter\Session\Handlers\FileHandler' driver.
DEBUG - 2026-06-09 12:08:49 --> Session: Class initialized using 'CodeIgniter\Session\Handlers\FileHandler' driver.
DEBUG - 2026-06-09 12:08:52 --> Session: Class initialized using 'CodeIgniter\Session\Handlers\FileHandler' driver.
DEBUG - 2026-06-09 12:08:53 --> Session: Class initialized using 'CodeIgniter\Session\Handlers\FileHandler' driver.
DEBUG - 2026-06-09 12:09:00 --> Session: Class initialized using 'CodeIgniter\Session\Handlers\FileHandler' driver.
DEBUG - 2026-06-09 12:09:02 --> Session: Class initialized using 'CodeIgniter\Session\Handlers\FileHandler' driver.
DEBUG - 2026-06-09 12:09:04 --> Session: Class initialized using 'CodeIgniter\Session\Handlers\FileHandler' driver.
DEBUG - 2026-06-09 12:09:07 --> Session: Class initialized using 'CodeIgniter\Session\Handlers\FileHandler' driver.
DEBUG - 2026-06-09 12:09:09 --> Session: Class initialized using 'CodeIgniter\Session\Handlers\FileHandler' driver.
DEBUG - 2026-06-09 12:09:15 --> Session: Class initialized using 'CodeIgniter\Session\Handlers\FileHandler' driver.
DEBUG - 2026-06-09 12:09:15 --> Session: Class initialized using 'CodeIgniter\Session\Handlers\FileHandler' driver.
DEBUG - 2026-06-09 12:09:19 --> Session: Class initialized using 'CodeIgniter\Session\Handlers\FileHandler' driver.
DEBUG - 2026-06-09 12:09:21 --> Session: Class initialized using 'CodeIgniter\Session\Handlers\FileHandler' driver.
DEBUG - 2026-06-09 12:09:25 --> Session: Class initialized using 'CodeIgniter\Session\Handlers\FileHandler' driver.
DEBUG - 2026-06-09 12:09:27 --> Session: Class initialized using 'CodeIgniter\Session\Handlers\FileHandler' driver.
DEBUG - 2026-06-09 12:09:40 --> Session: Class initialized using 'CodeIgniter\Session\Handlers\FileHandler' driver.
DEBUG - 2026-06-09 12:09:42 --> Session: Class initialized using 'CodeIgniter\Session\Handlers\FileHandler' driver.
DEBUG - 2026-06-09 12:09:48 --> Session: Class initialized using 'CodeIgniter\Session\Handlers\FileHandler' driver.
DEBUG - 2026-06-09 12:09:50 --> Session: Class initialized using 'CodeIgniter\Session\Handlers\FileHandler' driver.
DEBUG - 2026-06-09 12:09:52 --> Session: Class initialized using 'CodeIgniter\Session\Handlers\FileHandler' driver.
DEBUG - 2026-06-09 12:10:00 --> Session: Class initialized using 'CodeIgniter\Session\Handlers\FileHandler' driver.
DEBUG - 2026-06-09 12:10:04 --> Session: Class initialized using 'CodeIgniter\Session\Handlers\FileHandler' driver.
DEBUG - 2026-06-09 12:10:07 --> Session: Class initialized using 'CodeIgniter\Session\Handlers\FileHandler' driver.
DEBUG - 2026-06-09 12:10:09 --> Session: Class initialized using 'CodeIgniter\Session\Handlers\FileHandler' driver.
DEBUG - 2026-06-09 12:10:12 --> Session: Class initialized using 'CodeIgniter\Session\Handlers\FileHandler' driver.
DEBUG - 2026-06-09 12:10:14 --> Session: Class initialized using 'CodeIgniter\Session\Handlers\FileHandler' driver.
DEBUG - 2026-06-09 12:10:40 --> Session: Class initialized using 'CodeIgniter\Session\Handlers\FileHandler' driver.
DEBUG - 2026-06-09 12:10:43 --> Session: Class initialized using 'CodeIgniter\Session\Handlers\FileHandler' driver.
DEBUG - 2026-06-09 12:10:46 --> Session: Class initialized using 'CodeIgniter\Session\Handlers\FileHandler' driver.
DEBUG - 2026-06-09 12:10:48 --> Session: Class initialized using 'CodeIgniter\Session\Handlers\FileHandler' driver.
DEBUG - 2026-06-09 12:12:33 --> Session: Class initialized using 'CodeIgniter\Session\Handlers\FileHandler' driver.
DEBUG - 2026-06-09 12:12:37 --> Session: Class initialized using 'CodeIgniter\Session\Handlers\FileHandler' driver.
DEBUG - 2026-06-09 12:12:39 --> Session: Class initialized using 'CodeIgniter\Session\Handlers\FileHandler' driver.
DEBUG - 2026-06-09 12:12:45 --> Session: Class initialized using 'CodeIgniter\Session\Handlers\FileHandler' driver.
DEBUG - 2026-06-09 12:12:51 --> Session: Class initialized using 'CodeIgniter\Session\Handlers\FileHandler' driver.
DEBUG - 2026-06-09 12:13:03 --> Session: Class initialized using 'CodeIgniter\Session\Handlers\FileHandler' driver.
DEBUG - 2026-06-09 12:13:05 --> Session: Class initialized using 'CodeIgniter\Session\Handlers\FileHandler' driver.
DEBUG - 2026-06-09 12:13:05 --> Session: Class initialized using 'CodeIgniter\Session\Handlers\FileHandler' driver.
DEBUG - 2026-06-09 12:13:10 --> Session: Class initialized using 'CodeIgniter\Session\Handlers\FileHandler' driver.
DEBUG - 2026-06-09 12:13:12 --> Session: Class initialized using 'CodeIgniter\Session\Handlers\FileHandler' driver.
DEBUG - 2026-06-09 12:13:15 --> Session: Class initialized using 'CodeIgniter\Session\Handlers\FileHandler' driver.
DEBUG - 2026-06-09 12:15:04 --> Session: Class initialized using 'CodeIgniter\Session\Handlers\FileHandler' driver.
DEBUG - 2026-06-09 12:15:07 --> Session: Class initialized using 'CodeIgniter\Session\Handlers\FileHandler' driver.
DEBUG - 2026-06-09 12:15:08 --> Session: Class initialized using 'CodeIgniter\Session\Handlers\FileHandler' driver.
DEBUG - 2026-06-09 12:18:15 --> Session: Class initialized using 'CodeIgniter\Session\Handlers\FileHandler' driver.
DEBUG - 2026-06-09 12:18:24 --> Session: Class initialized using 'CodeIgniter\Session\Handlers\FileHandler' driver.
DEBUG - 2026-06-09 12:18:31 --> Session: Class initialized using 'CodeIgniter\Session\Handlers\FileHandler' driver.
DEBUG - 2026-06-09 12:18:32 --> Session: Class initialized using 'CodeIgniter\Session\Handlers\FileHandler' driver.
DEBUG - 2026-06-09 12:18:47 --> Session: Class initialized using 'CodeIgniter\Session\Handlers\FileHandler' driver.
DEBUG - 2026-06-09 12:18:47 --> Session: Class initialized using 'CodeIgniter\Session\Handlers\FileHandler' driver.
DEBUG - 2026-06-09 12:19:07 --> Session: Class initialized using 'CodeIgniter\Session\Handlers\FileHandler' driver.
DEBUG - 2026-06-09 12:19:08 --> Session: Class initialized using 'CodeIgniter\Session\Handlers\FileHandler' driver.
DEBUG - 2026-06-09 12:19:16 --> Session: Class initialized using 'CodeIgniter\Session\Handlers\FileHandler' driver.
DEBUG - 2026-06-09 12:19:20 --> Session: Class initialized using 'CodeIgniter\Session\Handlers\FileHandler' driver.
ERROR - 2026-06-09 12:19:20 --> Cannot add or update a child row: a foreign key constraint fails (`scan2fetch`.`fetch_logs`, CONSTRAINT `fetch_logs_ibfk_4` FOREIGN KEY (`staff_id`) REFERENCES `staffs` (`id`) ON DELETE CASCADE)
in SYSTEMPATH\Database\MySQLi\Connection.php on line 300.
 1 SYSTEMPATH\Database\MySQLi\Connection.php(300): mysqli->query('INSERT INTO `fetch_logs` (`student_id`, `parent_id`, `fetcher_fname`, `fetcher_mname`, `fetcher_lname`, `fetcher_relation`, `method`, `staff_id`) VALUES (\'27\', \'27\', \'jeaers\', \'\', \'tajanlangit\', \'Parent\', \'QR\', \'1\')', 0)
 2 SYSTEMPATH\Database\BaseConnection.php(908): CodeIgniter\Database\MySQLi\Connection->execute('INSERT INTO `fetch_logs` (`student_id`, `parent_id`, `fetcher_fname`, `fetcher_mname`, `fetcher_lname`, `fetcher_relation`, `method`, `staff_id`) VALUES (\'27\', \'27\', \'jeaers\', \'\', \'tajanlangit\', \'Parent\', \'QR\', \'1\')')
 3 SYSTEMPATH\Database\BaseConnection.php(825): CodeIgniter\Database\BaseConnection->simpleQuery('INSERT INTO `fetch_logs` (`student_id`, `parent_id`, `fetcher_fname`, `fetcher_mname`, `fetcher_lname`, `fetcher_relation`, `method`, `staff_id`) VALUES (\'27\', \'27\', \'jeaers\', \'\', \'tajanlangit\', \'Parent\', \'QR\', \'1\')')
 4 SYSTEMPATH\Database\BaseBuilder.php(2343): CodeIgniter\Database\BaseConnection->query('INSERT INTO `fetch_logs` (`student_id`, `parent_id`, `fetcher_fname`, `fetcher_mname`, `fetcher_lname`, `fetcher_relation`, `method`, `staff_id`) VALUES (:student_id:, :parent_id:, :fetcher_fname:, :fetcher_mname:, :fetcher_lname:, :fetcher_relation:, :method:, :staff_id:)', [...], false)
 5 APPPATH\Controllers\Scan.php(95): CodeIgniter\Database\BaseBuilder->insert([...])
 6 SYSTEMPATH\CodeIgniter.php(974): App\Controllers\Scan->release()
 7 SYSTEMPATH\CodeIgniter.php(520): CodeIgniter\CodeIgniter->runController(Object(App\Controllers\Scan))
 8 SYSTEMPATH\CodeIgniter.php(363): CodeIgniter\CodeIgniter->handleRequest(null, Object(Config\Cache), false)
 9 SYSTEMPATH\Boot.php(417): CodeIgniter\CodeIgniter->run()
10 SYSTEMPATH\Boot.php(68): CodeIgniter\Boot::runCodeIgniter(Object(CodeIgniter\CodeIgniter))
11 FCPATH\index.php(59): CodeIgniter\Boot::bootWeb(Object(Config\Paths))
12 SYSTEMPATH\rewrite.php(44): require_once('C:\\xampp\\htdocs\\scan2fetch\\public\\index.php')
CRITICAL - 2026-06-09 12:19:20 --> CodeIgniter\Database\Exceptions\DatabaseException: Cannot add or update a child row: a foreign key constraint fails (`scan2fetch`.`fetch_logs`, CONSTRAINT `fetch_logs_ibfk_4` FOREIGN KEY (`staff_id`) REFERENCES `staffs` (`id`) ON DELETE CASCADE)
[Method: POST, Route: scan/release]
in SYSTEMPATH\Database\BaseConnection.php on line 863.
 1 SYSTEMPATH\Database\BaseBuilder.php(2343): CodeIgniter\Database\BaseConnection->query('INSERT INTO `fetch_logs` (`student_id`, `parent_id`, `fetcher_fname`, `fetcher_mname`, `fetcher_lname`, `fetcher_relation`, `method`, `staff_id`) VALUES (:student_id:, :parent_id:, :fetcher_fname:, :fetcher_mname:, :fetcher_lname:, :fetcher_relation:, :method:, :staff_id:)', [...], false)
 2 APPPATH\Controllers\Scan.php(95): CodeIgniter\Database\BaseBuilder->insert([...])
 3 SYSTEMPATH\CodeIgniter.php(974): App\Controllers\Scan->release()
 4 SYSTEMPATH\CodeIgniter.php(520): CodeIgniter\CodeIgniter->runController(Object(App\Controllers\Scan))
 5 SYSTEMPATH\CodeIgniter.php(363): CodeIgniter\CodeIgniter->handleRequest(null, Object(Config\Cache), false)
 6 SYSTEMPATH\Boot.php(417): CodeIgniter\CodeIgniter->run()
 7 SYSTEMPATH\Boot.php(68): CodeIgniter\Boot::runCodeIgniter(Object(CodeIgniter\CodeIgniter))
 8 FCPATH\index.php(59): CodeIgniter\Boot::bootWeb(Object(Config\Paths))
 9 SYSTEMPATH\rewrite.php(44): require_once('C:\\xampp\\htdocs\\scan2fetch\\public\\index.php')
CRITICAL - 2026-06-09 12:19:20 --> [Caused by] CodeIgniter\Database\Exceptions\DatabaseException: Cannot add or update a child row: a foreign key constraint fails (`scan2fetch`.`fetch_logs`, CONSTRAINT `fetch_logs_ibfk_4` FOREIGN KEY (`staff_id`) REFERENCES `staffs` (`id`) ON DELETE CASCADE)
in SYSTEMPATH\Database\MySQLi\Connection.php on line 310.
 1 SYSTEMPATH\Database\BaseConnection.php(908): CodeIgniter\Database\MySQLi\Connection->execute('INSERT INTO `fetch_logs` (`student_id`, `parent_id`, `fetcher_fname`, `fetcher_mname`, `fetcher_lname`, `fetcher_relation`, `method`, `staff_id`) VALUES (\'27\', \'27\', \'jeaers\', \'\', \'tajanlangit\', \'Parent\', \'QR\', \'1\')')
 2 SYSTEMPATH\Database\BaseConnection.php(825): CodeIgniter\Database\BaseConnection->simpleQuery('INSERT INTO `fetch_logs` (`student_id`, `parent_id`, `fetcher_fname`, `fetcher_mname`, `fetcher_lname`, `fetcher_relation`, `method`, `staff_id`) VALUES (\'27\', \'27\', \'jeaers\', \'\', \'tajanlangit\', \'Parent\', \'QR\', \'1\')')
 3 SYSTEMPATH\Database\BaseBuilder.php(2343): CodeIgniter\Database\BaseConnection->query('INSERT INTO `fetch_logs` (`student_id`, `parent_id`, `fetcher_fname`, `fetcher_mname`, `fetcher_lname`, `fetcher_relation`, `method`, `staff_id`) VALUES (:student_id:, :parent_id:, :fetcher_fname:, :fetcher_mname:, :fetcher_lname:, :fetcher_relation:, :method:, :staff_id:)', [...], false)
 4 APPPATH\Controllers\Scan.php(95): CodeIgniter\Database\BaseBuilder->insert([...])
 5 SYSTEMPATH\CodeIgniter.php(974): App\Controllers\Scan->release()
 6 SYSTEMPATH\CodeIgniter.php(520): CodeIgniter\CodeIgniter->runController(Object(App\Controllers\Scan))
 7 SYSTEMPATH\CodeIgniter.php(363): CodeIgniter\CodeIgniter->handleRequest(null, Object(Config\Cache), false)
 8 SYSTEMPATH\Boot.php(417): CodeIgniter\CodeIgniter->run()
 9 SYSTEMPATH\Boot.php(68): CodeIgniter\Boot::runCodeIgniter(Object(CodeIgniter\CodeIgniter))
10 FCPATH\index.php(59): CodeIgniter\Boot::bootWeb(Object(Config\Paths))
11 SYSTEMPATH\rewrite.php(44): require_once('C:\\xampp\\htdocs\\scan2fetch\\public\\index.php')
CRITICAL - 2026-06-09 12:19:20 --> [Caused by] mysqli_sql_exception: Cannot add or update a child row: a foreign key constraint fails (`scan2fetch`.`fetch_logs`, CONSTRAINT `fetch_logs_ibfk_4` FOREIGN KEY (`staff_id`) REFERENCES `staffs` (`id`) ON DELETE CASCADE)
in SYSTEMPATH\Database\MySQLi\Connection.php on line 300.
 1 SYSTEMPATH\Database\MySQLi\Connection.php(300): mysqli->query('INSERT INTO `fetch_logs` (`student_id`, `parent_id`, `fetcher_fname`, `fetcher_mname`, `fetcher_lname`, `fetcher_relation`, `method`, `staff_id`) VALUES (\'27\', \'27\', \'jeaers\', \'\', \'tajanlangit\', \'Parent\', \'QR\', \'1\')', 0)
 2 SYSTEMPATH\Database\BaseConnection.php(908): CodeIgniter\Database\MySQLi\Connection->execute('INSERT INTO `fetch_logs` (`student_id`, `parent_id`, `fetcher_fname`, `fetcher_mname`, `fetcher_lname`, `fetcher_relation`, `method`, `staff_id`) VALUES (\'27\', \'27\', \'jeaers\', \'\', \'tajanlangit\', \'Parent\', \'QR\', \'1\')')
 3 SYSTEMPATH\Database\BaseConnection.php(825): CodeIgniter\Database\BaseConnection->simpleQuery('INSERT INTO `fetch_logs` (`student_id`, `parent_id`, `fetcher_fname`, `fetcher_mname`, `fetcher_lname`, `fetcher_relation`, `method`, `staff_id`) VALUES (\'27\', \'27\', \'jeaers\', \'\', \'tajanlangit\', \'Parent\', \'QR\', \'1\')')
 4 SYSTEMPATH\Database\BaseBuilder.php(2343): CodeIgniter\Database\BaseConnection->query('INSERT INTO `fetch_logs` (`student_id`, `parent_id`, `fetcher_fname`, `fetcher_mname`, `fetcher_lname`, `fetcher_relation`, `method`, `staff_id`) VALUES (:student_id:, :parent_id:, :fetcher_fname:, :fetcher_mname:, :fetcher_lname:, :fetcher_relation:, :method:, :staff_id:)', [...], false)
 5 APPPATH\Controllers\Scan.php(95): CodeIgniter\Database\BaseBuilder->insert([...])
 6 SYSTEMPATH\CodeIgniter.php(974): App\Controllers\Scan->release()
 7 SYSTEMPATH\CodeIgniter.php(520): CodeIgniter\CodeIgniter->runController(Object(App\Controllers\Scan))
 8 SYSTEMPATH\CodeIgniter.php(363): CodeIgniter\CodeIgniter->handleRequest(null, Object(Config\Cache), false)
 9 SYSTEMPATH\Boot.php(417): CodeIgniter\CodeIgniter->run()
10 SYSTEMPATH\Boot.php(68): CodeIgniter\Boot::runCodeIgniter(Object(CodeIgniter\CodeIgniter))
11 FCPATH\index.php(59): CodeIgniter\Boot::bootWeb(Object(Config\Paths))
12 SYSTEMPATH\rewrite.php(44): require_once('C:\\xampp\\htdocs\\scan2fetch\\public\\index.php')
DEBUG - 2026-06-09 12:19:23 --> Session: Class initialized using 'CodeIgniter\Session\Handlers\FileHandler' driver.
ERROR - 2026-06-09 12:19:23 --> Cannot add or update a child row: a foreign key constraint fails (`scan2fetch`.`fetch_logs`, CONSTRAINT `fetch_logs_ibfk_4` FOREIGN KEY (`staff_id`) REFERENCES `staffs` (`id`) ON DELETE CASCADE)
in SYSTEMPATH\Database\MySQLi\Connection.php on line 300.
 1 SYSTEMPATH\Database\MySQLi\Connection.php(300): mysqli->query('INSERT INTO `fetch_logs` (`student_id`, `parent_id`, `fetcher_fname`, `fetcher_mname`, `fetcher_lname`, `fetcher_relation`, `method`, `staff_id`) VALUES (\'27\', \'27\', \'jeaers\', \'\', \'tajanlangit\', \'Parent\', \'QR\', \'1\')', 0)
 2 SYSTEMPATH\Database\BaseConnection.php(908): CodeIgniter\Database\MySQLi\Connection->execute('INSERT INTO `fetch_logs` (`student_id`, `parent_id`, `fetcher_fname`, `fetcher_mname`, `fetcher_lname`, `fetcher_relation`, `method`, `staff_id`) VALUES (\'27\', \'27\', \'jeaers\', \'\', \'tajanlangit\', \'Parent\', \'QR\', \'1\')')
 3 SYSTEMPATH\Database\BaseConnection.php(825): CodeIgniter\Database\BaseConnection->simpleQuery('INSERT INTO `fetch_logs` (`student_id`, `parent_id`, `fetcher_fname`, `fetcher_mname`, `fetcher_lname`, `fetcher_relation`, `method`, `staff_id`) VALUES (\'27\', \'27\', \'jeaers\', \'\', \'tajanlangit\', \'Parent\', \'QR\', \'1\')')
 4 SYSTEMPATH\Database\BaseBuilder.php(2343): CodeIgniter\Database\BaseConnection->query('INSERT INTO `fetch_logs` (`student_id`, `parent_id`, `fetcher_fname`, `fetcher_mname`, `fetcher_lname`, `fetcher_relation`, `method`, `staff_id`) VALUES (:student_id:, :parent_id:, :fetcher_fname:, :fetcher_mname:, :fetcher_lname:, :fetcher_relation:, :method:, :staff_id:)', [...], false)
 5 APPPATH\Controllers\Scan.php(95): CodeIgniter\Database\BaseBuilder->insert([...])
 6 SYSTEMPATH\CodeIgniter.php(974): App\Controllers\Scan->release()
 7 SYSTEMPATH\CodeIgniter.php(520): CodeIgniter\CodeIgniter->runController(Object(App\Controllers\Scan))
 8 SYSTEMPATH\CodeIgniter.php(363): CodeIgniter\CodeIgniter->handleRequest(null, Object(Config\Cache), false)
 9 SYSTEMPATH\Boot.php(417): CodeIgniter\CodeIgniter->run()
10 SYSTEMPATH\Boot.php(68): CodeIgniter\Boot::runCodeIgniter(Object(CodeIgniter\CodeIgniter))
11 FCPATH\index.php(59): CodeIgniter\Boot::bootWeb(Object(Config\Paths))
12 SYSTEMPATH\rewrite.php(44): require_once('C:\\xampp\\htdocs\\scan2fetch\\public\\index.php')
CRITICAL - 2026-06-09 12:19:23 --> CodeIgniter\Database\Exceptions\DatabaseException: Cannot add or update a child row: a foreign key constraint fails (`scan2fetch`.`fetch_logs`, CONSTRAINT `fetch_logs_ibfk_4` FOREIGN KEY (`staff_id`) REFERENCES `staffs` (`id`) ON DELETE CASCADE)
[Method: POST, Route: scan/release]
in SYSTEMPATH\Database\BaseConnection.php on line 863.
 1 SYSTEMPATH\Database\BaseBuilder.php(2343): CodeIgniter\Database\BaseConnection->query('INSERT INTO `fetch_logs` (`student_id`, `parent_id`, `fetcher_fname`, `fetcher_mname`, `fetcher_lname`, `fetcher_relation`, `method`, `staff_id`) VALUES (:student_id:, :parent_id:, :fetcher_fname:, :fetcher_mname:, :fetcher_lname:, :fetcher_relation:, :method:, :staff_id:)', [...], false)
 2 APPPATH\Controllers\Scan.php(95): CodeIgniter\Database\BaseBuilder->insert([...])
 3 SYSTEMPATH\CodeIgniter.php(974): App\Controllers\Scan->release()
 4 SYSTEMPATH\CodeIgniter.php(520): CodeIgniter\CodeIgniter->runController(Object(App\Controllers\Scan))
 5 SYSTEMPATH\CodeIgniter.php(363): CodeIgniter\CodeIgniter->handleRequest(null, Object(Config\Cache), false)
 6 SYSTEMPATH\Boot.php(417): CodeIgniter\CodeIgniter->run()
 7 SYSTEMPATH\Boot.php(68): CodeIgniter\Boot::runCodeIgniter(Object(CodeIgniter\CodeIgniter))
 8 FCPATH\index.php(59): CodeIgniter\Boot::bootWeb(Object(Config\Paths))
 9 SYSTEMPATH\rewrite.php(44): require_once('C:\\xampp\\htdocs\\scan2fetch\\public\\index.php')
CRITICAL - 2026-06-09 12:19:23 --> [Caused by] CodeIgniter\Database\Exceptions\DatabaseException: Cannot add or update a child row: a foreign key constraint fails (`scan2fetch`.`fetch_logs`, CONSTRAINT `fetch_logs_ibfk_4` FOREIGN KEY (`staff_id`) REFERENCES `staffs` (`id`) ON DELETE CASCADE)
in SYSTEMPATH\Database\MySQLi\Connection.php on line 310.
 1 SYSTEMPATH\Database\BaseConnection.php(908): CodeIgniter\Database\MySQLi\Connection->execute('INSERT INTO `fetch_logs` (`student_id`, `parent_id`, `fetcher_fname`, `fetcher_mname`, `fetcher_lname`, `fetcher_relation`, `method`, `staff_id`) VALUES (\'27\', \'27\', \'jeaers\', \'\', \'tajanlangit\', \'Parent\', \'QR\', \'1\')')
 2 SYSTEMPATH\Database\BaseConnection.php(825): CodeIgniter\Database\BaseConnection->simpleQuery('INSERT INTO `fetch_logs` (`student_id`, `parent_id`, `fetcher_fname`, `fetcher_mname`, `fetcher_lname`, `fetcher_relation`, `method`, `staff_id`) VALUES (\'27\', \'27\', \'jeaers\', \'\', \'tajanlangit\', \'Parent\', \'QR\', \'1\')')
 3 SYSTEMPATH\Database\BaseBuilder.php(2343): CodeIgniter\Database\BaseConnection->query('INSERT INTO `fetch_logs` (`student_id`, `parent_id`, `fetcher_fname`, `fetcher_mname`, `fetcher_lname`, `fetcher_relation`, `method`, `staff_id`) VALUES (:student_id:, :parent_id:, :fetcher_fname:, :fetcher_mname:, :fetcher_lname:, :fetcher_relation:, :method:, :staff_id:)', [...], false)
 4 APPPATH\Controllers\Scan.php(95): CodeIgniter\Database\BaseBuilder->insert([...])
 5 SYSTEMPATH\CodeIgniter.php(974): App\Controllers\Scan->release()
 6 SYSTEMPATH\CodeIgniter.php(520): CodeIgniter\CodeIgniter->runController(Object(App\Controllers\Scan))
 7 SYSTEMPATH\CodeIgniter.php(363): CodeIgniter\CodeIgniter->handleRequest(null, Object(Config\Cache), false)
 8 SYSTEMPATH\Boot.php(417): CodeIgniter\CodeIgniter->run()
 9 SYSTEMPATH\Boot.php(68): CodeIgniter\Boot::runCodeIgniter(Object(CodeIgniter\CodeIgniter))
10 FCPATH\index.php(59): CodeIgniter\Boot::bootWeb(Object(Config\Paths))
11 SYSTEMPATH\rewrite.php(44): require_once('C:\\xampp\\htdocs\\scan2fetch\\public\\index.php')
CRITICAL - 2026-06-09 12:19:23 --> [Caused by] mysqli_sql_exception: Cannot add or update a child row: a foreign key constraint fails (`scan2fetch`.`fetch_logs`, CONSTRAINT `fetch_logs_ibfk_4` FOREIGN KEY (`staff_id`) REFERENCES `staffs` (`id`) ON DELETE CASCADE)
in SYSTEMPATH\Database\MySQLi\Connection.php on line 300.
 1 SYSTEMPATH\Database\MySQLi\Connection.php(300): mysqli->query('INSERT INTO `fetch_logs` (`student_id`, `parent_id`, `fetcher_fname`, `fetcher_mname`, `fetcher_lname`, `fetcher_relation`, `method`, `staff_id`) VALUES (\'27\', \'27\', \'jeaers\', \'\', \'tajanlangit\', \'Parent\', \'QR\', \'1\')', 0)
 2 SYSTEMPATH\Database\BaseConnection.php(908): CodeIgniter\Database\MySQLi\Connection->execute('INSERT INTO `fetch_logs` (`student_id`, `parent_id`, `fetcher_fname`, `fetcher_mname`, `fetcher_lname`, `fetcher_relation`, `method`, `staff_id`) VALUES (\'27\', \'27\', \'jeaers\', \'\', \'tajanlangit\', \'Parent\', \'QR\', \'1\')')
 3 SYSTEMPATH\Database\BaseConnection.php(825): CodeIgniter\Database\BaseConnection->simpleQuery('INSERT INTO `fetch_logs` (`student_id`, `parent_id`, `fetcher_fname`, `fetcher_mname`, `fetcher_lname`, `fetcher_relation`, `method`, `staff_id`) VALUES (\'27\', \'27\', \'jeaers\', \'\', \'tajanlangit\', \'Parent\', \'QR\', \'1\')')
 4 SYSTEMPATH\Database\BaseBuilder.php(2343): CodeIgniter\Database\BaseConnection->query('INSERT INTO `fetch_logs` (`student_id`, `parent_id`, `fetcher_fname`, `fetcher_mname`, `fetcher_lname`, `fetcher_relation`, `method`, `staff_id`) VALUES (:student_id:, :parent_id:, :fetcher_fname:, :fetcher_mname:, :fetcher_lname:, :fetcher_relation:, :method:, :staff_id:)', [...], false)
 5 APPPATH\Controllers\Scan.php(95): CodeIgniter\Database\BaseBuilder->insert([...])
 6 SYSTEMPATH\CodeIgniter.php(974): App\Controllers\Scan->release()
 7 SYSTEMPATH\CodeIgniter.php(520): CodeIgniter\CodeIgniter->runController(Object(App\Controllers\Scan))
 8 SYSTEMPATH\CodeIgniter.php(363): CodeIgniter\CodeIgniter->handleRequest(null, Object(Config\Cache), false)
 9 SYSTEMPATH\Boot.php(417): CodeIgniter\CodeIgniter->run()
10 SYSTEMPATH\Boot.php(68): CodeIgniter\Boot::runCodeIgniter(Object(CodeIgniter\CodeIgniter))
11 FCPATH\index.php(59): CodeIgniter\Boot::bootWeb(Object(Config\Paths))
12 SYSTEMPATH\rewrite.php(44): require_once('C:\\xampp\\htdocs\\scan2fetch\\public\\index.php')
DEBUG - 2026-06-09 12:19:25 --> Session: Class initialized using 'CodeIgniter\Session\Handlers\FileHandler' driver.
ERROR - 2026-06-09 12:19:25 --> Cannot add or update a child row: a foreign key constraint fails (`scan2fetch`.`fetch_logs`, CONSTRAINT `fetch_logs_ibfk_4` FOREIGN KEY (`staff_id`) REFERENCES `staffs` (`id`) ON DELETE CASCADE)
in SYSTEMPATH\Database\MySQLi\Connection.php on line 300.
 1 SYSTEMPATH\Database\MySQLi\Connection.php(300): mysqli->query('INSERT INTO `fetch_logs` (`student_id`, `parent_id`, `fetcher_fname`, `fetcher_mname`, `fetcher_lname`, `fetcher_relation`, `method`, `staff_id`) VALUES (\'27\', \'27\', \'jeaers\', \'\', \'tajanlangit\', \'Parent\', \'QR\', \'1\')', 0)
 2 SYSTEMPATH\Database\BaseConnection.php(908): CodeIgniter\Database\MySQLi\Connection->execute('INSERT INTO `fetch_logs` (`student_id`, `parent_id`, `fetcher_fname`, `fetcher_mname`, `fetcher_lname`, `fetcher_relation`, `method`, `staff_id`) VALUES (\'27\', \'27\', \'jeaers\', \'\', \'tajanlangit\', \'Parent\', \'QR\', \'1\')')
 3 SYSTEMPATH\Database\BaseConnection.php(825): CodeIgniter\Database\BaseConnection->simpleQuery('INSERT INTO `fetch_logs` (`student_id`, `parent_id`, `fetcher_fname`, `fetcher_mname`, `fetcher_lname`, `fetcher_relation`, `method`, `staff_id`) VALUES (\'27\', \'27\', \'jeaers\', \'\', \'tajanlangit\', \'Parent\', \'QR\', \'1\')')
 4 SYSTEMPATH\Database\BaseBuilder.php(2343): CodeIgniter\Database\BaseConnection->query('INSERT INTO `fetch_logs` (`student_id`, `parent_id`, `fetcher_fname`, `fetcher_mname`, `fetcher_lname`, `fetcher_relation`, `method`, `staff_id`) VALUES (:student_id:, :parent_id:, :fetcher_fname:, :fetcher_mname:, :fetcher_lname:, :fetcher_relation:, :method:, :staff_id:)', [...], false)
 5 APPPATH\Controllers\Scan.php(95): CodeIgniter\Database\BaseBuilder->insert([...])
 6 SYSTEMPATH\CodeIgniter.php(974): App\Controllers\Scan->release()
 7 SYSTEMPATH\CodeIgniter.php(520): CodeIgniter\CodeIgniter->runController(Object(App\Controllers\Scan))
 8 SYSTEMPATH\CodeIgniter.php(363): CodeIgniter\CodeIgniter->handleRequest(null, Object(Config\Cache), false)
 9 SYSTEMPATH\Boot.php(417): CodeIgniter\CodeIgniter->run()
10 SYSTEMPATH\Boot.php(68): CodeIgniter\Boot::runCodeIgniter(Object(CodeIgniter\CodeIgniter))
11 FCPATH\index.php(59): CodeIgniter\Boot::bootWeb(Object(Config\Paths))
12 SYSTEMPATH\rewrite.php(44): require_once('C:\\xampp\\htdocs\\scan2fetch\\public\\index.php')
CRITICAL - 2026-06-09 12:19:25 --> CodeIgniter\Database\Exceptions\DatabaseException: Cannot add or update a child row: a foreign key constraint fails (`scan2fetch`.`fetch_logs`, CONSTRAINT `fetch_logs_ibfk_4` FOREIGN KEY (`staff_id`) REFERENCES `staffs` (`id`) ON DELETE CASCADE)
[Method: POST, Route: scan/release]
in SYSTEMPATH\Database\BaseConnection.php on line 863.
 1 SYSTEMPATH\Database\BaseBuilder.php(2343): CodeIgniter\Database\BaseConnection->query('INSERT INTO `fetch_logs` (`student_id`, `parent_id`, `fetcher_fname`, `fetcher_mname`, `fetcher_lname`, `fetcher_relation`, `method`, `staff_id`) VALUES (:student_id:, :parent_id:, :fetcher_fname:, :fetcher_mname:, :fetcher_lname:, :fetcher_relation:, :method:, :staff_id:)', [...], false)
 2 APPPATH\Controllers\Scan.php(95): CodeIgniter\Database\BaseBuilder->insert([...])
 3 SYSTEMPATH\CodeIgniter.php(974): App\Controllers\Scan->release()
 4 SYSTEMPATH\CodeIgniter.php(520): CodeIgniter\CodeIgniter->runController(Object(App\Controllers\Scan))
 5 SYSTEMPATH\CodeIgniter.php(363): CodeIgniter\CodeIgniter->handleRequest(null, Object(Config\Cache), false)
 6 SYSTEMPATH\Boot.php(417): CodeIgniter\CodeIgniter->run()
 7 SYSTEMPATH\Boot.php(68): CodeIgniter\Boot::runCodeIgniter(Object(CodeIgniter\CodeIgniter))
 8 FCPATH\index.php(59): CodeIgniter\Boot::bootWeb(Object(Config\Paths))
 9 SYSTEMPATH\rewrite.php(44): require_once('C:\\xampp\\htdocs\\scan2fetch\\public\\index.php')
CRITICAL - 2026-06-09 12:19:25 --> [Caused by] CodeIgniter\Database\Exceptions\DatabaseException: Cannot add or update a child row: a foreign key constraint fails (`scan2fetch`.`fetch_logs`, CONSTRAINT `fetch_logs_ibfk_4` FOREIGN KEY (`staff_id`) REFERENCES `staffs` (`id`) ON DELETE CASCADE)
in SYSTEMPATH\Database\MySQLi\Connection.php on line 310.
 1 SYSTEMPATH\Database\BaseConnection.php(908): CodeIgniter\Database\MySQLi\Connection->execute('INSERT INTO `fetch_logs` (`student_id`, `parent_id`, `fetcher_fname`, `fetcher_mname`, `fetcher_lname`, `fetcher_relation`, `method`, `staff_id`) VALUES (\'27\', \'27\', \'jeaers\', \'\', \'tajanlangit\', \'Parent\', \'QR\', \'1\')')
 2 SYSTEMPATH\Database\BaseConnection.php(825): CodeIgniter\Database\BaseConnection->simpleQuery('INSERT INTO `fetch_logs` (`student_id`, `parent_id`, `fetcher_fname`, `fetcher_mname`, `fetcher_lname`, `fetcher_relation`, `method`, `staff_id`) VALUES (\'27\', \'27\', \'jeaers\', \'\', \'tajanlangit\', \'Parent\', \'QR\', \'1\')')
 3 SYSTEMPATH\Database\BaseBuilder.php(2343): CodeIgniter\Database\BaseConnection->query('INSERT INTO `fetch_logs` (`student_id`, `parent_id`, `fetcher_fname`, `fetcher_mname`, `fetcher_lname`, `fetcher_relation`, `method`, `staff_id`) VALUES (:student_id:, :parent_id:, :fetcher_fname:, :fetcher_mname:, :fetcher_lname:, :fetcher_relation:, :method:, :staff_id:)', [...], false)
 4 APPPATH\Controllers\Scan.php(95): CodeIgniter\Database\BaseBuilder->insert([...])
 5 SYSTEMPATH\CodeIgniter.php(974): App\Controllers\Scan->release()
 6 SYSTEMPATH\CodeIgniter.php(520): CodeIgniter\CodeIgniter->runController(Object(App\Controllers\Scan))
 7 SYSTEMPATH\CodeIgniter.php(363): CodeIgniter\CodeIgniter->handleRequest(null, Object(Config\Cache), false)
 8 SYSTEMPATH\Boot.php(417): CodeIgniter\CodeIgniter->run()
 9 SYSTEMPATH\Boot.php(68): CodeIgniter\Boot::runCodeIgniter(Object(CodeIgniter\CodeIgniter))
10 FCPATH\index.php(59): CodeIgniter\Boot::bootWeb(Object(Config\Paths))
11 SYSTEMPATH\rewrite.php(44): require_once('C:\\xampp\\htdocs\\scan2fetch\\public\\index.php')
CRITICAL - 2026-06-09 12:19:25 --> [Caused by] mysqli_sql_exception: Cannot add or update a child row: a foreign key constraint fails (`scan2fetch`.`fetch_logs`, CONSTRAINT `fetch_logs_ibfk_4` FOREIGN KEY (`staff_id`) REFERENCES `staffs` (`id`) ON DELETE CASCADE)
in SYSTEMPATH\Database\MySQLi\Connection.php on line 300.
 1 SYSTEMPATH\Database\MySQLi\Connection.php(300): mysqli->query('INSERT INTO `fetch_logs` (`student_id`, `parent_id`, `fetcher_fname`, `fetcher_mname`, `fetcher_lname`, `fetcher_relation`, `method`, `staff_id`) VALUES (\'27\', \'27\', \'jeaers\', \'\', \'tajanlangit\', \'Parent\', \'QR\', \'1\')', 0)
 2 SYSTEMPATH\Database\BaseConnection.php(908): CodeIgniter\Database\MySQLi\Connection->execute('INSERT INTO `fetch_logs` (`student_id`, `parent_id`, `fetcher_fname`, `fetcher_mname`, `fetcher_lname`, `fetcher_relation`, `method`, `staff_id`) VALUES (\'27\', \'27\', \'jeaers\', \'\', \'tajanlangit\', \'Parent\', \'QR\', \'1\')')
 3 SYSTEMPATH\Database\BaseConnection.php(825): CodeIgniter\Database\BaseConnection->simpleQuery('INSERT INTO `fetch_logs` (`student_id`, `parent_id`, `fetcher_fname`, `fetcher_mname`, `fetcher_lname`, `fetcher_relation`, `method`, `staff_id`) VALUES (\'27\', \'27\', \'jeaers\', \'\', \'tajanlangit\', \'Parent\', \'QR\', \'1\')')
 4 SYSTEMPATH\Database\BaseBuilder.php(2343): CodeIgniter\Database\BaseConnection->query('INSERT INTO `fetch_logs` (`student_id`, `parent_id`, `fetcher_fname`, `fetcher_mname`, `fetcher_lname`, `fetcher_relation`, `method`, `staff_id`) VALUES (:student_id:, :parent_id:, :fetcher_fname:, :fetcher_mname:, :fetcher_lname:, :fetcher_relation:, :method:, :staff_id:)', [...], false)
 5 APPPATH\Controllers\Scan.php(95): CodeIgniter\Database\BaseBuilder->insert([...])
 6 SYSTEMPATH\CodeIgniter.php(974): App\Controllers\Scan->release()
 7 SYSTEMPATH\CodeIgniter.php(520): CodeIgniter\CodeIgniter->runController(Object(App\Controllers\Scan))
 8 SYSTEMPATH\CodeIgniter.php(363): CodeIgniter\CodeIgniter->handleRequest(null, Object(Config\Cache), false)
 9 SYSTEMPATH\Boot.php(417): CodeIgniter\CodeIgniter->run()
10 SYSTEMPATH\Boot.php(68): CodeIgniter\Boot::runCodeIgniter(Object(CodeIgniter\CodeIgniter))
11 FCPATH\index.php(59): CodeIgniter\Boot::bootWeb(Object(Config\Paths))
12 SYSTEMPATH\rewrite.php(44): require_once('C:\\xampp\\htdocs\\scan2fetch\\public\\index.php')
DEBUG - 2026-06-09 12:19:33 --> Session: Class initialized using 'CodeIgniter\Session\Handlers\FileHandler' driver.
DEBUG - 2026-06-09 12:19:59 --> Session: Class initialized using 'CodeIgniter\Session\Handlers\FileHandler' driver.
DEBUG - 2026-06-09 12:20:09 --> Session: Class initialized using 'CodeIgniter\Session\Handlers\FileHandler' driver.
DEBUG - 2026-06-09 12:20:10 --> Session: Class initialized using 'CodeIgniter\Session\Handlers\FileHandler' driver.
DEBUG - 2026-06-09 12:20:14 --> Session: Class initialized using 'CodeIgniter\Session\Handlers\FileHandler' driver.
DEBUG - 2026-06-09 12:20:53 --> Session: Class initialized using 'CodeIgniter\Session\Handlers\FileHandler' driver.
DEBUG - 2026-06-09 12:21:25 --> Session: Class initialized using 'CodeIgniter\Session\Handlers\FileHandler' driver.
DEBUG - 2026-06-09 12:25:14 --> Session: Class initialized using 'CodeIgniter\Session\Handlers\FileHandler' driver.
DEBUG - 2026-06-09 12:25:25 --> Session: Class initialized using 'CodeIgniter\Session\Handlers\FileHandler' driver.
ERROR - 2026-06-09 12:25:25 --> Cannot add or update a child row: a foreign key constraint fails (`scan2fetch`.`fetch_logs`, CONSTRAINT `fetch_logs_ibfk_4` FOREIGN KEY (`staff_id`) REFERENCES `staffs` (`id`) ON DELETE CASCADE)
in SYSTEMPATH\Database\MySQLi\Connection.php on line 300.
 1 SYSTEMPATH\Database\MySQLi\Connection.php(300): mysqli->query('INSERT INTO `fetch_logs` (`student_id`, `parent_id`, `fetcher_fname`, `fetcher_mname`, `fetcher_lname`, `fetcher_relation`, `method`, `staff_id`, `time_released`) VALUES (\'27\', \'27\', \'jeaers\', \'\', \'tajanlangit\', \'Parent\', \'QR\', \'1\', \'2026-06-09 12:25:25\')', 0)
 2 SYSTEMPATH\Database\BaseConnection.php(908): CodeIgniter\Database\MySQLi\Connection->execute('INSERT INTO `fetch_logs` (`student_id`, `parent_id`, `fetcher_fname`, `fetcher_mname`, `fetcher_lname`, `fetcher_relation`, `method`, `staff_id`, `time_released`) VALUES (\'27\', \'27\', \'jeaers\', \'\', \'tajanlangit\', \'Parent\', \'QR\', \'1\', \'2026-06-09 12:25:25\')')
 3 SYSTEMPATH\Database\BaseConnection.php(825): CodeIgniter\Database\BaseConnection->simpleQuery('INSERT INTO `fetch_logs` (`student_id`, `parent_id`, `fetcher_fname`, `fetcher_mname`, `fetcher_lname`, `fetcher_relation`, `method`, `staff_id`, `time_released`) VALUES (\'27\', \'27\', \'jeaers\', \'\', \'tajanlangit\', \'Parent\', \'QR\', \'1\', \'2026-06-09 12:25:25\')')
 4 SYSTEMPATH\Database\BaseBuilder.php(2343): CodeIgniter\Database\BaseConnection->query('INSERT INTO `fetch_logs` (`student_id`, `parent_id`, `fetcher_fname`, `fetcher_mname`, `fetcher_lname`, `fetcher_relation`, `method`, `staff_id`, `time_released`) VALUES (:student_id:, :parent_id:, :fetcher_fname:, :fetcher_mname:, :fetcher_lname:, :fetcher_relation:, :method:, :staff_id:, :time_released:)', [...], false)
 5 SYSTEMPATH\Model.php(357): CodeIgniter\Database\BaseBuilder->insert()
 6 SYSTEMPATH\BaseModel.php(899): CodeIgniter\Model->doInsert([...])
 7 SYSTEMPATH\Model.php(670): CodeIgniter\BaseModel->insert([...], true)
 8 APPPATH\Controllers\Scan.php(133): CodeIgniter\Model->insert([...])
 9 SYSTEMPATH\CodeIgniter.php(974): App\Controllers\Scan->release()
10 SYSTEMPATH\CodeIgniter.php(520): CodeIgniter\CodeIgniter->runController(Object(App\Controllers\Scan))
11 SYSTEMPATH\CodeIgniter.php(363): CodeIgniter\CodeIgniter->handleRequest(null, Object(Config\Cache), false)
12 SYSTEMPATH\Boot.php(417): CodeIgniter\CodeIgniter->run()
13 SYSTEMPATH\Boot.php(68): CodeIgniter\Boot::runCodeIgniter(Object(CodeIgniter\CodeIgniter))
14 FCPATH\index.php(59): CodeIgniter\Boot::bootWeb(Object(Config\Paths))
15 SYSTEMPATH\rewrite.php(44): require_once('C:\\xampp\\htdocs\\scan2fetch\\public\\index.php')
CRITICAL - 2026-06-09 12:25:25 --> CodeIgniter\Database\Exceptions\DatabaseException: Cannot add or update a child row: a foreign key constraint fails (`scan2fetch`.`fetch_logs`, CONSTRAINT `fetch_logs_ibfk_4` FOREIGN KEY (`staff_id`) REFERENCES `staffs` (`id`) ON DELETE CASCADE)
[Method: POST, Route: scan/release]
in SYSTEMPATH\Database\BaseConnection.php on line 863.
 1 SYSTEMPATH\Database\BaseBuilder.php(2343): CodeIgniter\Database\BaseConnection->query('INSERT INTO `fetch_logs` (`student_id`, `parent_id`, `fetcher_fname`, `fetcher_mname`, `fetcher_lname`, `fetcher_relation`, `method`, `staff_id`, `time_released`) VALUES (:student_id:, :parent_id:, :fetcher_fname:, :fetcher_mname:, :fetcher_lname:, :fetcher_relation:, :method:, :staff_id:, :time_released:)', [...], false)
 2 SYSTEMPATH\Model.php(357): CodeIgniter\Database\BaseBuilder->insert()
 3 SYSTEMPATH\BaseModel.php(899): CodeIgniter\Model->doInsert([...])
 4 SYSTEMPATH\Model.php(670): CodeIgniter\BaseModel->insert([...], true)
 5 APPPATH\Controllers\Scan.php(133): CodeIgniter\Model->insert([...])
 6 SYSTEMPATH\CodeIgniter.php(974): App\Controllers\Scan->release()
 7 SYSTEMPATH\CodeIgniter.php(520): CodeIgniter\CodeIgniter->runController(Object(App\Controllers\Scan))
 8 SYSTEMPATH\CodeIgniter.php(363): CodeIgniter\CodeIgniter->handleRequest(null, Object(Config\Cache), false)
 9 SYSTEMPATH\Boot.php(417): CodeIgniter\CodeIgniter->run()
10 SYSTEMPATH\Boot.php(68): CodeIgniter\Boot::runCodeIgniter(Object(CodeIgniter\CodeIgniter))
11 FCPATH\index.php(59): CodeIgniter\Boot::bootWeb(Object(Config\Paths))
12 SYSTEMPATH\rewrite.php(44): require_once('C:\\xampp\\htdocs\\scan2fetch\\public\\index.php')
CRITICAL - 2026-06-09 12:25:25 --> [Caused by] CodeIgniter\Database\Exceptions\DatabaseException: Cannot add or update a child row: a foreign key constraint fails (`scan2fetch`.`fetch_logs`, CONSTRAINT `fetch_logs_ibfk_4` FOREIGN KEY (`staff_id`) REFERENCES `staffs` (`id`) ON DELETE CASCADE)
in SYSTEMPATH\Database\MySQLi\Connection.php on line 310.
 1 SYSTEMPATH\Database\BaseConnection.php(908): CodeIgniter\Database\MySQLi\Connection->execute('INSERT INTO `fetch_logs` (`student_id`, `parent_id`, `fetcher_fname`, `fetcher_mname`, `fetcher_lname`, `fetcher_relation`, `method`, `staff_id`, `time_released`) VALUES (\'27\', \'27\', \'jeaers\', \'\', \'tajanlangit\', \'Parent\', \'QR\', \'1\', \'2026-06-09 12:25:25\')')
 2 SYSTEMPATH\Database\BaseConnection.php(825): CodeIgniter\Database\BaseConnection->simpleQuery('INSERT INTO `fetch_logs` (`student_id`, `parent_id`, `fetcher_fname`, `fetcher_mname`, `fetcher_lname`, `fetcher_relation`, `method`, `staff_id`, `time_released`) VALUES (\'27\', \'27\', \'jeaers\', \'\', \'tajanlangit\', \'Parent\', \'QR\', \'1\', \'2026-06-09 12:25:25\')')
 3 SYSTEMPATH\Database\BaseBuilder.php(2343): CodeIgniter\Database\BaseConnection->query('INSERT INTO `fetch_logs` (`student_id`, `parent_id`, `fetcher_fname`, `fetcher_mname`, `fetcher_lname`, `fetcher_relation`, `method`, `staff_id`, `time_released`) VALUES (:student_id:, :parent_id:, :fetcher_fname:, :fetcher_mname:, :fetcher_lname:, :fetcher_relation:, :method:, :staff_id:, :time_released:)', [...], false)
 4 SYSTEMPATH\Model.php(357): CodeIgniter\Database\BaseBuilder->insert()
 5 SYSTEMPATH\BaseModel.php(899): CodeIgniter\Model->doInsert([...])
 6 SYSTEMPATH\Model.php(670): CodeIgniter\BaseModel->insert([...], true)
 7 APPPATH\Controllers\Scan.php(133): CodeIgniter\Model->insert([...])
 8 SYSTEMPATH\CodeIgniter.php(974): App\Controllers\Scan->release()
 9 SYSTEMPATH\CodeIgniter.php(520): CodeIgniter\CodeIgniter->runController(Object(App\Controllers\Scan))
10 SYSTEMPATH\CodeIgniter.php(363): CodeIgniter\CodeIgniter->handleRequest(null, Object(Config\Cache), false)
11 SYSTEMPATH\Boot.php(417): CodeIgniter\CodeIgniter->run()
12 SYSTEMPATH\Boot.php(68): CodeIgniter\Boot::runCodeIgniter(Object(CodeIgniter\CodeIgniter))
13 FCPATH\index.php(59): CodeIgniter\Boot::bootWeb(Object(Config\Paths))
14 SYSTEMPATH\rewrite.php(44): require_once('C:\\xampp\\htdocs\\scan2fetch\\public\\index.php')
CRITICAL - 2026-06-09 12:25:25 --> [Caused by] mysqli_sql_exception: Cannot add or update a child row: a foreign key constraint fails (`scan2fetch`.`fetch_logs`, CONSTRAINT `fetch_logs_ibfk_4` FOREIGN KEY (`staff_id`) REFERENCES `staffs` (`id`) ON DELETE CASCADE)
in SYSTEMPATH\Database\MySQLi\Connection.php on line 300.
 1 SYSTEMPATH\Database\MySQLi\Connection.php(300): mysqli->query('INSERT INTO `fetch_logs` (`student_id`, `parent_id`, `fetcher_fname`, `fetcher_mname`, `fetcher_lname`, `fetcher_relation`, `method`, `staff_id`, `time_released`) VALUES (\'27\', \'27\', \'jeaers\', \'\', \'tajanlangit\', \'Parent\', \'QR\', \'1\', \'2026-06-09 12:25:25\')', 0)
 2 SYSTEMPATH\Database\BaseConnection.php(908): CodeIgniter\Database\MySQLi\Connection->execute('INSERT INTO `fetch_logs` (`student_id`, `parent_id`, `fetcher_fname`, `fetcher_mname`, `fetcher_lname`, `fetcher_relation`, `method`, `staff_id`, `time_released`) VALUES (\'27\', \'27\', \'jeaers\', \'\', \'tajanlangit\', \'Parent\', \'QR\', \'1\', \'2026-06-09 12:25:25\')')
 3 SYSTEMPATH\Database\BaseConnection.php(825): CodeIgniter\Database\BaseConnection->simpleQuery('INSERT INTO `fetch_logs` (`student_id`, `parent_id`, `fetcher_fname`, `fetcher_mname`, `fetcher_lname`, `fetcher_relation`, `method`, `staff_id`, `time_released`) VALUES (\'27\', \'27\', \'jeaers\', \'\', \'tajanlangit\', \'Parent\', \'QR\', \'1\', \'2026-06-09 12:25:25\')')
 4 SYSTEMPATH\Database\BaseBuilder.php(2343): CodeIgniter\Database\BaseConnection->query('INSERT INTO `fetch_logs` (`student_id`, `parent_id`, `fetcher_fname`, `fetcher_mname`, `fetcher_lname`, `fetcher_relation`, `method`, `staff_id`, `time_released`) VALUES (:student_id:, :parent_id:, :fetcher_fname:, :fetcher_mname:, :fetcher_lname:, :fetcher_relation:, :method:, :staff_id:, :time_released:)', [...], false)
 5 SYSTEMPATH\Model.php(357): CodeIgniter\Database\BaseBuilder->insert()
 6 SYSTEMPATH\BaseModel.php(899): CodeIgniter\Model->doInsert([...])
 7 SYSTEMPATH\Model.php(670): CodeIgniter\BaseModel->insert([...], true)
 8 APPPATH\Controllers\Scan.php(133): CodeIgniter\Model->insert([...])
 9 SYSTEMPATH\CodeIgniter.php(974): App\Controllers\Scan->release()
10 SYSTEMPATH\CodeIgniter.php(520): CodeIgniter\CodeIgniter->runController(Object(App\Controllers\Scan))
11 SYSTEMPATH\CodeIgniter.php(363): CodeIgniter\CodeIgniter->handleRequest(null, Object(Config\Cache), false)
12 SYSTEMPATH\Boot.php(417): CodeIgniter\CodeIgniter->run()
13 SYSTEMPATH\Boot.php(68): CodeIgniter\Boot::runCodeIgniter(Object(CodeIgniter\CodeIgniter))
14 FCPATH\index.php(59): CodeIgniter\Boot::bootWeb(Object(Config\Paths))
15 SYSTEMPATH\rewrite.php(44): require_once('C:\\xampp\\htdocs\\scan2fetch\\public\\index.php')
DEBUG - 2026-06-09 12:25:28 --> Session: Class initialized using 'CodeIgniter\Session\Handlers\FileHandler' driver.
DEBUG - 2026-06-09 12:25:34 --> Session: Class initialized using 'CodeIgniter\Session\Handlers\FileHandler' driver.
DEBUG - 2026-06-09 12:25:38 --> Session: Class initialized using 'CodeIgniter\Session\Handlers\FileHandler' driver.
DEBUG - 2026-06-09 12:25:39 --> Session: Class initialized using 'CodeIgniter\Session\Handlers\FileHandler' driver.
DEBUG - 2026-06-09 12:25:41 --> Session: Class initialized using 'CodeIgniter\Session\Handlers\FileHandler' driver.
DEBUG - 2026-06-09 12:25:45 --> Session: Class initialized using 'CodeIgniter\Session\Handlers\FileHandler' driver.
DEBUG - 2026-06-09 12:26:10 --> Session: Class initialized using 'CodeIgniter\Session\Handlers\FileHandler' driver.
DEBUG - 2026-06-09 12:26:20 --> Session: Class initialized using 'CodeIgniter\Session\Handlers\FileHandler' driver.
DEBUG - 2026-06-09 12:26:34 --> Session: Class initialized using 'CodeIgniter\Session\Handlers\FileHandler' driver.
DEBUG - 2026-06-09 12:26:44 --> Session: Class initialized using 'CodeIgniter\Session\Handlers\FileHandler' driver.
ERROR - 2026-06-09 12:26:44 --> Cannot add or update a child row: a foreign key constraint fails (`scan2fetch`.`fetch_logs`, CONSTRAINT `fetch_logs_ibfk_4` FOREIGN KEY (`staff_id`) REFERENCES `staffs` (`id`) ON DELETE CASCADE)
in SYSTEMPATH\Database\MySQLi\Connection.php on line 300.
 1 SYSTEMPATH\Database\MySQLi\Connection.php(300): mysqli->query('INSERT INTO `fetch_logs` (`student_id`, `parent_id`, `fetcher_fname`, `fetcher_mname`, `fetcher_lname`, `fetcher_relation`, `method`, `staff_id`, `time_released`) VALUES (\'27\', \'27\', \'jeaers\', \'\', \'tajanlangit\', \'Parent\', \'QR\', \'1\', \'2026-06-09 12:26:44\')', 0)
 2 SYSTEMPATH\Database\BaseConnection.php(908): CodeIgniter\Database\MySQLi\Connection->execute('INSERT INTO `fetch_logs` (`student_id`, `parent_id`, `fetcher_fname`, `fetcher_mname`, `fetcher_lname`, `fetcher_relation`, `method`, `staff_id`, `time_released`) VALUES (\'27\', \'27\', \'jeaers\', \'\', \'tajanlangit\', \'Parent\', \'QR\', \'1\', \'2026-06-09 12:26:44\')')
 3 SYSTEMPATH\Database\BaseConnection.php(825): CodeIgniter\Database\BaseConnection->simpleQuery('INSERT INTO `fetch_logs` (`student_id`, `parent_id`, `fetcher_fname`, `fetcher_mname`, `fetcher_lname`, `fetcher_relation`, `method`, `staff_id`, `time_released`) VALUES (\'27\', \'27\', \'jeaers\', \'\', \'tajanlangit\', \'Parent\', \'QR\', \'1\', \'2026-06-09 12:26:44\')')
 4 SYSTEMPATH\Database\BaseBuilder.php(2343): CodeIgniter\Database\BaseConnection->query('INSERT INTO `fetch_logs` (`student_id`, `parent_id`, `fetcher_fname`, `fetcher_mname`, `fetcher_lname`, `fetcher_relation`, `method`, `staff_id`, `time_released`) VALUES (:student_id:, :parent_id:, :fetcher_fname:, :fetcher_mname:, :fetcher_lname:, :fetcher_relation:, :method:, :staff_id:, :time_released:)', [...], false)
 5 SYSTEMPATH\Model.php(357): CodeIgniter\Database\BaseBuilder->insert()
 6 SYSTEMPATH\BaseModel.php(899): CodeIgniter\Model->doInsert([...])
 7 SYSTEMPATH\Model.php(670): CodeIgniter\BaseModel->insert([...], true)
 8 APPPATH\Controllers\Scan.php(116): CodeIgniter\Model->insert([...])
 9 SYSTEMPATH\CodeIgniter.php(974): App\Controllers\Scan->release()
10 SYSTEMPATH\CodeIgniter.php(520): CodeIgniter\CodeIgniter->runController(Object(App\Controllers\Scan))
11 SYSTEMPATH\CodeIgniter.php(363): CodeIgniter\CodeIgniter->handleRequest(null, Object(Config\Cache), false)
12 SYSTEMPATH\Boot.php(417): CodeIgniter\CodeIgniter->run()
13 SYSTEMPATH\Boot.php(68): CodeIgniter\Boot::runCodeIgniter(Object(CodeIgniter\CodeIgniter))
14 FCPATH\index.php(59): CodeIgniter\Boot::bootWeb(Object(Config\Paths))
15 SYSTEMPATH\rewrite.php(44): require_once('C:\\xampp\\htdocs\\scan2fetch\\public\\index.php')
CRITICAL - 2026-06-09 12:26:44 --> CodeIgniter\Database\Exceptions\DatabaseException: Cannot add or update a child row: a foreign key constraint fails (`scan2fetch`.`fetch_logs`, CONSTRAINT `fetch_logs_ibfk_4` FOREIGN KEY (`staff_id`) REFERENCES `staffs` (`id`) ON DELETE CASCADE)
[Method: POST, Route: scan/release]
in SYSTEMPATH\Database\BaseConnection.php on line 863.
 1 SYSTEMPATH\Database\BaseBuilder.php(2343): CodeIgniter\Database\BaseConnection->query('INSERT INTO `fetch_logs` (`student_id`, `parent_id`, `fetcher_fname`, `fetcher_mname`, `fetcher_lname`, `fetcher_relation`, `method`, `staff_id`, `time_released`) VALUES (:student_id:, :parent_id:, :fetcher_fname:, :fetcher_mname:, :fetcher_lname:, :fetcher_relation:, :method:, :staff_id:, :time_released:)', [...], false)
 2 SYSTEMPATH\Model.php(357): CodeIgniter\Database\BaseBuilder->insert()
 3 SYSTEMPATH\BaseModel.php(899): CodeIgniter\Model->doInsert([...])
 4 SYSTEMPATH\Model.php(670): CodeIgniter\BaseModel->insert([...], true)
 5 APPPATH\Controllers\Scan.php(116): CodeIgniter\Model->insert([...])
 6 SYSTEMPATH\CodeIgniter.php(974): App\Controllers\Scan->release()
 7 SYSTEMPATH\CodeIgniter.php(520): CodeIgniter\CodeIgniter->runController(Object(App\Controllers\Scan))
 8 SYSTEMPATH\CodeIgniter.php(363): CodeIgniter\CodeIgniter->handleRequest(null, Object(Config\Cache), false)
 9 SYSTEMPATH\Boot.php(417): CodeIgniter\CodeIgniter->run()
10 SYSTEMPATH\Boot.php(68): CodeIgniter\Boot::runCodeIgniter(Object(CodeIgniter\CodeIgniter))
11 FCPATH\index.php(59): CodeIgniter\Boot::bootWeb(Object(Config\Paths))
12 SYSTEMPATH\rewrite.php(44): require_once('C:\\xampp\\htdocs\\scan2fetch\\public\\index.php')
CRITICAL - 2026-06-09 12:26:44 --> [Caused by] CodeIgniter\Database\Exceptions\DatabaseException: Cannot add or update a child row: a foreign key constraint fails (`scan2fetch`.`fetch_logs`, CONSTRAINT `fetch_logs_ibfk_4` FOREIGN KEY (`staff_id`) REFERENCES `staffs` (`id`) ON DELETE CASCADE)
in SYSTEMPATH\Database\MySQLi\Connection.php on line 310.
 1 SYSTEMPATH\Database\BaseConnection.php(908): CodeIgniter\Database\MySQLi\Connection->execute('INSERT INTO `fetch_logs` (`student_id`, `parent_id`, `fetcher_fname`, `fetcher_mname`, `fetcher_lname`, `fetcher_relation`, `method`, `staff_id`, `time_released`) VALUES (\'27\', \'27\', \'jeaers\', \'\', \'tajanlangit\', \'Parent\', \'QR\', \'1\', \'2026-06-09 12:26:44\')')
 2 SYSTEMPATH\Database\BaseConnection.php(825): CodeIgniter\Database\BaseConnection->simpleQuery('INSERT INTO `fetch_logs` (`student_id`, `parent_id`, `fetcher_fname`, `fetcher_mname`, `fetcher_lname`, `fetcher_relation`, `method`, `staff_id`, `time_released`) VALUES (\'27\', \'27\', \'jeaers\', \'\', \'tajanlangit\', \'Parent\', \'QR\', \'1\', \'2026-06-09 12:26:44\')')
 3 SYSTEMPATH\Database\BaseBuilder.php(2343): CodeIgniter\Database\BaseConnection->query('INSERT INTO `fetch_logs` (`student_id`, `parent_id`, `fetcher_fname`, `fetcher_mname`, `fetcher_lname`, `fetcher_relation`, `method`, `staff_id`, `time_released`) VALUES (:student_id:, :parent_id:, :fetcher_fname:, :fetcher_mname:, :fetcher_lname:, :fetcher_relation:, :method:, :staff_id:, :time_released:)', [...], false)
 4 SYSTEMPATH\Model.php(357): CodeIgniter\Database\BaseBuilder->insert()
 5 SYSTEMPATH\BaseModel.php(899): CodeIgniter\Model->doInsert([...])
 6 SYSTEMPATH\Model.php(670): CodeIgniter\BaseModel->insert([...], true)
 7 APPPATH\Controllers\Scan.php(116): CodeIgniter\Model->insert([...])
 8 SYSTEMPATH\CodeIgniter.php(974): App\Controllers\Scan->release()
 9 SYSTEMPATH\CodeIgniter.php(520): CodeIgniter\CodeIgniter->runController(Object(App\Controllers\Scan))
10 SYSTEMPATH\CodeIgniter.php(363): CodeIgniter\CodeIgniter->handleRequest(null, Object(Config\Cache), false)
11 SYSTEMPATH\Boot.php(417): CodeIgniter\CodeIgniter->run()
12 SYSTEMPATH\Boot.php(68): CodeIgniter\Boot::runCodeIgniter(Object(CodeIgniter\CodeIgniter))
13 FCPATH\index.php(59): CodeIgniter\Boot::bootWeb(Object(Config\Paths))
14 SYSTEMPATH\rewrite.php(44): require_once('C:\\xampp\\htdocs\\scan2fetch\\public\\index.php')
CRITICAL - 2026-06-09 12:26:44 --> [Caused by] mysqli_sql_exception: Cannot add or update a child row: a foreign key constraint fails (`scan2fetch`.`fetch_logs`, CONSTRAINT `fetch_logs_ibfk_4` FOREIGN KEY (`staff_id`) REFERENCES `staffs` (`id`) ON DELETE CASCADE)
in SYSTEMPATH\Database\MySQLi\Connection.php on line 300.
 1 SYSTEMPATH\Database\MySQLi\Connection.php(300): mysqli->query('INSERT INTO `fetch_logs` (`student_id`, `parent_id`, `fetcher_fname`, `fetcher_mname`, `fetcher_lname`, `fetcher_relation`, `method`, `staff_id`, `time_released`) VALUES (\'27\', \'27\', \'jeaers\', \'\', \'tajanlangit\', \'Parent\', \'QR\', \'1\', \'2026-06-09 12:26:44\')', 0)
 2 SYSTEMPATH\Database\BaseConnection.php(908): CodeIgniter\Database\MySQLi\Connection->execute('INSERT INTO `fetch_logs` (`student_id`, `parent_id`, `fetcher_fname`, `fetcher_mname`, `fetcher_lname`, `fetcher_relation`, `method`, `staff_id`, `time_released`) VALUES (\'27\', \'27\', \'jeaers\', \'\', \'tajanlangit\', \'Parent\', \'QR\', \'1\', \'2026-06-09 12:26:44\')')
 3 SYSTEMPATH\Database\BaseConnection.php(825): CodeIgniter\Database\BaseConnection->simpleQuery('INSERT INTO `fetch_logs` (`student_id`, `parent_id`, `fetcher_fname`, `fetcher_mname`, `fetcher_lname`, `fetcher_relation`, `method`, `staff_id`, `time_released`) VALUES (\'27\', \'27\', \'jeaers\', \'\', \'tajanlangit\', \'Parent\', \'QR\', \'1\', \'2026-06-09 12:26:44\')')
 4 SYSTEMPATH\Database\BaseBuilder.php(2343): CodeIgniter\Database\BaseConnection->query('INSERT INTO `fetch_logs` (`student_id`, `parent_id`, `fetcher_fname`, `fetcher_mname`, `fetcher_lname`, `fetcher_relation`, `method`, `staff_id`, `time_released`) VALUES (:student_id:, :parent_id:, :fetcher_fname:, :fetcher_mname:, :fetcher_lname:, :fetcher_relation:, :method:, :staff_id:, :time_released:)', [...], false)
 5 SYSTEMPATH\Model.php(357): CodeIgniter\Database\BaseBuilder->insert()
 6 SYSTEMPATH\BaseModel.php(899): CodeIgniter\Model->doInsert([...])
 7 SYSTEMPATH\Model.php(670): CodeIgniter\BaseModel->insert([...], true)
 8 APPPATH\Controllers\Scan.php(116): CodeIgniter\Model->insert([...])
 9 SYSTEMPATH\CodeIgniter.php(974): App\Controllers\Scan->release()
10 SYSTEMPATH\CodeIgniter.php(520): CodeIgniter\CodeIgniter->runController(Object(App\Controllers\Scan))
11 SYSTEMPATH\CodeIgniter.php(363): CodeIgniter\CodeIgniter->handleRequest(null, Object(Config\Cache), false)
12 SYSTEMPATH\Boot.php(417): CodeIgniter\CodeIgniter->run()
13 SYSTEMPATH\Boot.php(68): CodeIgniter\Boot::runCodeIgniter(Object(CodeIgniter\CodeIgniter))
14 FCPATH\index.php(59): CodeIgniter\Boot::bootWeb(Object(Config\Paths))
15 SYSTEMPATH\rewrite.php(44): require_once('C:\\xampp\\htdocs\\scan2fetch\\public\\index.php')
DEBUG - 2026-06-09 12:27:04 --> Session: Class initialized using 'CodeIgniter\Session\Handlers\FileHandler' driver.
DEBUG - 2026-06-09 12:27:12 --> Session: Class initialized using 'CodeIgniter\Session\Handlers\FileHandler' driver.
ERROR - 2026-06-09 12:27:12 --> Cannot add or update a child row: a foreign key constraint fails (`scan2fetch`.`fetch_logs`, CONSTRAINT `fetch_logs_ibfk_4` FOREIGN KEY (`staff_id`) REFERENCES `staffs` (`id`) ON DELETE CASCADE)
in SYSTEMPATH\Database\MySQLi\Connection.php on line 300.
 1 SYSTEMPATH\Database\MySQLi\Connection.php(300): mysqli->query('INSERT INTO `fetch_logs` (`student_id`, `parent_id`, `fetcher_fname`, `fetcher_mname`, `fetcher_lname`, `fetcher_relation`, `method`, `staff_id`, `time_released`) VALUES (\'27\', \'27\', \'jeaers\', \'\', \'tajanlangit\', \'Parent\', \'QR\', \'1\', \'2026-06-09 12:27:12\')', 0)
 2 SYSTEMPATH\Database\BaseConnection.php(908): CodeIgniter\Database\MySQLi\Connection->execute('INSERT INTO `fetch_logs` (`student_id`, `parent_id`, `fetcher_fname`, `fetcher_mname`, `fetcher_lname`, `fetcher_relation`, `method`, `staff_id`, `time_released`) VALUES (\'27\', \'27\', \'jeaers\', \'\', \'tajanlangit\', \'Parent\', \'QR\', \'1\', \'2026-06-09 12:27:12\')')
 3 SYSTEMPATH\Database\BaseConnection.php(825): CodeIgniter\Database\BaseConnection->simpleQuery('INSERT INTO `fetch_logs` (`student_id`, `parent_id`, `fetcher_fname`, `fetcher_mname`, `fetcher_lname`, `fetcher_relation`, `method`, `staff_id`, `time_released`) VALUES (\'27\', \'27\', \'jeaers\', \'\', \'tajanlangit\', \'Parent\', \'QR\', \'1\', \'2026-06-09 12:27:12\')')
 4 SYSTEMPATH\Database\BaseBuilder.php(2343): CodeIgniter\Database\BaseConnection->query('INSERT INTO `fetch_logs` (`student_id`, `parent_id`, `fetcher_fname`, `fetcher_mname`, `fetcher_lname`, `fetcher_relation`, `method`, `staff_id`, `time_released`) VALUES (:student_id:, :parent_id:, :fetcher_fname:, :fetcher_mname:, :fetcher_lname:, :fetcher_relation:, :method:, :staff_id:, :time_released:)', [...], false)
 5 SYSTEMPATH\Model.php(357): CodeIgniter\Database\BaseBuilder->insert()
 6 SYSTEMPATH\BaseModel.php(899): CodeIgniter\Model->doInsert([...])
 7 SYSTEMPATH\Model.php(670): CodeIgniter\BaseModel->insert([...], true)
 8 APPPATH\Controllers\Scan.php(116): CodeIgniter\Model->insert([...])
 9 SYSTEMPATH\CodeIgniter.php(974): App\Controllers\Scan->release()
10 SYSTEMPATH\CodeIgniter.php(520): CodeIgniter\CodeIgniter->runController(Object(App\Controllers\Scan))
11 SYSTEMPATH\CodeIgniter.php(363): CodeIgniter\CodeIgniter->handleRequest(null, Object(Config\Cache), false)
12 SYSTEMPATH\Boot.php(417): CodeIgniter\CodeIgniter->run()
13 SYSTEMPATH\Boot.php(68): CodeIgniter\Boot::runCodeIgniter(Object(CodeIgniter\CodeIgniter))
14 FCPATH\index.php(59): CodeIgniter\Boot::bootWeb(Object(Config\Paths))
15 SYSTEMPATH\rewrite.php(44): require_once('C:\\xampp\\htdocs\\scan2fetch\\public\\index.php')
CRITICAL - 2026-06-09 12:27:12 --> CodeIgniter\Database\Exceptions\DatabaseException: Cannot add or update a child row: a foreign key constraint fails (`scan2fetch`.`fetch_logs`, CONSTRAINT `fetch_logs_ibfk_4` FOREIGN KEY (`staff_id`) REFERENCES `staffs` (`id`) ON DELETE CASCADE)
[Method: POST, Route: scan/release]
in SYSTEMPATH\Database\BaseConnection.php on line 863.
 1 SYSTEMPATH\Database\BaseBuilder.php(2343): CodeIgniter\Database\BaseConnection->query('INSERT INTO `fetch_logs` (`student_id`, `parent_id`, `fetcher_fname`, `fetcher_mname`, `fetcher_lname`, `fetcher_relation`, `method`, `staff_id`, `time_released`) VALUES (:student_id:, :parent_id:, :fetcher_fname:, :fetcher_mname:, :fetcher_lname:, :fetcher_relation:, :method:, :staff_id:, :time_released:)', [...], false)
 2 SYSTEMPATH\Model.php(357): CodeIgniter\Database\BaseBuilder->insert()
 3 SYSTEMPATH\BaseModel.php(899): CodeIgniter\Model->doInsert([...])
 4 SYSTEMPATH\Model.php(670): CodeIgniter\BaseModel->insert([...], true)
 5 APPPATH\Controllers\Scan.php(116): CodeIgniter\Model->insert([...])
 6 SYSTEMPATH\CodeIgniter.php(974): App\Controllers\Scan->release()
 7 SYSTEMPATH\CodeIgniter.php(520): CodeIgniter\CodeIgniter->runController(Object(App\Controllers\Scan))
 8 SYSTEMPATH\CodeIgniter.php(363): CodeIgniter\CodeIgniter->handleRequest(null, Object(Config\Cache), false)
 9 SYSTEMPATH\Boot.php(417): CodeIgniter\CodeIgniter->run()
10 SYSTEMPATH\Boot.php(68): CodeIgniter\Boot::runCodeIgniter(Object(CodeIgniter\CodeIgniter))
11 FCPATH\index.php(59): CodeIgniter\Boot::bootWeb(Object(Config\Paths))
12 SYSTEMPATH\rewrite.php(44): require_once('C:\\xampp\\htdocs\\scan2fetch\\public\\index.php')
CRITICAL - 2026-06-09 12:27:12 --> [Caused by] CodeIgniter\Database\Exceptions\DatabaseException: Cannot add or update a child row: a foreign key constraint fails (`scan2fetch`.`fetch_logs`, CONSTRAINT `fetch_logs_ibfk_4` FOREIGN KEY (`staff_id`) REFERENCES `staffs` (`id`) ON DELETE CASCADE)
in SYSTEMPATH\Database\MySQLi\Connection.php on line 310.
 1 SYSTEMPATH\Database\BaseConnection.php(908): CodeIgniter\Database\MySQLi\Connection->execute('INSERT INTO `fetch_logs` (`student_id`, `parent_id`, `fetcher_fname`, `fetcher_mname`, `fetcher_lname`, `fetcher_relation`, `method`, `staff_id`, `time_released`) VALUES (\'27\', \'27\', \'jeaers\', \'\', \'tajanlangit\', \'Parent\', \'QR\', \'1\', \'2026-06-09 12:27:12\')')
 2 SYSTEMPATH\Database\BaseConnection.php(825): CodeIgniter\Database\BaseConnection->simpleQuery('INSERT INTO `fetch_logs` (`student_id`, `parent_id`, `fetcher_fname`, `fetcher_mname`, `fetcher_lname`, `fetcher_relation`, `method`, `staff_id`, `time_released`) VALUES (\'27\', \'27\', \'jeaers\', \'\', \'tajanlangit\', \'Parent\', \'QR\', \'1\', \'2026-06-09 12:27:12\')')
 3 SYSTEMPATH\Database\BaseBuilder.php(2343): CodeIgniter\Database\BaseConnection->query('INSERT INTO `fetch_logs` (`student_id`, `parent_id`, `fetcher_fname`, `fetcher_mname`, `fetcher_lname`, `fetcher_relation`, `method`, `staff_id`, `time_released`) VALUES (:student_id:, :parent_id:, :fetcher_fname:, :fetcher_mname:, :fetcher_lname:, :fetcher_relation:, :method:, :staff_id:, :time_released:)', [...], false)
 4 SYSTEMPATH\Model.php(357): CodeIgniter\Database\BaseBuilder->insert()
 5 SYSTEMPATH\BaseModel.php(899): CodeIgniter\Model->doInsert([...])
 6 SYSTEMPATH\Model.php(670): CodeIgniter\BaseModel->insert([...], true)
 7 APPPATH\Controllers\Scan.php(116): CodeIgniter\Model->insert([...])
 8 SYSTEMPATH\CodeIgniter.php(974): App\Controllers\Scan->release()
 9 SYSTEMPATH\CodeIgniter.php(520): CodeIgniter\CodeIgniter->runController(Object(App\Controllers\Scan))
10 SYSTEMPATH\CodeIgniter.php(363): CodeIgniter\CodeIgniter->handleRequest(null, Object(Config\Cache), false)
11 SYSTEMPATH\Boot.php(417): CodeIgniter\CodeIgniter->run()
12 SYSTEMPATH\Boot.php(68): CodeIgniter\Boot::runCodeIgniter(Object(CodeIgniter\CodeIgniter))
13 FCPATH\index.php(59): CodeIgniter\Boot::bootWeb(Object(Config\Paths))
14 SYSTEMPATH\rewrite.php(44): require_once('C:\\xampp\\htdocs\\scan2fetch\\public\\index.php')
CRITICAL - 2026-06-09 12:27:12 --> [Caused by] mysqli_sql_exception: Cannot add or update a child row: a foreign key constraint fails (`scan2fetch`.`fetch_logs`, CONSTRAINT `fetch_logs_ibfk_4` FOREIGN KEY (`staff_id`) REFERENCES `staffs` (`id`) ON DELETE CASCADE)
in SYSTEMPATH\Database\MySQLi\Connection.php on line 300.
 1 SYSTEMPATH\Database\MySQLi\Connection.php(300): mysqli->query('INSERT INTO `fetch_logs` (`student_id`, `parent_id`, `fetcher_fname`, `fetcher_mname`, `fetcher_lname`, `fetcher_relation`, `method`, `staff_id`, `time_released`) VALUES (\'27\', \'27\', \'jeaers\', \'\', \'tajanlangit\', \'Parent\', \'QR\', \'1\', \'2026-06-09 12:27:12\')', 0)
 2 SYSTEMPATH\Database\BaseConnection.php(908): CodeIgniter\Database\MySQLi\Connection->execute('INSERT INTO `fetch_logs` (`student_id`, `parent_id`, `fetcher_fname`, `fetcher_mname`, `fetcher_lname`, `fetcher_relation`, `method`, `staff_id`, `time_released`) VALUES (\'27\', \'27\', \'jeaers\', \'\', \'tajanlangit\', \'Parent\', \'QR\', \'1\', \'2026-06-09 12:27:12\')')
 3 SYSTEMPATH\Database\BaseConnection.php(825): CodeIgniter\Database\BaseConnection->simpleQuery('INSERT INTO `fetch_logs` (`student_id`, `parent_id`, `fetcher_fname`, `fetcher_mname`, `fetcher_lname`, `fetcher_relation`, `method`, `staff_id`, `time_released`) VALUES (\'27\', \'27\', \'jeaers\', \'\', \'tajanlangit\', \'Parent\', \'QR\', \'1\', \'2026-06-09 12:27:12\')')
 4 SYSTEMPATH\Database\BaseBuilder.php(2343): CodeIgniter\Database\BaseConnection->query('INSERT INTO `fetch_logs` (`student_id`, `parent_id`, `fetcher_fname`, `fetcher_mname`, `fetcher_lname`, `fetcher_relation`, `method`, `staff_id`, `time_released`) VALUES (:student_id:, :parent_id:, :fetcher_fname:, :fetcher_mname:, :fetcher_lname:, :fetcher_relation:, :method:, :staff_id:, :time_released:)', [...], false)
 5 SYSTEMPATH\Model.php(357): CodeIgniter\Database\BaseBuilder->insert()
 6 SYSTEMPATH\BaseModel.php(899): CodeIgniter\Model->doInsert([...])
 7 SYSTEMPATH\Model.php(670): CodeIgniter\BaseModel->insert([...], true)
 8 APPPATH\Controllers\Scan.php(116): CodeIgniter\Model->insert([...])
 9 SYSTEMPATH\CodeIgniter.php(974): App\Controllers\Scan->release()
10 SYSTEMPATH\CodeIgniter.php(520): CodeIgniter\CodeIgniter->runController(Object(App\Controllers\Scan))
11 SYSTEMPATH\CodeIgniter.php(363): CodeIgniter\CodeIgniter->handleRequest(null, Object(Config\Cache), false)
12 SYSTEMPATH\Boot.php(417): CodeIgniter\CodeIgniter->run()
13 SYSTEMPATH\Boot.php(68): CodeIgniter\Boot::runCodeIgniter(Object(CodeIgniter\CodeIgniter))
14 FCPATH\index.php(59): CodeIgniter\Boot::bootWeb(Object(Config\Paths))
15 SYSTEMPATH\rewrite.php(44): require_once('C:\\xampp\\htdocs\\scan2fetch\\public\\index.php')
DEBUG - 2026-06-09 12:27:32 --> Session: Class initialized using 'CodeIgniter\Session\Handlers\FileHandler' driver.
DEBUG - 2026-06-09 12:27:37 --> Session: Class initialized using 'CodeIgniter\Session\Handlers\FileHandler' driver.
DEBUG - 2026-06-09 12:27:41 --> Session: Class initialized using 'CodeIgniter\Session\Handlers\FileHandler' driver.
DEBUG - 2026-06-09 12:27:42 --> Session: Class initialized using 'CodeIgniter\Session\Handlers\FileHandler' driver.
DEBUG - 2026-06-09 12:28:11 --> Session: Class initialized using 'CodeIgniter\Session\Handlers\FileHandler' driver.
DEBUG - 2026-06-09 12:28:18 --> Session: Class initialized using 'CodeIgniter\Session\Handlers\FileHandler' driver.
ERROR - 2026-06-09 12:28:18 --> Cannot add or update a child row: a foreign key constraint fails (`scan2fetch`.`fetch_logs`, CONSTRAINT `fetch_logs_ibfk_4` FOREIGN KEY (`staff_id`) REFERENCES `staffs` (`id`) ON DELETE CASCADE)
in SYSTEMPATH\Database\MySQLi\Connection.php on line 300.
 1 SYSTEMPATH\Database\MySQLi\Connection.php(300): mysqli->query('INSERT INTO `fetch_logs` (`student_id`, `parent_id`, `fetcher_fname`, `fetcher_mname`, `fetcher_lname`, `fetcher_relation`, `method`, `staff_id`, `time_released`) VALUES (\'27\', \'27\', \'jeaers\', \'\', \'tajanlangit\', \'Parent\', \'QR\', \'1\', \'2026-06-09 12:28:18\')', 0)
 2 SYSTEMPATH\Database\BaseConnection.php(908): CodeIgniter\Database\MySQLi\Connection->execute('INSERT INTO `fetch_logs` (`student_id`, `parent_id`, `fetcher_fname`, `fetcher_mname`, `fetcher_lname`, `fetcher_relation`, `method`, `staff_id`, `time_released`) VALUES (\'27\', \'27\', \'jeaers\', \'\', \'tajanlangit\', \'Parent\', \'QR\', \'1\', \'2026-06-09 12:28:18\')')
 3 SYSTEMPATH\Database\BaseConnection.php(825): CodeIgniter\Database\BaseConnection->simpleQuery('INSERT INTO `fetch_logs` (`student_id`, `parent_id`, `fetcher_fname`, `fetcher_mname`, `fetcher_lname`, `fetcher_relation`, `method`, `staff_id`, `time_released`) VALUES (\'27\', \'27\', \'jeaers\', \'\', \'tajanlangit\', \'Parent\', \'QR\', \'1\', \'2026-06-09 12:28:18\')')
 4 SYSTEMPATH\Database\BaseBuilder.php(2343): CodeIgniter\Database\BaseConnection->query('INSERT INTO `fetch_logs` (`student_id`, `parent_id`, `fetcher_fname`, `fetcher_mname`, `fetcher_lname`, `fetcher_relation`, `method`, `staff_id`, `time_released`) VALUES (:student_id:, :parent_id:, :fetcher_fname:, :fetcher_mname:, :fetcher_lname:, :fetcher_relation:, :method:, :staff_id:, :time_released:)', [...], false)
 5 APPPATH\Controllers\Scan.php(114): CodeIgniter\Database\BaseBuilder->insert([...])
 6 SYSTEMPATH\CodeIgniter.php(974): App\Controllers\Scan->release()
 7 SYSTEMPATH\CodeIgniter.php(520): CodeIgniter\CodeIgniter->runController(Object(App\Controllers\Scan))
 8 SYSTEMPATH\CodeIgniter.php(363): CodeIgniter\CodeIgniter->handleRequest(null, Object(Config\Cache), false)
 9 SYSTEMPATH\Boot.php(417): CodeIgniter\CodeIgniter->run()
10 SYSTEMPATH\Boot.php(68): CodeIgniter\Boot::runCodeIgniter(Object(CodeIgniter\CodeIgniter))
11 FCPATH\index.php(59): CodeIgniter\Boot::bootWeb(Object(Config\Paths))
12 SYSTEMPATH\rewrite.php(44): require_once('C:\\xampp\\htdocs\\scan2fetch\\public\\index.php')
CRITICAL - 2026-06-09 12:28:18 --> CodeIgniter\Database\Exceptions\DatabaseException: Cannot add or update a child row: a foreign key constraint fails (`scan2fetch`.`fetch_logs`, CONSTRAINT `fetch_logs_ibfk_4` FOREIGN KEY (`staff_id`) REFERENCES `staffs` (`id`) ON DELETE CASCADE)
[Method: POST, Route: scan/release]
in SYSTEMPATH\Database\BaseConnection.php on line 863.
 1 SYSTEMPATH\Database\BaseBuilder.php(2343): CodeIgniter\Database\BaseConnection->query('INSERT INTO `fetch_logs` (`student_id`, `parent_id`, `fetcher_fname`, `fetcher_mname`, `fetcher_lname`, `fetcher_relation`, `method`, `staff_id`, `time_released`) VALUES (:student_id:, :parent_id:, :fetcher_fname:, :fetcher_mname:, :fetcher_lname:, :fetcher_relation:, :method:, :staff_id:, :time_released:)', [...], false)
 2 APPPATH\Controllers\Scan.php(114): CodeIgniter\Database\BaseBuilder->insert([...])
 3 SYSTEMPATH\CodeIgniter.php(974): App\Controllers\Scan->release()
 4 SYSTEMPATH\CodeIgniter.php(520): CodeIgniter\CodeIgniter->runController(Object(App\Controllers\Scan))
 5 SYSTEMPATH\CodeIgniter.php(363): CodeIgniter\CodeIgniter->handleRequest(null, Object(Config\Cache), false)
 6 SYSTEMPATH\Boot.php(417): CodeIgniter\CodeIgniter->run()
 7 SYSTEMPATH\Boot.php(68): CodeIgniter\Boot::runCodeIgniter(Object(CodeIgniter\CodeIgniter))
 8 FCPATH\index.php(59): CodeIgniter\Boot::bootWeb(Object(Config\Paths))
 9 SYSTEMPATH\rewrite.php(44): require_once('C:\\xampp\\htdocs\\scan2fetch\\public\\index.php')
CRITICAL - 2026-06-09 12:28:18 --> [Caused by] CodeIgniter\Database\Exceptions\DatabaseException: Cannot add or update a child row: a foreign key constraint fails (`scan2fetch`.`fetch_logs`, CONSTRAINT `fetch_logs_ibfk_4` FOREIGN KEY (`staff_id`) REFERENCES `staffs` (`id`) ON DELETE CASCADE)
in SYSTEMPATH\Database\MySQLi\Connection.php on line 310.
 1 SYSTEMPATH\Database\BaseConnection.php(908): CodeIgniter\Database\MySQLi\Connection->execute('INSERT INTO `fetch_logs` (`student_id`, `parent_id`, `fetcher_fname`, `fetcher_mname`, `fetcher_lname`, `fetcher_relation`, `method`, `staff_id`, `time_released`) VALUES (\'27\', \'27\', \'jeaers\', \'\', \'tajanlangit\', \'Parent\', \'QR\', \'1\', \'2026-06-09 12:28:18\')')
 2 SYSTEMPATH\Database\BaseConnection.php(825): CodeIgniter\Database\BaseConnection->simpleQuery('INSERT INTO `fetch_logs` (`student_id`, `parent_id`, `fetcher_fname`, `fetcher_mname`, `fetcher_lname`, `fetcher_relation`, `method`, `staff_id`, `time_released`) VALUES (\'27\', \'27\', \'jeaers\', \'\', \'tajanlangit\', \'Parent\', \'QR\', \'1\', \'2026-06-09 12:28:18\')')
 3 SYSTEMPATH\Database\BaseBuilder.php(2343): CodeIgniter\Database\BaseConnection->query('INSERT INTO `fetch_logs` (`student_id`, `parent_id`, `fetcher_fname`, `fetcher_mname`, `fetcher_lname`, `fetcher_relation`, `method`, `staff_id`, `time_released`) VALUES (:student_id:, :parent_id:, :fetcher_fname:, :fetcher_mname:, :fetcher_lname:, :fetcher_relation:, :method:, :staff_id:, :time_released:)', [...], false)
 4 APPPATH\Controllers\Scan.php(114): CodeIgniter\Database\BaseBuilder->insert([...])
 5 SYSTEMPATH\CodeIgniter.php(974): App\Controllers\Scan->release()
 6 SYSTEMPATH\CodeIgniter.php(520): CodeIgniter\CodeIgniter->runController(Object(App\Controllers\Scan))
 7 SYSTEMPATH\CodeIgniter.php(363): CodeIgniter\CodeIgniter->handleRequest(null, Object(Config\Cache), false)
 8 SYSTEMPATH\Boot.php(417): CodeIgniter\CodeIgniter->run()
 9 SYSTEMPATH\Boot.php(68): CodeIgniter\Boot::runCodeIgniter(Object(CodeIgniter\CodeIgniter))
10 FCPATH\index.php(59): CodeIgniter\Boot::bootWeb(Object(Config\Paths))
11 SYSTEMPATH\rewrite.php(44): require_once('C:\\xampp\\htdocs\\scan2fetch\\public\\index.php')
CRITICAL - 2026-06-09 12:28:18 --> [Caused by] mysqli_sql_exception: Cannot add or update a child row: a foreign key constraint fails (`scan2fetch`.`fetch_logs`, CONSTRAINT `fetch_logs_ibfk_4` FOREIGN KEY (`staff_id`) REFERENCES `staffs` (`id`) ON DELETE CASCADE)
in SYSTEMPATH\Database\MySQLi\Connection.php on line 300.
 1 SYSTEMPATH\Database\MySQLi\Connection.php(300): mysqli->query('INSERT INTO `fetch_logs` (`student_id`, `parent_id`, `fetcher_fname`, `fetcher_mname`, `fetcher_lname`, `fetcher_relation`, `method`, `staff_id`, `time_released`) VALUES (\'27\', \'27\', \'jeaers\', \'\', \'tajanlangit\', \'Parent\', \'QR\', \'1\', \'2026-06-09 12:28:18\')', 0)
 2 SYSTEMPATH\Database\BaseConnection.php(908): CodeIgniter\Database\MySQLi\Connection->execute('INSERT INTO `fetch_logs` (`student_id`, `parent_id`, `fetcher_fname`, `fetcher_mname`, `fetcher_lname`, `fetcher_relation`, `method`, `staff_id`, `time_released`) VALUES (\'27\', \'27\', \'jeaers\', \'\', \'tajanlangit\', \'Parent\', \'QR\', \'1\', \'2026-06-09 12:28:18\')')
 3 SYSTEMPATH\Database\BaseConnection.php(825): CodeIgniter\Database\BaseConnection->simpleQuery('INSERT INTO `fetch_logs` (`student_id`, `parent_id`, `fetcher_fname`, `fetcher_mname`, `fetcher_lname`, `fetcher_relation`, `method`, `staff_id`, `time_released`) VALUES (\'27\', \'27\', \'jeaers\', \'\', \'tajanlangit\', \'Parent\', \'QR\', \'1\', \'2026-06-09 12:28:18\')')
 4 SYSTEMPATH\Database\BaseBuilder.php(2343): CodeIgniter\Database\BaseConnection->query('INSERT INTO `fetch_logs` (`student_id`, `parent_id`, `fetcher_fname`, `fetcher_mname`, `fetcher_lname`, `fetcher_relation`, `method`, `staff_id`, `time_released`) VALUES (:student_id:, :parent_id:, :fetcher_fname:, :fetcher_mname:, :fetcher_lname:, :fetcher_relation:, :method:, :staff_id:, :time_released:)', [...], false)
 5 APPPATH\Controllers\Scan.php(114): CodeIgniter\Database\BaseBuilder->insert([...])
 6 SYSTEMPATH\CodeIgniter.php(974): App\Controllers\Scan->release()
 7 SYSTEMPATH\CodeIgniter.php(520): CodeIgniter\CodeIgniter->runController(Object(App\Controllers\Scan))
 8 SYSTEMPATH\CodeIgniter.php(363): CodeIgniter\CodeIgniter->handleRequest(null, Object(Config\Cache), false)
 9 SYSTEMPATH\Boot.php(417): CodeIgniter\CodeIgniter->run()
10 SYSTEMPATH\Boot.php(68): CodeIgniter\Boot::runCodeIgniter(Object(CodeIgniter\CodeIgniter))
11 FCPATH\index.php(59): CodeIgniter\Boot::bootWeb(Object(Config\Paths))
12 SYSTEMPATH\rewrite.php(44): require_once('C:\\xampp\\htdocs\\scan2fetch\\public\\index.php')
DEBUG - 2026-06-09 12:32:09 --> Session: Class initialized using 'CodeIgniter\Session\Handlers\FileHandler' driver.
DEBUG - 2026-06-09 12:32:19 --> Session: Class initialized using 'CodeIgniter\Session\Handlers\FileHandler' driver.
ERROR - 2026-06-09 12:32:19 --> Cannot add or update a child row: a foreign key constraint fails (`scan2fetch`.`fetch_logs`, CONSTRAINT `fetch_logs_ibfk_4` FOREIGN KEY (`staff_id`) REFERENCES `staffs` (`id`) ON DELETE CASCADE)
in SYSTEMPATH\Database\MySQLi\Connection.php on line 300.
 1 SYSTEMPATH\Database\MySQLi\Connection.php(300): mysqli->query('INSERT INTO `fetch_logs` (`student_id`, `parent_id`, `fetcher_fname`, `fetcher_mname`, `fetcher_lname`, `fetcher_relation`, `method`, `staff_id`, `time_released`) VALUES (\'27\', \'27\', \'jeaers\', \'\', \'tajanlangit\', \'Parent\', \'QR\', \'1\', \'2026-06-09 12:32:19\')', 0)
 2 SYSTEMPATH\Database\BaseConnection.php(908): CodeIgniter\Database\MySQLi\Connection->execute('INSERT INTO `fetch_logs` (`student_id`, `parent_id`, `fetcher_fname`, `fetcher_mname`, `fetcher_lname`, `fetcher_relation`, `method`, `staff_id`, `time_released`) VALUES (\'27\', \'27\', \'jeaers\', \'\', \'tajanlangit\', \'Parent\', \'QR\', \'1\', \'2026-06-09 12:32:19\')')
 3 SYSTEMPATH\Database\BaseConnection.php(825): CodeIgniter\Database\BaseConnection->simpleQuery('INSERT INTO `fetch_logs` (`student_id`, `parent_id`, `fetcher_fname`, `fetcher_mname`, `fetcher_lname`, `fetcher_relation`, `method`, `staff_id`, `time_released`) VALUES (\'27\', \'27\', \'jeaers\', \'\', \'tajanlangit\', \'Parent\', \'QR\', \'1\', \'2026-06-09 12:32:19\')')
 4 SYSTEMPATH\Database\BaseBuilder.php(2343): CodeIgniter\Database\BaseConnection->query('INSERT INTO `fetch_logs` (`student_id`, `parent_id`, `fetcher_fname`, `fetcher_mname`, `fetcher_lname`, `fetcher_relation`, `method`, `staff_id`, `time_released`) VALUES (:student_id:, :parent_id:, :fetcher_fname:, :fetcher_mname:, :fetcher_lname:, :fetcher_relation:, :method:, :staff_id:, :time_released:)', [...], false)
 5 APPPATH\Controllers\Scan.php(111): CodeIgniter\Database\BaseBuilder->insert([...])
 6 SYSTEMPATH\CodeIgniter.php(974): App\Controllers\Scan->release()
 7 SYSTEMPATH\CodeIgniter.php(520): CodeIgniter\CodeIgniter->runController(Object(App\Controllers\Scan))
 8 SYSTEMPATH\CodeIgniter.php(363): CodeIgniter\CodeIgniter->handleRequest(null, Object(Config\Cache), false)
 9 SYSTEMPATH\Boot.php(417): CodeIgniter\CodeIgniter->run()
10 SYSTEMPATH\Boot.php(68): CodeIgniter\Boot::runCodeIgniter(Object(CodeIgniter\CodeIgniter))
11 FCPATH\index.php(59): CodeIgniter\Boot::bootWeb(Object(Config\Paths))
12 SYSTEMPATH\rewrite.php(44): require_once('C:\\xampp\\htdocs\\scan2fetch\\public\\index.php')
CRITICAL - 2026-06-09 12:32:19 --> CodeIgniter\Database\Exceptions\DatabaseException: Cannot add or update a child row: a foreign key constraint fails (`scan2fetch`.`fetch_logs`, CONSTRAINT `fetch_logs_ibfk_4` FOREIGN KEY (`staff_id`) REFERENCES `staffs` (`id`) ON DELETE CASCADE)
[Method: POST, Route: scan/release]
in SYSTEMPATH\Database\BaseConnection.php on line 863.
 1 SYSTEMPATH\Database\BaseBuilder.php(2343): CodeIgniter\Database\BaseConnection->query('INSERT INTO `fetch_logs` (`student_id`, `parent_id`, `fetcher_fname`, `fetcher_mname`, `fetcher_lname`, `fetcher_relation`, `method`, `staff_id`, `time_released`) VALUES (:student_id:, :parent_id:, :fetcher_fname:, :fetcher_mname:, :fetcher_lname:, :fetcher_relation:, :method:, :staff_id:, :time_released:)', [...], false)
 2 APPPATH\Controllers\Scan.php(111): CodeIgniter\Database\BaseBuilder->insert([...])
 3 SYSTEMPATH\CodeIgniter.php(974): App\Controllers\Scan->release()
 4 SYSTEMPATH\CodeIgniter.php(520): CodeIgniter\CodeIgniter->runController(Object(App\Controllers\Scan))
 5 SYSTEMPATH\CodeIgniter.php(363): CodeIgniter\CodeIgniter->handleRequest(null, Object(Config\Cache), false)
 6 SYSTEMPATH\Boot.php(417): CodeIgniter\CodeIgniter->run()
 7 SYSTEMPATH\Boot.php(68): CodeIgniter\Boot::runCodeIgniter(Object(CodeIgniter\CodeIgniter))
 8 FCPATH\index.php(59): CodeIgniter\Boot::bootWeb(Object(Config\Paths))
 9 SYSTEMPATH\rewrite.php(44): require_once('C:\\xampp\\htdocs\\scan2fetch\\public\\index.php')
CRITICAL - 2026-06-09 12:32:19 --> [Caused by] CodeIgniter\Database\Exceptions\DatabaseException: Cannot add or update a child row: a foreign key constraint fails (`scan2fetch`.`fetch_logs`, CONSTRAINT `fetch_logs_ibfk_4` FOREIGN KEY (`staff_id`) REFERENCES `staffs` (`id`) ON DELETE CASCADE)
in SYSTEMPATH\Database\MySQLi\Connection.php on line 310.
 1 SYSTEMPATH\Database\BaseConnection.php(908): CodeIgniter\Database\MySQLi\Connection->execute('INSERT INTO `fetch_logs` (`student_id`, `parent_id`, `fetcher_fname`, `fetcher_mname`, `fetcher_lname`, `fetcher_relation`, `method`, `staff_id`, `time_released`) VALUES (\'27\', \'27\', \'jeaers\', \'\', \'tajanlangit\', \'Parent\', \'QR\', \'1\', \'2026-06-09 12:32:19\')')
 2 SYSTEMPATH\Database\BaseConnection.php(825): CodeIgniter\Database\BaseConnection->simpleQuery('INSERT INTO `fetch_logs` (`student_id`, `parent_id`, `fetcher_fname`, `fetcher_mname`, `fetcher_lname`, `fetcher_relation`, `method`, `staff_id`, `time_released`) VALUES (\'27\', \'27\', \'jeaers\', \'\', \'tajanlangit\', \'Parent\', \'QR\', \'1\', \'2026-06-09 12:32:19\')')
 3 SYSTEMPATH\Database\BaseBuilder.php(2343): CodeIgniter\Database\BaseConnection->query('INSERT INTO `fetch_logs` (`student_id`, `parent_id`, `fetcher_fname`, `fetcher_mname`, `fetcher_lname`, `fetcher_relation`, `method`, `staff_id`, `time_released`) VALUES (:student_id:, :parent_id:, :fetcher_fname:, :fetcher_mname:, :fetcher_lname:, :fetcher_relation:, :method:, :staff_id:, :time_released:)', [...], false)
 4 APPPATH\Controllers\Scan.php(111): CodeIgniter\Database\BaseBuilder->insert([...])
 5 SYSTEMPATH\CodeIgniter.php(974): App\Controllers\Scan->release()
 6 SYSTEMPATH\CodeIgniter.php(520): CodeIgniter\CodeIgniter->runController(Object(App\Controllers\Scan))
 7 SYSTEMPATH\CodeIgniter.php(363): CodeIgniter\CodeIgniter->handleRequest(null, Object(Config\Cache), false)
 8 SYSTEMPATH\Boot.php(417): CodeIgniter\CodeIgniter->run()
 9 SYSTEMPATH\Boot.php(68): CodeIgniter\Boot::runCodeIgniter(Object(CodeIgniter\CodeIgniter))
10 FCPATH\index.php(59): CodeIgniter\Boot::bootWeb(Object(Config\Paths))
11 SYSTEMPATH\rewrite.php(44): require_once('C:\\xampp\\htdocs\\scan2fetch\\public\\index.php')
CRITICAL - 2026-06-09 12:32:19 --> [Caused by] mysqli_sql_exception: Cannot add or update a child row: a foreign key constraint fails (`scan2fetch`.`fetch_logs`, CONSTRAINT `fetch_logs_ibfk_4` FOREIGN KEY (`staff_id`) REFERENCES `staffs` (`id`) ON DELETE CASCADE)
in SYSTEMPATH\Database\MySQLi\Connection.php on line 300.
 1 SYSTEMPATH\Database\MySQLi\Connection.php(300): mysqli->query('INSERT INTO `fetch_logs` (`student_id`, `parent_id`, `fetcher_fname`, `fetcher_mname`, `fetcher_lname`, `fetcher_relation`, `method`, `staff_id`, `time_released`) VALUES (\'27\', \'27\', \'jeaers\', \'\', \'tajanlangit\', \'Parent\', \'QR\', \'1\', \'2026-06-09 12:32:19\')', 0)
 2 SYSTEMPATH\Database\BaseConnection.php(908): CodeIgniter\Database\MySQLi\Connection->execute('INSERT INTO `fetch_logs` (`student_id`, `parent_id`, `fetcher_fname`, `fetcher_mname`, `fetcher_lname`, `fetcher_relation`, `method`, `staff_id`, `time_released`) VALUES (\'27\', \'27\', \'jeaers\', \'\', \'tajanlangit\', \'Parent\', \'QR\', \'1\', \'2026-06-09 12:32:19\')')
 3 SYSTEMPATH\Database\BaseConnection.php(825): CodeIgniter\Database\BaseConnection->simpleQuery('INSERT INTO `fetch_logs` (`student_id`, `parent_id`, `fetcher_fname`, `fetcher_mname`, `fetcher_lname`, `fetcher_relation`, `method`, `staff_id`, `time_released`) VALUES (\'27\', \'27\', \'jeaers\', \'\', \'tajanlangit\', \'Parent\', \'QR\', \'1\', \'2026-06-09 12:32:19\')')
 4 SYSTEMPATH\Database\BaseBuilder.php(2343): CodeIgniter\Database\BaseConnection->query('INSERT INTO `fetch_logs` (`student_id`, `parent_id`, `fetcher_fname`, `fetcher_mname`, `fetcher_lname`, `fetcher_relation`, `method`, `staff_id`, `time_released`) VALUES (:student_id:, :parent_id:, :fetcher_fname:, :fetcher_mname:, :fetcher_lname:, :fetcher_relation:, :method:, :staff_id:, :time_released:)', [...], false)
 5 APPPATH\Controllers\Scan.php(111): CodeIgniter\Database\BaseBuilder->insert([...])
 6 SYSTEMPATH\CodeIgniter.php(974): App\Controllers\Scan->release()
 7 SYSTEMPATH\CodeIgniter.php(520): CodeIgniter\CodeIgniter->runController(Object(App\Controllers\Scan))
 8 SYSTEMPATH\CodeIgniter.php(363): CodeIgniter\CodeIgniter->handleRequest(null, Object(Config\Cache), false)
 9 SYSTEMPATH\Boot.php(417): CodeIgniter\CodeIgniter->run()
10 SYSTEMPATH\Boot.php(68): CodeIgniter\Boot::runCodeIgniter(Object(CodeIgniter\CodeIgniter))
11 FCPATH\index.php(59): CodeIgniter\Boot::bootWeb(Object(Config\Paths))
12 SYSTEMPATH\rewrite.php(44): require_once('C:\\xampp\\htdocs\\scan2fetch\\public\\index.php')
DEBUG - 2026-06-09 12:32:54 --> Session: Class initialized using 'CodeIgniter\Session\Handlers\FileHandler' driver.
DEBUG - 2026-06-09 12:33:05 --> Session: Class initialized using 'CodeIgniter\Session\Handlers\FileHandler' driver.
DEBUG - 2026-06-09 12:33:07 --> Session: Class initialized using 'CodeIgniter\Session\Handlers\FileHandler' driver.
DEBUG - 2026-06-09 12:33:17 --> Session: Class initialized using 'CodeIgniter\Session\Handlers\FileHandler' driver.
DEBUG - 2026-06-09 12:33:21 --> Session: Class initialized using 'CodeIgniter\Session\Handlers\FileHandler' driver.
DEBUG - 2026-06-09 12:33:59 --> Session: Class initialized using 'CodeIgniter\Session\Handlers\FileHandler' driver.
DEBUG - 2026-06-09 12:34:06 --> Session: Class initialized using 'CodeIgniter\Session\Handlers\FileHandler' driver.
DEBUG - 2026-06-09 12:34:15 --> Session: Class initialized using 'CodeIgniter\Session\Handlers\FileHandler' driver.
DEBUG - 2026-06-09 12:34:24 --> Session: Class initialized using 'CodeIgniter\Session\Handlers\FileHandler' driver.
DEBUG - 2026-06-09 12:34:26 --> Session: Class initialized using 'CodeIgniter\Session\Handlers\FileHandler' driver.
DEBUG - 2026-06-09 12:34:29 --> Session: Class initialized using 'CodeIgniter\Session\Handlers\FileHandler' driver.
DEBUG - 2026-06-09 12:34:34 --> Session: Class initialized using 'CodeIgniter\Session\Handlers\FileHandler' driver.
DEBUG - 2026-06-09 12:35:43 --> Session: Class initialized using 'CodeIgniter\Session\Handlers\FileHandler' driver.
DEBUG - 2026-06-09 12:35:46 --> Session: Class initialized using 'CodeIgniter\Session\Handlers\FileHandler' driver.
DEBUG - 2026-06-09 12:35:54 --> Session: Class initialized using 'CodeIgniter\Session\Handlers\FileHandler' driver.
DEBUG - 2026-06-09 12:36:02 --> Session: Class initialized using 'CodeIgniter\Session\Handlers\FileHandler' driver.
DEBUG - 2026-06-09 12:36:04 --> Session: Class initialized using 'CodeIgniter\Session\Handlers\FileHandler' driver.
DEBUG - 2026-06-09 12:37:17 --> Session: Class initialized using 'CodeIgniter\Session\Handlers\FileHandler' driver.
DEBUG - 2026-06-09 12:37:18 --> Session: Class initialized using 'CodeIgniter\Session\Handlers\FileHandler' driver.
DEBUG - 2026-06-09 12:37:26 --> Session: Class initialized using 'CodeIgniter\Session\Handlers\FileHandler' driver.
DEBUG - 2026-06-09 12:37:35 --> Session: Class initialized using 'CodeIgniter\Session\Handlers\FileHandler' driver.
DEBUG - 2026-06-09 12:37:37 --> Session: Class initialized using 'CodeIgniter\Session\Handlers\FileHandler' driver.
DEBUG - 2026-06-09 12:37:40 --> Session: Class initialized using 'CodeIgniter\Session\Handlers\FileHandler' driver.
DEBUG - 2026-06-09 12:37:44 --> Session: Class initialized using 'CodeIgniter\Session\Handlers\FileHandler' driver.
DEBUG - 2026-06-09 12:39:22 --> Session: Class initialized using 'CodeIgniter\Session\Handlers\FileHandler' driver.
DEBUG - 2026-06-09 12:39:24 --> Session: Class initialized using 'CodeIgniter\Session\Handlers\FileHandler' driver.
DEBUG - 2026-06-09 12:40:33 --> Session: Class initialized using 'CodeIgniter\Session\Handlers\FileHandler' driver.
DEBUG - 2026-06-09 12:40:34 --> Session: Class initialized using 'CodeIgniter\Session\Handlers\FileHandler' driver.
DEBUG - 2026-06-09 12:40:38 --> Session: Class initialized using 'CodeIgniter\Session\Handlers\FileHandler' driver.
DEBUG - 2026-06-09 12:42:23 --> Session: Class initialized using 'CodeIgniter\Session\Handlers\FileHandler' driver.
DEBUG - 2026-06-09 12:42:25 --> Session: Class initialized using 'CodeIgniter\Session\Handlers\FileHandler' driver.
DEBUG - 2026-06-09 12:42:28 --> Session: Class initialized using 'CodeIgniter\Session\Handlers\FileHandler' driver.
DEBUG - 2026-06-09 12:42:32 --> Session: Class initialized using 'CodeIgniter\Session\Handlers\FileHandler' driver.
DEBUG - 2026-06-09 12:42:32 --> Session: Class initialized using 'CodeIgniter\Session\Handlers\FileHandler' driver.
DEBUG - 2026-06-09 12:42:35 --> Session: Class initialized using 'CodeIgniter\Session\Handlers\FileHandler' driver.
DEBUG - 2026-06-09 12:42:37 --> Session: Class initialized using 'CodeIgniter\Session\Handlers\FileHandler' driver.
DEBUG - 2026-06-09 12:42:38 --> Session: Class initialized using 'CodeIgniter\Session\Handlers\FileHandler' driver.
DEBUG - 2026-06-09 12:43:06 --> Session: Class initialized using 'CodeIgniter\Session\Handlers\FileHandler' driver.
DEBUG - 2026-06-09 12:43:07 --> Session: Class initialized using 'CodeIgniter\Session\Handlers\FileHandler' driver.
DEBUG - 2026-06-09 12:43:09 --> Session: Class initialized using 'CodeIgniter\Session\Handlers\FileHandler' driver.
DEBUG - 2026-06-09 12:43:13 --> Session: Class initialized using 'CodeIgniter\Session\Handlers\FileHandler' driver.
DEBUG - 2026-06-09 12:43:13 --> Session: Class initialized using 'CodeIgniter\Session\Handlers\FileHandler' driver.
DEBUG - 2026-06-09 12:43:14 --> Session: Class initialized using 'CodeIgniter\Session\Handlers\FileHandler' driver.
DEBUG - 2026-06-09 12:46:08 --> Session: Class initialized using 'CodeIgniter\Session\Handlers\FileHandler' driver.
DEBUG - 2026-06-09 12:46:19 --> Session: Class initialized using 'CodeIgniter\Session\Handlers\FileHandler' driver.
DEBUG - 2026-06-09 12:46:27 --> Session: Class initialized using 'CodeIgniter\Session\Handlers\FileHandler' driver.
DEBUG - 2026-06-09 12:46:29 --> Session: Class initialized using 'CodeIgniter\Session\Handlers\FileHandler' driver.
DEBUG - 2026-06-09 12:46:32 --> Session: Class initialized using 'CodeIgniter\Session\Handlers\FileHandler' driver.
DEBUG - 2026-06-09 12:46:34 --> Session: Class initialized using 'CodeIgniter\Session\Handlers\FileHandler' driver.
DEBUG - 2026-06-09 12:46:48 --> Session: Class initialized using 'CodeIgniter\Session\Handlers\FileHandler' driver.
DEBUG - 2026-06-09 12:47:23 --> Session: Class initialized using 'CodeIgniter\Session\Handlers\FileHandler' driver.
DEBUG - 2026-06-09 12:49:35 --> Session: Class initialized using 'CodeIgniter\Session\Handlers\FileHandler' driver.
DEBUG - 2026-06-09 12:49:49 --> Session: Class initialized using 'CodeIgniter\Session\Handlers\FileHandler' driver.
DEBUG - 2026-06-09 12:49:51 --> Session: Class initialized using 'CodeIgniter\Session\Handlers\FileHandler' driver.
DEBUG - 2026-06-09 12:50:38 --> Session: Class initialized using 'CodeIgniter\Session\Handlers\FileHandler' driver.
DEBUG - 2026-06-09 12:50:48 --> Session: Class initialized using 'CodeIgniter\Session\Handlers\FileHandler' driver.
DEBUG - 2026-06-09 12:52:53 --> Session: Class initialized using 'CodeIgniter\Session\Handlers\FileHandler' driver.
DEBUG - 2026-06-09 12:52:54 --> Session: Class initialized using 'CodeIgniter\Session\Handlers\FileHandler' driver.
DEBUG - 2026-06-09 12:53:01 --> Session: Class initialized using 'CodeIgniter\Session\Handlers\FileHandler' driver.
DEBUG - 2026-06-09 12:56:17 --> Session: Class initialized using 'CodeIgniter\Session\Handlers\FileHandler' driver.
DEBUG - 2026-06-09 12:56:19 --> Session: Class initialized using 'CodeIgniter\Session\Handlers\FileHandler' driver.
DEBUG - 2026-06-09 12:56:21 --> Session: Class initialized using 'CodeIgniter\Session\Handlers\FileHandler' driver.
DEBUG - 2026-06-09 12:56:22 --> Session: Class initialized using 'CodeIgniter\Session\Handlers\FileHandler' driver.
DEBUG - 2026-06-09 12:56:24 --> Session: Class initialized using 'CodeIgniter\Session\Handlers\FileHandler' driver.
DEBUG - 2026-06-09 12:56:25 --> Session: Class initialized using 'CodeIgniter\Session\Handlers\FileHandler' driver.
DEBUG - 2026-06-09 12:56:27 --> Session: Class initialized using 'CodeIgniter\Session\Handlers\FileHandler' driver.
DEBUG - 2026-06-09 12:56:28 --> Session: Class initialized using 'CodeIgniter\Session\Handlers\FileHandler' driver.
DEBUG - 2026-06-09 12:56:29 --> Session: Class initialized using 'CodeIgniter\Session\Handlers\FileHandler' driver.
DEBUG - 2026-06-09 12:56:30 --> Session: Class initialized using 'CodeIgniter\Session\Handlers\FileHandler' driver.
DEBUG - 2026-06-09 12:56:31 --> Session: Class initialized using 'CodeIgniter\Session\Handlers\FileHandler' driver.
DEBUG - 2026-06-09 12:56:33 --> Session: Class initialized using 'CodeIgniter\Session\Handlers\FileHandler' driver.
DEBUG - 2026-06-09 12:56:33 --> Session: Class initialized using 'CodeIgniter\Session\Handlers\FileHandler' driver.
DEBUG - 2026-06-09 12:56:34 --> Session: Class initialized using 'CodeIgniter\Session\Handlers\FileHandler' driver.
DEBUG - 2026-06-09 12:56:35 --> Session: Class initialized using 'CodeIgniter\Session\Handlers\FileHandler' driver.
DEBUG - 2026-06-09 12:56:39 --> Session: Class initialized using 'CodeIgniter\Session\Handlers\FileHandler' driver.
DEBUG - 2026-06-09 12:56:42 --> Session: Class initialized using 'CodeIgniter\Session\Handlers\FileHandler' driver.
DEBUG - 2026-06-09 12:57:52 --> Session: Class initialized using 'CodeIgniter\Session\Handlers\FileHandler' driver.
DEBUG - 2026-06-09 12:59:03 --> Session: Class initialized using 'CodeIgniter\Session\Handlers\FileHandler' driver.
DEBUG - 2026-06-09 12:59:06 --> Session: Class initialized using 'CodeIgniter\Session\Handlers\FileHandler' driver.
DEBUG - 2026-06-09 12:59:08 --> Session: Class initialized using 'CodeIgniter\Session\Handlers\FileHandler' driver.
DEBUG - 2026-06-09 12:59:09 --> Session: Class initialized using 'CodeIgniter\Session\Handlers\FileHandler' driver.
DEBUG - 2026-06-09 12:59:11 --> Session: Class initialized using 'CodeIgniter\Session\Handlers\FileHandler' driver.
DEBUG - 2026-06-09 12:59:15 --> Session: Class initialized using 'CodeIgniter\Session\Handlers\FileHandler' driver.
DEBUG - 2026-06-09 12:59:17 --> Session: Class initialized using 'CodeIgniter\Session\Handlers\FileHandler' driver.
DEBUG - 2026-06-09 12:59:21 --> Session: Class initialized using 'CodeIgniter\Session\Handlers\FileHandler' driver.
DEBUG - 2026-06-09 12:59:22 --> Session: Class initialized using 'CodeIgniter\Session\Handlers\FileHandler' driver.
DEBUG - 2026-06-09 12:59:26 --> Session: Class initialized using 'CodeIgniter\Session\Handlers\FileHandler' driver.
DEBUG - 2026-06-09 12:59:30 --> Session: Class initialized using 'CodeIgniter\Session\Handlers\FileHandler' driver.
DEBUG - 2026-06-09 12:59:31 --> Session: Class initialized using 'CodeIgniter\Session\Handlers\FileHandler' driver.
DEBUG - 2026-06-09 12:59:34 --> Session: Class initialized using 'CodeIgniter\Session\Handlers\FileHandler' driver.
DEBUG - 2026-06-09 12:59:39 --> Session: Class initialized using 'CodeIgniter\Session\Handlers\FileHandler' driver.
DEBUG - 2026-06-09 12:59:39 --> Session: Class initialized using 'CodeIgniter\Session\Handlers\FileHandler' driver.
DEBUG - 2026-06-09 12:59:47 --> Session: Class initialized using 'CodeIgniter\Session\Handlers\FileHandler' driver.
DEBUG - 2026-06-09 12:59:47 --> Session: Class initialized using 'CodeIgniter\Session\Handlers\FileHandler' driver.
DEBUG - 2026-06-09 12:59:55 --> Session: Class initialized using 'CodeIgniter\Session\Handlers\FileHandler' driver.
DEBUG - 2026-06-09 13:00:12 --> Session: Class initialized using 'CodeIgniter\Session\Handlers\FileHandler' driver.
DEBUG - 2026-06-09 13:00:12 --> Session: Class initialized using 'CodeIgniter\Session\Handlers\FileHandler' driver.
DEBUG - 2026-06-09 13:00:16 --> Session: Class initialized using 'CodeIgniter\Session\Handlers\FileHandler' driver.
DEBUG - 2026-06-09 13:00:16 --> Session: Class initialized using 'CodeIgniter\Session\Handlers\FileHandler' driver.
DEBUG - 2026-06-09 13:00:25 --> Session: Class initialized using 'CodeIgniter\Session\Handlers\FileHandler' driver.
DEBUG - 2026-06-09 13:00:25 --> Session: Class initialized using 'CodeIgniter\Session\Handlers\FileHandler' driver.
DEBUG - 2026-06-09 13:00:43 --> Session: Class initialized using 'CodeIgniter\Session\Handlers\FileHandler' driver.
DEBUG - 2026-06-09 13:00:51 --> Session: Class initialized using 'CodeIgniter\Session\Handlers\FileHandler' driver.
DEBUG - 2026-06-09 13:00:51 --> Session: Class initialized using 'CodeIgniter\Session\Handlers\FileHandler' driver.
DEBUG - 2026-06-09 13:00:55 --> Session: Class initialized using 'CodeIgniter\Session\Handlers\FileHandler' driver.
DEBUG - 2026-06-09 13:00:57 --> Session: Class initialized using 'CodeIgniter\Session\Handlers\FileHandler' driver.
DEBUG - 2026-06-09 13:01:00 --> Session: Class initialized using 'CodeIgniter\Session\Handlers\FileHandler' driver.
DEBUG - 2026-06-09 13:01:04 --> Session: Class initialized using 'CodeIgniter\Session\Handlers\FileHandler' driver.
DEBUG - 2026-06-09 13:01:04 --> Session: Class initialized using 'CodeIgniter\Session\Handlers\FileHandler' driver.
DEBUG - 2026-06-09 13:01:06 --> Session: Class initialized using 'CodeIgniter\Session\Handlers\FileHandler' driver.
DEBUG - 2026-06-09 13:01:14 --> Session: Class initialized using 'CodeIgniter\Session\Handlers\FileHandler' driver.
DEBUG - 2026-06-09 13:01:19 --> Session: Class initialized using 'CodeIgniter\Session\Handlers\FileHandler' driver.
DEBUG - 2026-06-09 13:01:22 --> Session: Class initialized using 'CodeIgniter\Session\Handlers\FileHandler' driver.
DEBUG - 2026-06-09 13:01:23 --> Session: Class initialized using 'CodeIgniter\Session\Handlers\FileHandler' driver.
DEBUG - 2026-06-09 13:01:24 --> Session: Class initialized using 'CodeIgniter\Session\Handlers\FileHandler' driver.
DEBUG - 2026-06-09 13:01:25 --> Session: Class initialized using 'CodeIgniter\Session\Handlers\FileHandler' driver.
DEBUG - 2026-06-09 13:01:26 --> Session: Class initialized using 'CodeIgniter\Session\Handlers\FileHandler' driver.
DEBUG - 2026-06-09 13:04:45 --> Session: Class initialized using 'CodeIgniter\Session\Handlers\FileHandler' driver.
DEBUG - 2026-06-09 13:04:47 --> Session: Class initialized using 'CodeIgniter\Session\Handlers\FileHandler' driver.
DEBUG - 2026-06-09 13:04:49 --> Session: Class initialized using 'CodeIgniter\Session\Handlers\FileHandler' driver.
DEBUG - 2026-06-09 13:04:52 --> Session: Class initialized using 'CodeIgniter\Session\Handlers\FileHandler' driver.
DEBUG - 2026-06-09 13:04:57 --> Session: Class initialized using 'CodeIgniter\Session\Handlers\FileHandler' driver.
DEBUG - 2026-06-09 13:05:03 --> Session: Class initialized using 'CodeIgniter\Session\Handlers\FileHandler' driver.
DEBUG - 2026-06-09 13:05:04 --> Session: Class initialized using 'CodeIgniter\Session\Handlers\FileHandler' driver.
DEBUG - 2026-06-09 13:05:06 --> Session: Class initialized using 'CodeIgniter\Session\Handlers\FileHandler' driver.
DEBUG - 2026-06-09 13:07:53 --> Session: Class initialized using 'CodeIgniter\Session\Handlers\FileHandler' driver.
DEBUG - 2026-06-09 13:07:54 --> Session: Class initialized using 'CodeIgniter\Session\Handlers\FileHandler' driver.
DEBUG - 2026-06-09 13:07:56 --> Session: Class initialized using 'CodeIgniter\Session\Handlers\FileHandler' driver.
DEBUG - 2026-06-09 13:07:58 --> Session: Class initialized using 'CodeIgniter\Session\Handlers\FileHandler' driver.
DEBUG - 2026-06-09 13:08:00 --> Session: Class initialized using 'CodeIgniter\Session\Handlers\FileHandler' driver.
DEBUG - 2026-06-09 13:10:37 --> Session: Class initialized using 'CodeIgniter\Session\Handlers\FileHandler' driver.
DEBUG - 2026-06-09 13:10:42 --> Session: Class initialized using 'CodeIgniter\Session\Handlers\FileHandler' driver.
DEBUG - 2026-06-09 13:13:44 --> Session: Class initialized using 'CodeIgniter\Session\Handlers\FileHandler' driver.
DEBUG - 2026-06-09 13:14:15 --> Session: Class initialized using 'CodeIgniter\Session\Handlers\FileHandler' driver.
DEBUG - 2026-06-09 13:14:15 --> Session: Class initialized using 'CodeIgniter\Session\Handlers\FileHandler' driver.
DEBUG - 2026-06-09 13:14:18 --> Session: Class initialized using 'CodeIgniter\Session\Handlers\FileHandler' driver.
DEBUG - 2026-06-09 13:14:24 --> Session: Class initialized using 'CodeIgniter\Session\Handlers\FileHandler' driver.
DEBUG - 2026-06-09 13:14:29 --> Session: Class initialized using 'CodeIgniter\Session\Handlers\FileHandler' driver.
DEBUG - 2026-06-09 13:18:15 --> Session: Class initialized using 'CodeIgniter\Session\Handlers\FileHandler' driver.
DEBUG - 2026-06-09 13:18:18 --> Session: Class initialized using 'CodeIgniter\Session\Handlers\FileHandler' driver.
DEBUG - 2026-06-09 13:18:19 --> Session: Class initialized using 'CodeIgniter\Session\Handlers\FileHandler' driver.
DEBUG - 2026-06-09 13:18:20 --> Session: Class initialized using 'CodeIgniter\Session\Handlers\FileHandler' driver.
DEBUG - 2026-06-09 13:18:22 --> Session: Class initialized using 'CodeIgniter\Session\Handlers\FileHandler' driver.
DEBUG - 2026-06-09 13:18:24 --> Session: Class initialized using 'CodeIgniter\Session\Handlers\FileHandler' driver.
DEBUG - 2026-06-09 13:18:27 --> Session: Class initialized using 'CodeIgniter\Session\Handlers\FileHandler' driver.
DEBUG - 2026-06-09 13:18:29 --> Session: Class initialized using 'CodeIgniter\Session\Handlers\FileHandler' driver.
DEBUG - 2026-06-09 13:18:32 --> Session: Class initialized using 'CodeIgniter\Session\Handlers\FileHandler' driver.
DEBUG - 2026-06-09 13:18:36 --> Session: Class initialized using 'CodeIgniter\Session\Handlers\FileHandler' driver.
DEBUG - 2026-06-09 13:18:39 --> Session: Class initialized using 'CodeIgniter\Session\Handlers\FileHandler' driver.
DEBUG - 2026-06-09 13:19:16 --> Session: Class initialized using 'CodeIgniter\Session\Handlers\FileHandler' driver.
DEBUG - 2026-06-09 13:19:17 --> Session: Class initialized using 'CodeIgniter\Session\Handlers\FileHandler' driver.
DEBUG - 2026-06-09 13:20:12 --> Session: Class initialized using 'CodeIgniter\Session\Handlers\FileHandler' driver.
CRITICAL - 2026-06-09 13:20:12 --> CodeIgniter\View\Exceptions\ViewException: Invalid file: "students_add.php"
[Method: GET, Route: students-add]
in SYSTEMPATH\Exceptions\FrameworkException.php on line 39.
 1 SYSTEMPATH\View\View.php(228): CodeIgniter\Exceptions\FrameworkException::forInvalidFile('students_add.php')
 2 SYSTEMPATH\Common.php(1254): CodeIgniter\View\View->render('students_add', [], true)
 3 APPPATH\Controllers\Students.php(56): view('students_add')
 4 SYSTEMPATH\CodeIgniter.php(974): App\Controllers\Students->add()
 5 SYSTEMPATH\CodeIgniter.php(520): CodeIgniter\CodeIgniter->runController(Object(App\Controllers\Students))
 6 SYSTEMPATH\CodeIgniter.php(363): CodeIgniter\CodeIgniter->handleRequest(null, Object(Config\Cache), false)
 7 SYSTEMPATH\Boot.php(417): CodeIgniter\CodeIgniter->run()
 8 SYSTEMPATH\Boot.php(68): CodeIgniter\Boot::runCodeIgniter(Object(CodeIgniter\CodeIgniter))
 9 FCPATH\index.php(59): CodeIgniter\Boot::bootWeb(Object(Config\Paths))
10 SYSTEMPATH\rewrite.php(44): require_once('C:\\xampp\\htdocs\\scan2fetch\\public\\index.php')
DEBUG - 2026-06-09 13:20:46 --> Session: Class initialized using 'CodeIgniter\Session\Handlers\FileHandler' driver.
DEBUG - 2026-06-09 13:21:11 --> Session: Class initialized using 'CodeIgniter\Session\Handlers\FileHandler' driver.
CRITICAL - 2026-06-09 13:21:11 --> CodeIgniter\View\Exceptions\ViewException: Invalid file: "students_add.php"
[Method: GET, Route: register]
in SYSTEMPATH\Exceptions\FrameworkException.php on line 39.
 1 SYSTEMPATH\View\View.php(228): CodeIgniter\Exceptions\FrameworkException::forInvalidFile('students_add.php')
 2 SYSTEMPATH\Common.php(1254): CodeIgniter\View\View->render('students_add', [], true)
 3 APPPATH\Controllers\Students.php(56): view('students_add')
 4 SYSTEMPATH\CodeIgniter.php(974): App\Controllers\Students->add()
 5 SYSTEMPATH\CodeIgniter.php(520): CodeIgniter\CodeIgniter->runController(Object(App\Controllers\Students))
 6 SYSTEMPATH\CodeIgniter.php(363): CodeIgniter\CodeIgniter->handleRequest(null, Object(Config\Cache), false)
 7 SYSTEMPATH\Boot.php(417): CodeIgniter\CodeIgniter->run()
 8 SYSTEMPATH\Boot.php(68): CodeIgniter\Boot::runCodeIgniter(Object(CodeIgniter\CodeIgniter))
 9 FCPATH\index.php(59): CodeIgniter\Boot::bootWeb(Object(Config\Paths))
10 SYSTEMPATH\rewrite.php(44): require_once('C:\\xampp\\htdocs\\scan2fetch\\public\\index.php')
DEBUG - 2026-06-09 13:22:29 --> Session: Class initialized using 'CodeIgniter\Session\Handlers\FileHandler' driver.
DEBUG - 2026-06-09 13:22:31 --> Session: Class initialized using 'CodeIgniter\Session\Handlers\FileHandler' driver.
DEBUG - 2026-06-09 13:22:32 --> Session: Class initialized using 'CodeIgniter\Session\Handlers\FileHandler' driver.
DEBUG - 2026-06-09 13:23:48 --> Session: Class initialized using 'CodeIgniter\Session\Handlers\FileHandler' driver.
DEBUG - 2026-06-09 13:23:49 --> Session: Class initialized using 'CodeIgniter\Session\Handlers\FileHandler' driver.
DEBUG - 2026-06-09 13:25:52 --> Session: Class initialized using 'CodeIgniter\Session\Handlers\FileHandler' driver.
DEBUG - 2026-06-09 13:25:56 --> Session: Class initialized using 'CodeIgniter\Session\Handlers\FileHandler' driver.
DEBUG - 2026-06-09 13:27:47 --> Session: Class initialized using 'CodeIgniter\Session\Handlers\FileHandler' driver.
DEBUG - 2026-06-09 13:27:48 --> Session: Class initialized using 'CodeIgniter\Session\Handlers\FileHandler' driver.
DEBUG - 2026-06-09 13:29:09 --> Session: Class initialized using 'CodeIgniter\Session\Handlers\FileHandler' driver.
DEBUG - 2026-06-09 13:29:22 --> Session: Class initialized using 'CodeIgniter\Session\Handlers\FileHandler' driver.
DEBUG - 2026-06-09 13:29:24 --> Session: Class initialized using 'CodeIgniter\Session\Handlers\FileHandler' driver.
DEBUG - 2026-06-09 13:29:25 --> Session: Class initialized using 'CodeIgniter\Session\Handlers\FileHandler' driver.
DEBUG - 2026-06-09 13:29:26 --> Session: Class initialized using 'CodeIgniter\Session\Handlers\FileHandler' driver.
DEBUG - 2026-06-09 13:29:28 --> Session: Class initialized using 'CodeIgniter\Session\Handlers\FileHandler' driver.
DEBUG - 2026-06-09 13:31:13 --> Session: Class initialized using 'CodeIgniter\Session\Handlers\FileHandler' driver.
DEBUG - 2026-06-09 13:31:15 --> Session: Class initialized using 'CodeIgniter\Session\Handlers\FileHandler' driver.
DEBUG - 2026-06-09 13:31:19 --> Session: Class initialized using 'CodeIgniter\Session\Handlers\FileHandler' driver.
DEBUG - 2026-06-09 13:31:21 --> Session: Class initialized using 'CodeIgniter\Session\Handlers\FileHandler' driver.
DEBUG - 2026-06-09 13:31:26 --> Session: Class initialized using 'CodeIgniter\Session\Handlers\FileHandler' driver.
DEBUG - 2026-06-09 13:31:37 --> Session: Class initialized using 'CodeIgniter\Session\Handlers\FileHandler' driver.
DEBUG - 2026-06-09 13:31:42 --> Session: Class initialized using 'CodeIgniter\Session\Handlers\FileHandler' driver.
DEBUG - 2026-06-09 13:31:44 --> Session: Class initialized using 'CodeIgniter\Session\Handlers\FileHandler' driver.
DEBUG - 2026-06-09 13:31:49 --> Session: Class initialized using 'CodeIgniter\Session\Handlers\FileHandler' driver.
DEBUG - 2026-06-09 13:31:55 --> Session: Class initialized using 'CodeIgniter\Session\Handlers\FileHandler' driver.
DEBUG - 2026-06-09 13:31:56 --> Session: Class initialized using 'CodeIgniter\Session\Handlers\FileHandler' driver.
DEBUG - 2026-06-09 13:31:57 --> Session: Class initialized using 'CodeIgniter\Session\Handlers\FileHandler' driver.
DEBUG - 2026-06-09 13:32:10 --> Session: Class initialized using 'CodeIgniter\Session\Handlers\FileHandler' driver.
DEBUG - 2026-06-09 13:32:12 --> Session: Class initialized using 'CodeIgniter\Session\Handlers\FileHandler' driver.
DEBUG - 2026-06-09 13:33:05 --> Session: Class initialized using 'CodeIgniter\Session\Handlers\FileHandler' driver.
DEBUG - 2026-06-09 13:33:10 --> Session: Class initialized using 'CodeIgniter\Session\Handlers\FileHandler' driver.
DEBUG - 2026-06-09 13:33:11 --> Session: Class initialized using 'CodeIgniter\Session\Handlers\FileHandler' driver.
DEBUG - 2026-06-09 13:33:13 --> Session: Class initialized using 'CodeIgniter\Session\Handlers\FileHandler' driver.
DEBUG - 2026-06-09 13:33:13 --> Session: Class initialized using 'CodeIgniter\Session\Handlers\FileHandler' driver.
DEBUG - 2026-06-09 13:33:16 --> Session: Class initialized using 'CodeIgniter\Session\Handlers\FileHandler' driver.
DEBUG - 2026-06-09 13:33:18 --> Session: Class initialized using 'CodeIgniter\Session\Handlers\FileHandler' driver.
DEBUG - 2026-06-09 13:33:19 --> Session: Class initialized using 'CodeIgniter\Session\Handlers\FileHandler' driver.
DEBUG - 2026-06-09 13:33:21 --> Session: Class initialized using 'CodeIgniter\Session\Handlers\FileHandler' driver.
DEBUG - 2026-06-09 13:33:25 --> Session: Class initialized using 'CodeIgniter\Session\Handlers\FileHandler' driver.
DEBUG - 2026-06-09 13:34:47 --> Session: Class initialized using 'CodeIgniter\Session\Handlers\FileHandler' driver.
DEBUG - 2026-06-09 13:35:08 --> Session: Class initialized using 'CodeIgniter\Session\Handlers\FileHandler' driver.
DEBUG - 2026-06-09 13:35:11 --> Session: Class initialized using 'CodeIgniter\Session\Handlers\FileHandler' driver.
DEBUG - 2026-06-09 13:35:13 --> Session: Class initialized using 'CodeIgniter\Session\Handlers\FileHandler' driver.
DEBUG - 2026-06-09 13:35:20 --> Session: Class initialized using 'CodeIgniter\Session\Handlers\FileHandler' driver.
DEBUG - 2026-06-09 13:35:22 --> Session: Class initialized using 'CodeIgniter\Session\Handlers\FileHandler' driver.
DEBUG - 2026-06-09 13:35:24 --> Session: Class initialized using 'CodeIgniter\Session\Handlers\FileHandler' driver.
DEBUG - 2026-06-09 13:38:41 --> Session: Class initialized using 'CodeIgniter\Session\Handlers\FileHandler' driver.
DEBUG - 2026-06-09 13:38:42 --> Session: Class initialized using 'CodeIgniter\Session\Handlers\FileHandler' driver.
DEBUG - 2026-06-09 13:38:48 --> Session: Class initialized using 'CodeIgniter\Session\Handlers\FileHandler' driver.
DEBUG - 2026-06-09 13:38:58 --> Session: Class initialized using 'CodeIgniter\Session\Handlers\FileHandler' driver.
DEBUG - 2026-06-09 13:39:00 --> Session: Class initialized using 'CodeIgniter\Session\Handlers\FileHandler' driver.
DEBUG - 2026-06-09 13:39:06 --> Session: Class initialized using 'CodeIgniter\Session\Handlers\FileHandler' driver.
DEBUG - 2026-06-09 13:39:07 --> Session: Class initialized using 'CodeIgniter\Session\Handlers\FileHandler' driver.
DEBUG - 2026-06-09 13:39:24 --> Session: Class initialized using 'CodeIgniter\Session\Handlers\FileHandler' driver.
DEBUG - 2026-06-09 13:39:26 --> Session: Class initialized using 'CodeIgniter\Session\Handlers\FileHandler' driver.
DEBUG - 2026-06-09 13:39:29 --> Session: Class initialized using 'CodeIgniter\Session\Handlers\FileHandler' driver.
DEBUG - 2026-06-09 13:39:45 --> Session: Class initialized using 'CodeIgniter\Session\Handlers\FileHandler' driver.
DEBUG - 2026-06-09 13:39:54 --> Session: Class initialized using 'CodeIgniter\Session\Handlers\FileHandler' driver.
DEBUG - 2026-06-09 13:39:56 --> Session: Class initialized using 'CodeIgniter\Session\Handlers\FileHandler' driver.
DEBUG - 2026-06-09 13:40:04 --> Session: Class initialized using 'CodeIgniter\Session\Handlers\FileHandler' driver.
DEBUG - 2026-06-09 13:40:05 --> Session: Class initialized using 'CodeIgniter\Session\Handlers\FileHandler' driver.
DEBUG - 2026-06-09 13:40:08 --> Session: Class initialized using 'CodeIgniter\Session\Handlers\FileHandler' driver.
DEBUG - 2026-06-09 13:40:11 --> Session: Class initialized using 'CodeIgniter\Session\Handlers\FileHandler' driver.
DEBUG - 2026-06-09 13:40:42 --> Session: Class initialized using 'CodeIgniter\Session\Handlers\FileHandler' driver.
DEBUG - 2026-06-09 13:40:50 --> Session: Class initialized using 'CodeIgniter\Session\Handlers\FileHandler' driver.
DEBUG - 2026-06-09 13:40:51 --> Session: Class initialized using 'CodeIgniter\Session\Handlers\FileHandler' driver.
DEBUG - 2026-06-09 13:40:53 --> Session: Class initialized using 'CodeIgniter\Session\Handlers\FileHandler' driver.
DEBUG - 2026-06-09 13:40:54 --> Session: Class initialized using 'CodeIgniter\Session\Handlers\FileHandler' driver.
DEBUG - 2026-06-09 13:40:57 --> Session: Class initialized using 'CodeIgniter\Session\Handlers\FileHandler' driver.
DEBUG - 2026-06-09 13:40:57 --> Session: Class initialized using 'CodeIgniter\Session\Handlers\FileHandler' driver.
DEBUG - 2026-06-09 13:41:02 --> Session: Class initialized using 'CodeIgniter\Session\Handlers\FileHandler' driver.
DEBUG - 2026-06-09 13:41:02 --> Session: Class initialized using 'CodeIgniter\Session\Handlers\FileHandler' driver.
DEBUG - 2026-06-09 13:41:10 --> Session: Class initialized using 'CodeIgniter\Session\Handlers\FileHandler' driver.
DEBUG - 2026-06-09 13:41:41 --> Session: Class initialized using 'CodeIgniter\Session\Handlers\FileHandler' driver.
DEBUG - 2026-06-09 13:41:46 --> Session: Class initialized using 'CodeIgniter\Session\Handlers\FileHandler' driver.
DEBUG - 2026-06-09 13:42:03 --> Session: Class initialized using 'CodeIgniter\Session\Handlers\FileHandler' driver.
DEBUG - 2026-06-09 13:42:33 --> Session: Class initialized using 'CodeIgniter\Session\Handlers\FileHandler' driver.
DEBUG - 2026-06-09 13:42:36 --> Session: Class initialized using 'CodeIgniter\Session\Handlers\FileHandler' driver.
DEBUG - 2026-06-09 13:42:46 --> Session: Class initialized using 'CodeIgniter\Session\Handlers\FileHandler' driver.
DEBUG - 2026-06-09 13:42:48 --> Session: Class initialized using 'CodeIgniter\Session\Handlers\FileHandler' driver.
DEBUG - 2026-06-09 13:42:49 --> Session: Class initialized using 'CodeIgniter\Session\Handlers\FileHandler' driver.
DEBUG - 2026-06-09 13:42:51 --> Session: Class initialized using 'CodeIgniter\Session\Handlers\FileHandler' driver.
DEBUG - 2026-06-09 13:43:19 --> Session: Class initialized using 'CodeIgniter\Session\Handlers\FileHandler' driver.
DEBUG - 2026-06-09 13:43:20 --> Session: Class initialized using 'CodeIgniter\Session\Handlers\FileHandler' driver.
DEBUG - 2026-06-09 13:43:47 --> Session: Class initialized using 'CodeIgniter\Session\Handlers\FileHandler' driver.
DEBUG - 2026-06-09 13:44:03 --> Session: Class initialized using 'CodeIgniter\Session\Handlers\FileHandler' driver.
DEBUG - 2026-06-09 13:44:07 --> Session: Class initialized using 'CodeIgniter\Session\Handlers\FileHandler' driver.
DEBUG - 2026-06-09 13:44:13 --> Session: Class initialized using 'CodeIgniter\Session\Handlers\FileHandler' driver.
DEBUG - 2026-06-09 13:44:31 --> Session: Class initialized using 'CodeIgniter\Session\Handlers\FileHandler' driver.
DEBUG - 2026-06-09 13:44:32 --> Session: Class initialized using 'CodeIgniter\Session\Handlers\FileHandler' driver.
DEBUG - 2026-06-09 13:44:35 --> Session: Class initialized using 'CodeIgniter\Session\Handlers\FileHandler' driver.
DEBUG - 2026-06-09 13:44:37 --> Session: Class initialized using 'CodeIgniter\Session\Handlers\FileHandler' driver.
DEBUG - 2026-06-09 13:44:39 --> Session: Class initialized using 'CodeIgniter\Session\Handlers\FileHandler' driver.
DEBUG - 2026-06-09 13:45:13 --> Session: Class initialized using 'CodeIgniter\Session\Handlers\FileHandler' driver.
DEBUG - 2026-06-09 13:45:44 --> Session: Class initialized using 'CodeIgniter\Session\Handlers\FileHandler' driver.
DEBUG - 2026-06-09 21:46:15 --> Session: Class initialized using 'CodeIgniter\Session\Handlers\FileHandler' driver.
DEBUG - 2026-06-09 21:46:46 --> Session: Class initialized using 'CodeIgniter\Session\Handlers\FileHandler' driver.
DEBUG - 2026-06-09 21:47:17 --> Session: Class initialized using 'CodeIgniter\Session\Handlers\FileHandler' driver.
DEBUG - 2026-06-09 21:47:48 --> Session: Class initialized using 'CodeIgniter\Session\Handlers\FileHandler' driver.
DEBUG - 2026-06-09 21:47:58 --> Session: Class initialized using 'CodeIgniter\Session\Handlers\FileHandler' driver.
DEBUG - 2026-06-09 21:48:02 --> Session: Class initialized using 'CodeIgniter\Session\Handlers\FileHandler' driver.
DEBUG - 2026-06-09 21:48:06 --> Session: Class initialized using 'CodeIgniter\Session\Handlers\FileHandler' driver.
DEBUG - 2026-06-09 21:48:08 --> Session: Class initialized using 'CodeIgniter\Session\Handlers\FileHandler' driver.
DEBUG - 2026-06-09 21:48:12 --> Session: Class initialized using 'CodeIgniter\Session\Handlers\FileHandler' driver.
DEBUG - 2026-06-09 21:48:24 --> Session: Class initialized using 'CodeIgniter\Session\Handlers\FileHandler' driver.
DEBUG - 2026-06-09 21:48:26 --> Session: Class initialized using 'CodeIgniter\Session\Handlers\FileHandler' driver.
DEBUG - 2026-06-09 21:48:30 --> Session: Class initialized using 'CodeIgniter\Session\Handlers\FileHandler' driver.
DEBUG - 2026-06-09 21:48:32 --> Session: Class initialized using 'CodeIgniter\Session\Handlers\FileHandler' driver.
DEBUG - 2026-06-09 21:48:41 --> Session: Class initialized using 'CodeIgniter\Session\Handlers\FileHandler' driver.
DEBUG - 2026-06-09 21:48:42 --> Session: Class initialized using 'CodeIgniter\Session\Handlers\FileHandler' driver.
DEBUG - 2026-06-09 21:49:01 --> Session: Class initialized using 'CodeIgniter\Session\Handlers\FileHandler' driver.
DEBUG - 2026-06-09 21:49:05 --> Session: Class initialized using 'CodeIgniter\Session\Handlers\FileHandler' driver.
DEBUG - 2026-06-09 21:49:07 --> Session: Class initialized using 'CodeIgniter\Session\Handlers\FileHandler' driver.
DEBUG - 2026-06-09 21:50:02 --> Session: Class initialized using 'CodeIgniter\Session\Handlers\FileHandler' driver.
DEBUG - 2026-06-09 21:50:04 --> Session: Class initialized using 'CodeIgniter\Session\Handlers\FileHandler' driver.
DEBUG - 2026-06-09 21:50:05 --> Session: Class initialized using 'CodeIgniter\Session\Handlers\FileHandler' driver.
DEBUG - 2026-06-09 21:50:07 --> Session: Class initialized using 'CodeIgniter\Session\Handlers\FileHandler' driver.
DEBUG - 2026-06-09 21:50:09 --> Session: Class initialized using 'CodeIgniter\Session\Handlers\FileHandler' driver.
DEBUG - 2026-06-09 21:50:10 --> Session: Class initialized using 'CodeIgniter\Session\Handlers\FileHandler' driver.
DEBUG - 2026-06-09 21:50:11 --> Session: Class initialized using 'CodeIgniter\Session\Handlers\FileHandler' driver.
DEBUG - 2026-06-09 21:50:13 --> Session: Class initialized using 'CodeIgniter\Session\Handlers\FileHandler' driver.
DEBUG - 2026-06-09 21:50:15 --> Session: Class initialized using 'CodeIgniter\Session\Handlers\FileHandler' driver.
DEBUG - 2026-06-09 21:50:16 --> Session: Class initialized using 'CodeIgniter\Session\Handlers\FileHandler' driver.
DEBUG - 2026-06-09 21:50:18 --> Session: Class initialized using 'CodeIgniter\Session\Handlers\FileHandler' driver.
DEBUG - 2026-06-09 21:50:19 --> Session: Class initialized using 'CodeIgniter\Session\Handlers\FileHandler' driver.
DEBUG - 2026-06-09 21:50:21 --> Session: Class initialized using 'CodeIgniter\Session\Handlers\FileHandler' driver.
DEBUG - 2026-06-09 21:50:32 --> Session: Class initialized using 'CodeIgniter\Session\Handlers\FileHandler' driver.
DEBUG - 2026-06-09 21:51:11 --> Session: Class initialized using 'CodeIgniter\Session\Handlers\FileHandler' driver.
DEBUG - 2026-06-09 21:51:14 --> Session: Class initialized using 'CodeIgniter\Session\Handlers\FileHandler' driver.
DEBUG - 2026-06-09 21:51:16 --> Session: Class initialized using 'CodeIgniter\Session\Handlers\FileHandler' driver.
DEBUG - 2026-06-09 21:51:18 --> Session: Class initialized using 'CodeIgniter\Session\Handlers\FileHandler' driver.
DEBUG - 2026-06-09 21:51:23 --> Session: Class initialized using 'CodeIgniter\Session\Handlers\FileHandler' driver.
DEBUG - 2026-06-09 21:51:29 --> Session: Class initialized using 'CodeIgniter\Session\Handlers\FileHandler' driver.
DEBUG - 2026-06-09 21:51:30 --> Session: Class initialized using 'CodeIgniter\Session\Handlers\FileHandler' driver.
DEBUG - 2026-06-09 21:51:33 --> Session: Class initialized using 'CodeIgniter\Session\Handlers\FileHandler' driver.
DEBUG - 2026-06-09 21:51:35 --> Session: Class initialized using 'CodeIgniter\Session\Handlers\FileHandler' driver.
DEBUG - 2026-06-09 21:51:43 --> Session: Class initialized using 'CodeIgniter\Session\Handlers\FileHandler' driver.
DEBUG - 2026-06-09 21:51:45 --> Session: Class initialized using 'CodeIgniter\Session\Handlers\FileHandler' driver.
DEBUG - 2026-06-09 21:51:53 --> Session: Class initialized using 'CodeIgniter\Session\Handlers\FileHandler' driver.
DEBUG - 2026-06-09 21:51:54 --> Session: Class initialized using 'CodeIgniter\Session\Handlers\FileHandler' driver.
DEBUG - 2026-06-09 21:51:56 --> Session: Class initialized using 'CodeIgniter\Session\Handlers\FileHandler' driver.
DEBUG - 2026-06-09 21:51:58 --> Session: Class initialized using 'CodeIgniter\Session\Handlers\FileHandler' driver.
DEBUG - 2026-06-09 21:54:00 --> Session: Class initialized using 'CodeIgniter\Session\Handlers\FileHandler' driver.
DEBUG - 2026-06-09 21:57:25 --> Session: Class initialized using 'CodeIgniter\Session\Handlers\FileHandler' driver.
DEBUG - 2026-06-09 21:57:28 --> Session: Class initialized using 'CodeIgniter\Session\Handlers\FileHandler' driver.
DEBUG - 2026-06-09 21:57:28 --> Session: Class initialized using 'CodeIgniter\Session\Handlers\FileHandler' driver.
DEBUG - 2026-06-09 21:57:32 --> Session: Class initialized using 'CodeIgniter\Session\Handlers\FileHandler' driver.
DEBUG - 2026-06-09 21:58:04 --> Session: Class initialized using 'CodeIgniter\Session\Handlers\FileHandler' driver.
DEBUG - 2026-06-09 21:58:07 --> Session: Class initialized using 'CodeIgniter\Session\Handlers\FileHandler' driver.
DEBUG - 2026-06-09 21:58:18 --> Session: Class initialized using 'CodeIgniter\Session\Handlers\FileHandler' driver.
DEBUG - 2026-06-09 22:11:46 --> Session: Class initialized using 'CodeIgniter\Session\Handlers\FileHandler' driver.
DEBUG - 2026-06-09 22:11:56 --> Session: Class initialized using 'CodeIgniter\Session\Handlers\FileHandler' driver.
DEBUG - 2026-06-09 22:11:56 --> Session: Class initialized using 'CodeIgniter\Session\Handlers\FileHandler' driver.
DEBUG - 2026-06-09 22:12:00 --> Session: Class initialized using 'CodeIgniter\Session\Handlers\FileHandler' driver.
DEBUG - 2026-06-09 22:12:02 --> Session: Class initialized using 'CodeIgniter\Session\Handlers\FileHandler' driver.
DEBUG - 2026-06-09 22:14:08 --> Session: Class initialized using 'CodeIgniter\Session\Handlers\FileHandler' driver.
DEBUG - 2026-06-09 22:15:57 --> Session: Class initialized using 'CodeIgniter\Session\Handlers\FileHandler' driver.
DEBUG - 2026-06-09 22:18:05 --> Session: Class initialized using 'CodeIgniter\Session\Handlers\FileHandler' driver.
DEBUG - 2026-06-09 22:21:09 --> Session: Class initialized using 'CodeIgniter\Session\Handlers\FileHandler' driver.
DEBUG - 2026-06-09 22:21:20 --> Session: Class initialized using 'CodeIgniter\Session\Handlers\FileHandler' driver.
DEBUG - 2026-06-09 22:21:23 --> Session: Class initialized using 'CodeIgniter\Session\Handlers\FileHandler' driver.
DEBUG - 2026-06-09 22:23:53 --> Session: Class initialized using 'CodeIgniter\Session\Handlers\FileHandler' driver.
DEBUG - 2026-06-09 22:24:35 --> Session: Class initialized using 'CodeIgniter\Session\Handlers\FileHandler' driver.
DEBUG - 2026-06-09 22:27:32 --> Session: Class initialized using 'CodeIgniter\Session\Handlers\FileHandler' driver.
DEBUG - 2026-06-09 22:27:59 --> Session: Class initialized using 'CodeIgniter\Session\Handlers\FileHandler' driver.
DEBUG - 2026-06-09 22:28:12 --> Session: Class initialized using 'CodeIgniter\Session\Handlers\FileHandler' driver.
DEBUG - 2026-06-09 22:28:22 --> Session: Class initialized using 'CodeIgniter\Session\Handlers\FileHandler' driver.
DEBUG - 2026-06-09 22:28:33 --> Session: Class initialized using 'CodeIgniter\Session\Handlers\FileHandler' driver.
DEBUG - 2026-06-09 22:28:33 --> Session: Class initialized using 'CodeIgniter\Session\Handlers\FileHandler' driver.
DEBUG - 2026-06-09 22:28:45 --> Session: Class initialized using 'CodeIgniter\Session\Handlers\FileHandler' driver.
DEBUG - 2026-06-09 22:28:59 --> Session: Class initialized using 'CodeIgniter\Session\Handlers\FileHandler' driver.
DEBUG - 2026-06-09 22:29:02 --> Session: Class initialized using 'CodeIgniter\Session\Handlers\FileHandler' driver.
DEBUG - 2026-06-09 22:29:10 --> Session: Class initialized using 'CodeIgniter\Session\Handlers\FileHandler' driver.
DEBUG - 2026-06-09 22:29:11 --> Session: Class initialized using 'CodeIgniter\Session\Handlers\FileHandler' driver.
DEBUG - 2026-06-09 22:29:31 --> Session: Class initialized using 'CodeIgniter\Session\Handlers\FileHandler' driver.
WARNING - 2026-06-09 22:29:31 --> [DEPRECATED] ucfirst(): Passing null to parameter #1 ($string) of type string is deprecated in APPPATH\Views\theme\navbar.php on line 23.
 1 APPPATH\Views\theme\navbar.php(23): ucfirst(null)
 2 SYSTEMPATH\View\View.php(240): include('C:\\xampp\\htdocs\\scan2fetch\\app\\Views\\theme\\navbar.php')
 3 SYSTEMPATH\View\View.php(243): CodeIgniter\View\View->CodeIgniter\View\{closure}()
 4 SYSTEMPATH\View\View.php(489): CodeIgniter\View\View->render('theme/navbar', null, true)
 5 APPPATH\Views\theme\template.php(25): CodeIgniter\View\View->include('theme/navbar')
 6 SYSTEMPATH\View\View.php(240): include('C:\\xampp\\htdocs\\scan2fetch\\app\\Views\\theme\\template.php')
 7 SYSTEMPATH\View\View.php(243): CodeIgniter\View\View->CodeIgniter\View\{closure}()
 8 SYSTEMPATH\View\View.php(256): CodeIgniter\View\View->render('theme/template', [], true)
 9 SYSTEMPATH\Common.php(1254): CodeIgniter\View\View->render('parents_view', [], true)
10 APPPATH\Controllers\Parents.php(57): view('parents_view', [...])
11 SYSTEMPATH\CodeIgniter.php(974): App\Controllers\Parents->view('29')
12 SYSTEMPATH\CodeIgniter.php(520): CodeIgniter\CodeIgniter->runController(Object(App\Controllers\Parents))
13 SYSTEMPATH\CodeIgniter.php(363): CodeIgniter\CodeIgniter->handleRequest(null, Object(Config\Cache), false)
14 SYSTEMPATH\Boot.php(417): CodeIgniter\CodeIgniter->run()
15 SYSTEMPATH\Boot.php(68): CodeIgniter\Boot::runCodeIgniter(Object(CodeIgniter\CodeIgniter))
16 FCPATH\index.php(61): CodeIgniter\Boot::bootWeb(Object(Config\Paths))
17 SYSTEMPATH\rewrite.php(44): require_once('C:\\xampp\\htdocs\\scan2fetch\\public\\index.php')
WARNING - 2026-06-09 22:29:31 --> [DEPRECATED] ucfirst(): Passing null to parameter #1 ($string) of type string is deprecated in APPPATH\Views\theme\navbar.php on line 28.
 1 APPPATH\Views\theme\navbar.php(28): ucfirst(null)
 2 SYSTEMPATH\View\View.php(240): include('C:\\xampp\\htdocs\\scan2fetch\\app\\Views\\theme\\navbar.php')
 3 SYSTEMPATH\View\View.php(243): CodeIgniter\View\View->CodeIgniter\View\{closure}()
 4 SYSTEMPATH\View\View.php(489): CodeIgniter\View\View->render('theme/navbar', null, true)
 5 APPPATH\Views\theme\template.php(25): CodeIgniter\View\View->include('theme/navbar')
 6 SYSTEMPATH\View\View.php(240): include('C:\\xampp\\htdocs\\scan2fetch\\app\\Views\\theme\\template.php')
 7 SYSTEMPATH\View\View.php(243): CodeIgniter\View\View->CodeIgniter\View\{closure}()
 8 SYSTEMPATH\View\View.php(256): CodeIgniter\View\View->render('theme/template', [], true)
 9 SYSTEMPATH\Common.php(1254): CodeIgniter\View\View->render('parents_view', [], true)
10 APPPATH\Controllers\Parents.php(57): view('parents_view', [...])
11 SYSTEMPATH\CodeIgniter.php(974): App\Controllers\Parents->view('29')
12 SYSTEMPATH\CodeIgniter.php(520): CodeIgniter\CodeIgniter->runController(Object(App\Controllers\Parents))
13 SYSTEMPATH\CodeIgniter.php(363): CodeIgniter\CodeIgniter->handleRequest(null, Object(Config\Cache), false)
14 SYSTEMPATH\Boot.php(417): CodeIgniter\CodeIgniter->run()
15 SYSTEMPATH\Boot.php(68): CodeIgniter\Boot::runCodeIgniter(Object(CodeIgniter\CodeIgniter))
16 FCPATH\index.php(61): CodeIgniter\Boot::bootWeb(Object(Config\Paths))
17 SYSTEMPATH\rewrite.php(44): require_once('C:\\xampp\\htdocs\\scan2fetch\\public\\index.php')
DEBUG - 2026-06-09 22:30:04 --> Session: Class initialized using 'CodeIgniter\Session\Handlers\FileHandler' driver.
DEBUG - 2026-06-09 22:30:04 --> Session: Class initialized using 'CodeIgniter\Session\Handlers\FileHandler' driver.
DEBUG - 2026-06-09 22:30:13 --> Session: Class initialized using 'CodeIgniter\Session\Handlers\FileHandler' driver.
DEBUG - 2026-06-09 22:30:19 --> Session: Class initialized using 'CodeIgniter\Session\Handlers\FileHandler' driver.
DEBUG - 2026-06-09 22:30:29 --> Session: Class initialized using 'CodeIgniter\Session\Handlers\FileHandler' driver.
DEBUG - 2026-06-09 22:30:29 --> Session: Class initialized using 'CodeIgniter\Session\Handlers\FileHandler' driver.
DEBUG - 2026-06-09 22:30:38 --> Session: Class initialized using 'CodeIgniter\Session\Handlers\FileHandler' driver.
DEBUG - 2026-06-09 22:30:44 --> Session: Class initialized using 'CodeIgniter\Session\Handlers\FileHandler' driver.
DEBUG - 2026-06-09 22:30:44 --> Session: Class initialized using 'CodeIgniter\Session\Handlers\FileHandler' driver.
DEBUG - 2026-06-09 22:30:49 --> Session: Class initialized using 'CodeIgniter\Session\Handlers\FileHandler' driver.
WARNING - 2026-06-09 22:30:49 --> [DEPRECATED] ucfirst(): Passing null to parameter #1 ($string) of type string is deprecated in APPPATH\Views\theme\navbar.php on line 23.
 1 APPPATH\Views\theme\navbar.php(23): ucfirst(null)
 2 SYSTEMPATH\View\View.php(240): include('C:\\xampp\\htdocs\\scan2fetch\\app\\Views\\theme\\navbar.php')
 3 SYSTEMPATH\View\View.php(243): CodeIgniter\View\View->CodeIgniter\View\{closure}()
 4 SYSTEMPATH\View\View.php(489): CodeIgniter\View\View->render('theme/navbar', null, true)
 5 APPPATH\Views\theme\template.php(25): CodeIgniter\View\View->include('theme/navbar')
 6 SYSTEMPATH\View\View.php(240): include('C:\\xampp\\htdocs\\scan2fetch\\app\\Views\\theme\\template.php')
 7 SYSTEMPATH\View\View.php(243): CodeIgniter\View\View->CodeIgniter\View\{closure}()
 8 SYSTEMPATH\View\View.php(256): CodeIgniter\View\View->render('theme/template', [], true)
 9 SYSTEMPATH\Common.php(1254): CodeIgniter\View\View->render('parents', [], true)
10 APPPATH\Controllers\Parents.php(34): view('parents', [...])
11 SYSTEMPATH\CodeIgniter.php(974): App\Controllers\Parents->index()
12 SYSTEMPATH\CodeIgniter.php(520): CodeIgniter\CodeIgniter->runController(Object(App\Controllers\Parents))
13 SYSTEMPATH\CodeIgniter.php(363): CodeIgniter\CodeIgniter->handleRequest(null, Object(Config\Cache), false)
14 SYSTEMPATH\Boot.php(417): CodeIgniter\CodeIgniter->run()
15 SYSTEMPATH\Boot.php(68): CodeIgniter\Boot::runCodeIgniter(Object(CodeIgniter\CodeIgniter))
16 FCPATH\index.php(61): CodeIgniter\Boot::bootWeb(Object(Config\Paths))
17 SYSTEMPATH\rewrite.php(44): require_once('C:\\xampp\\htdocs\\scan2fetch\\public\\index.php')
WARNING - 2026-06-09 22:30:49 --> [DEPRECATED] ucfirst(): Passing null to parameter #1 ($string) of type string is deprecated in APPPATH\Views\theme\navbar.php on line 28.
 1 APPPATH\Views\theme\navbar.php(28): ucfirst(null)
 2 SYSTEMPATH\View\View.php(240): include('C:\\xampp\\htdocs\\scan2fetch\\app\\Views\\theme\\navbar.php')
 3 SYSTEMPATH\View\View.php(243): CodeIgniter\View\View->CodeIgniter\View\{closure}()
 4 SYSTEMPATH\View\View.php(489): CodeIgniter\View\View->render('theme/navbar', null, true)
 5 APPPATH\Views\theme\template.php(25): CodeIgniter\View\View->include('theme/navbar')
 6 SYSTEMPATH\View\View.php(240): include('C:\\xampp\\htdocs\\scan2fetch\\app\\Views\\theme\\template.php')
 7 SYSTEMPATH\View\View.php(243): CodeIgniter\View\View->CodeIgniter\View\{closure}()
 8 SYSTEMPATH\View\View.php(256): CodeIgniter\View\View->render('theme/template', [], true)
 9 SYSTEMPATH\Common.php(1254): CodeIgniter\View\View->render('parents', [], true)
10 APPPATH\Controllers\Parents.php(34): view('parents', [...])
11 SYSTEMPATH\CodeIgniter.php(974): App\Controllers\Parents->index()
12 SYSTEMPATH\CodeIgniter.php(520): CodeIgniter\CodeIgniter->runController(Object(App\Controllers\Parents))
13 SYSTEMPATH\CodeIgniter.php(363): CodeIgniter\CodeIgniter->handleRequest(null, Object(Config\Cache), false)
14 SYSTEMPATH\Boot.php(417): CodeIgniter\CodeIgniter->run()
15 SYSTEMPATH\Boot.php(68): CodeIgniter\Boot::runCodeIgniter(Object(CodeIgniter\CodeIgniter))
16 FCPATH\index.php(61): CodeIgniter\Boot::bootWeb(Object(Config\Paths))
17 SYSTEMPATH\rewrite.php(44): require_once('C:\\xampp\\htdocs\\scan2fetch\\public\\index.php')
DEBUG - 2026-06-09 22:31:04 --> Session: Class initialized using 'CodeIgniter\Session\Handlers\FileHandler' driver.
CRITICAL - 2026-06-09 22:31:04 --> Error: Call to a member function orderBy() on null
[Method: GET, Route: students]
in APPPATH\Controllers\Students.php on line 31.
 1 SYSTEMPATH\CodeIgniter.php(974): App\Controllers\Students->index()
 2 SYSTEMPATH\CodeIgniter.php(520): CodeIgniter\CodeIgniter->runController(Object(App\Controllers\Students))
 3 SYSTEMPATH\CodeIgniter.php(363): CodeIgniter\CodeIgniter->handleRequest(null, Object(Config\Cache), false)
 4 SYSTEMPATH\Boot.php(417): CodeIgniter\CodeIgniter->run()
 5 SYSTEMPATH\Boot.php(68): CodeIgniter\Boot::runCodeIgniter(Object(CodeIgniter\CodeIgniter))
 6 FCPATH\index.php(61): CodeIgniter\Boot::bootWeb(Object(Config\Paths))
 7 SYSTEMPATH\rewrite.php(44): require_once('C:\\xampp\\htdocs\\scan2fetch\\public\\index.php')
DEBUG - 2026-06-09 22:31:16 --> Session: Class initialized using 'CodeIgniter\Session\Handlers\FileHandler' driver.
DEBUG - 2026-06-09 22:32:13 --> Session: Class initialized using 'CodeIgniter\Session\Handlers\FileHandler' driver.
DEBUG - 2026-06-09 22:32:13 --> Session: Class initialized using 'CodeIgniter\Session\Handlers\FileHandler' driver.
DEBUG - 2026-06-09 22:32:20 --> Session: Class initialized using 'CodeIgniter\Session\Handlers\FileHandler' driver.
DEBUG - 2026-06-09 22:32:20 --> Session: Class initialized using 'CodeIgniter\Session\Handlers\FileHandler' driver.
DEBUG - 2026-06-09 22:32:26 --> Session: Class initialized using 'CodeIgniter\Session\Handlers\FileHandler' driver.
WARNING - 2026-06-09 22:32:26 --> [DEPRECATED] ucfirst(): Passing null to parameter #1 ($string) of type string is deprecated in APPPATH\Views\theme\navbar.php on line 23.
 1 APPPATH\Views\theme\navbar.php(23): ucfirst(null)
 2 SYSTEMPATH\View\View.php(240): include('C:\\xampp\\htdocs\\scan2fetch\\app\\Views\\theme\\navbar.php')
 3 SYSTEMPATH\View\View.php(243): CodeIgniter\View\View->CodeIgniter\View\{closure}()
 4 SYSTEMPATH\View\View.php(489): CodeIgniter\View\View->render('theme/navbar', null, true)
 5 APPPATH\Views\theme\template.php(25): CodeIgniter\View\View->include('theme/navbar')
 6 SYSTEMPATH\View\View.php(240): include('C:\\xampp\\htdocs\\scan2fetch\\app\\Views\\theme\\template.php')
 7 SYSTEMPATH\View\View.php(243): CodeIgniter\View\View->CodeIgniter\View\{closure}()
 8 SYSTEMPATH\View\View.php(256): CodeIgniter\View\View->render('theme/template', [], true)
 9 SYSTEMPATH\Common.php(1254): CodeIgniter\View\View->render('parents', [], true)
10 APPPATH\Controllers\Parents.php(34): view('parents', [...])
11 SYSTEMPATH\CodeIgniter.php(974): App\Controllers\Parents->index()
12 SYSTEMPATH\CodeIgniter.php(520): CodeIgniter\CodeIgniter->runController(Object(App\Controllers\Parents))
13 SYSTEMPATH\CodeIgniter.php(363): CodeIgniter\CodeIgniter->handleRequest(null, Object(Config\Cache), false)
14 SYSTEMPATH\Boot.php(417): CodeIgniter\CodeIgniter->run()
15 SYSTEMPATH\Boot.php(68): CodeIgniter\Boot::runCodeIgniter(Object(CodeIgniter\CodeIgniter))
16 FCPATH\index.php(61): CodeIgniter\Boot::bootWeb(Object(Config\Paths))
17 SYSTEMPATH\rewrite.php(44): require_once('C:\\xampp\\htdocs\\scan2fetch\\public\\index.php')
WARNING - 2026-06-09 22:32:26 --> [DEPRECATED] ucfirst(): Passing null to parameter #1 ($string) of type string is deprecated in APPPATH\Views\theme\navbar.php on line 28.
 1 APPPATH\Views\theme\navbar.php(28): ucfirst(null)
 2 SYSTEMPATH\View\View.php(240): include('C:\\xampp\\htdocs\\scan2fetch\\app\\Views\\theme\\navbar.php')
 3 SYSTEMPATH\View\View.php(243): CodeIgniter\View\View->CodeIgniter\View\{closure}()
 4 SYSTEMPATH\View\View.php(489): CodeIgniter\View\View->render('theme/navbar', null, true)
 5 APPPATH\Views\theme\template.php(25): CodeIgniter\View\View->include('theme/navbar')
 6 SYSTEMPATH\View\View.php(240): include('C:\\xampp\\htdocs\\scan2fetch\\app\\Views\\theme\\template.php')
 7 SYSTEMPATH\View\View.php(243): CodeIgniter\View\View->CodeIgniter\View\{closure}()
 8 SYSTEMPATH\View\View.php(256): CodeIgniter\View\View->render('theme/template', [], true)
 9 SYSTEMPATH\Common.php(1254): CodeIgniter\View\View->render('parents', [], true)
10 APPPATH\Controllers\Parents.php(34): view('parents', [...])
11 SYSTEMPATH\CodeIgniter.php(974): App\Controllers\Parents->index()
12 SYSTEMPATH\CodeIgniter.php(520): CodeIgniter\CodeIgniter->runController(Object(App\Controllers\Parents))
13 SYSTEMPATH\CodeIgniter.php(363): CodeIgniter\CodeIgniter->handleRequest(null, Object(Config\Cache), false)
14 SYSTEMPATH\Boot.php(417): CodeIgniter\CodeIgniter->run()
15 SYSTEMPATH\Boot.php(68): CodeIgniter\Boot::runCodeIgniter(Object(CodeIgniter\CodeIgniter))
16 FCPATH\index.php(61): CodeIgniter\Boot::bootWeb(Object(Config\Paths))
17 SYSTEMPATH\rewrite.php(44): require_once('C:\\xampp\\htdocs\\scan2fetch\\public\\index.php')
DEBUG - 2026-06-09 22:32:29 --> Session: Class initialized using 'CodeIgniter\Session\Handlers\FileHandler' driver.
WARNING - 2026-06-09 22:32:29 --> [DEPRECATED] ucfirst(): Passing null to parameter #1 ($string) of type string is deprecated in APPPATH\Views\theme\navbar.php on line 23.
 1 APPPATH\Views\theme\navbar.php(23): ucfirst(null)
 2 SYSTEMPATH\View\View.php(240): include('C:\\xampp\\htdocs\\scan2fetch\\app\\Views\\theme\\navbar.php')
 3 SYSTEMPATH\View\View.php(243): CodeIgniter\View\View->CodeIgniter\View\{closure}()
 4 SYSTEMPATH\View\View.php(489): CodeIgniter\View\View->render('theme/navbar', null, true)
 5 APPPATH\Views\theme\template.php(25): CodeIgniter\View\View->include('theme/navbar')
 6 SYSTEMPATH\View\View.php(240): include('C:\\xampp\\htdocs\\scan2fetch\\app\\Views\\theme\\template.php')
 7 SYSTEMPATH\View\View.php(243): CodeIgniter\View\View->CodeIgniter\View\{closure}()
 8 SYSTEMPATH\View\View.php(256): CodeIgniter\View\View->render('theme/template', [], true)
 9 SYSTEMPATH\Common.php(1254): CodeIgniter\View\View->render('parents_view', [], true)
10 APPPATH\Controllers\Parents.php(57): view('parents_view', [...])
11 SYSTEMPATH\CodeIgniter.php(974): App\Controllers\Parents->view('29')
12 SYSTEMPATH\CodeIgniter.php(520): CodeIgniter\CodeIgniter->runController(Object(App\Controllers\Parents))
13 SYSTEMPATH\CodeIgniter.php(363): CodeIgniter\CodeIgniter->handleRequest(null, Object(Config\Cache), false)
14 SYSTEMPATH\Boot.php(417): CodeIgniter\CodeIgniter->run()
15 SYSTEMPATH\Boot.php(68): CodeIgniter\Boot::runCodeIgniter(Object(CodeIgniter\CodeIgniter))
16 FCPATH\index.php(61): CodeIgniter\Boot::bootWeb(Object(Config\Paths))
17 SYSTEMPATH\rewrite.php(44): require_once('C:\\xampp\\htdocs\\scan2fetch\\public\\index.php')
WARNING - 2026-06-09 22:32:29 --> [DEPRECATED] ucfirst(): Passing null to parameter #1 ($string) of type string is deprecated in APPPATH\Views\theme\navbar.php on line 28.
 1 APPPATH\Views\theme\navbar.php(28): ucfirst(null)
 2 SYSTEMPATH\View\View.php(240): include('C:\\xampp\\htdocs\\scan2fetch\\app\\Views\\theme\\navbar.php')
 3 SYSTEMPATH\View\View.php(243): CodeIgniter\View\View->CodeIgniter\View\{closure}()
 4 SYSTEMPATH\View\View.php(489): CodeIgniter\View\View->render('theme/navbar', null, true)
 5 APPPATH\Views\theme\template.php(25): CodeIgniter\View\View->include('theme/navbar')
 6 SYSTEMPATH\View\View.php(240): include('C:\\xampp\\htdocs\\scan2fetch\\app\\Views\\theme\\template.php')
 7 SYSTEMPATH\View\View.php(243): CodeIgniter\View\View->CodeIgniter\View\{closure}()
 8 SYSTEMPATH\View\View.php(256): CodeIgniter\View\View->render('theme/template', [], true)
 9 SYSTEMPATH\Common.php(1254): CodeIgniter\View\View->render('parents_view', [], true)
10 APPPATH\Controllers\Parents.php(57): view('parents_view', [...])
11 SYSTEMPATH\CodeIgniter.php(974): App\Controllers\Parents->view('29')
12 SYSTEMPATH\CodeIgniter.php(520): CodeIgniter\CodeIgniter->runController(Object(App\Controllers\Parents))
13 SYSTEMPATH\CodeIgniter.php(363): CodeIgniter\CodeIgniter->handleRequest(null, Object(Config\Cache), false)
14 SYSTEMPATH\Boot.php(417): CodeIgniter\CodeIgniter->run()
15 SYSTEMPATH\Boot.php(68): CodeIgniter\Boot::runCodeIgniter(Object(CodeIgniter\CodeIgniter))
16 FCPATH\index.php(61): CodeIgniter\Boot::bootWeb(Object(Config\Paths))
17 SYSTEMPATH\rewrite.php(44): require_once('C:\\xampp\\htdocs\\scan2fetch\\public\\index.php')
DEBUG - 2026-06-09 22:32:32 --> Session: Class initialized using 'CodeIgniter\Session\Handlers\FileHandler' driver.
DEBUG - 2026-06-09 22:32:33 --> Session: Class initialized using 'CodeIgniter\Session\Handlers\FileHandler' driver.
DEBUG - 2026-06-09 22:33:37 --> Session: Class initialized using 'CodeIgniter\Session\Handlers\FileHandler' driver.
DEBUG - 2026-06-09 22:33:40 --> Session: Class initialized using 'CodeIgniter\Session\Handlers\FileHandler' driver.
DEBUG - 2026-06-09 22:33:41 --> Session: Class initialized using 'CodeIgniter\Session\Handlers\FileHandler' driver.
DEBUG - 2026-06-09 22:35:09 --> Session: Class initialized using 'CodeIgniter\Session\Handlers\FileHandler' driver.
DEBUG - 2026-06-09 22:35:12 --> Session: Class initialized using 'CodeIgniter\Session\Handlers\FileHandler' driver.
DEBUG - 2026-06-09 22:35:12 --> Session: Class initialized using 'CodeIgniter\Session\Handlers\FileHandler' driver.
DEBUG - 2026-06-09 22:35:49 --> Session: Class initialized using 'CodeIgniter\Session\Handlers\FileHandler' driver.
DEBUG - 2026-06-09 22:35:49 --> Session: Class initialized using 'CodeIgniter\Session\Handlers\FileHandler' driver.
DEBUG - 2026-06-09 22:36:32 --> Session: Class initialized using 'CodeIgniter\Session\Handlers\FileHandler' driver.
DEBUG - 2026-06-09 22:36:35 --> Session: Class initialized using 'CodeIgniter\Session\Handlers\FileHandler' driver.
DEBUG - 2026-06-09 22:37:00 --> Session: Class initialized using 'CodeIgniter\Session\Handlers\FileHandler' driver.
WARNING - 2026-06-09 22:37:00 --> [DEPRECATED] ucfirst(): Passing null to parameter #1 ($string) of type string is deprecated in APPPATH\Views\theme\navbar.php on line 23.
 1 APPPATH\Views\theme\navbar.php(23): ucfirst(null)
 2 SYSTEMPATH\View\View.php(240): include('C:\\xampp\\htdocs\\scan2fetch\\app\\Views\\theme\\navbar.php')
 3 SYSTEMPATH\View\View.php(243): CodeIgniter\View\View->CodeIgniter\View\{closure}()
 4 SYSTEMPATH\View\View.php(489): CodeIgniter\View\View->render('theme/navbar', null, true)
 5 APPPATH\Views\theme\template.php(25): CodeIgniter\View\View->include('theme/navbar')
 6 SYSTEMPATH\View\View.php(240): include('C:\\xampp\\htdocs\\scan2fetch\\app\\Views\\theme\\template.php')
 7 SYSTEMPATH\View\View.php(243): CodeIgniter\View\View->CodeIgniter\View\{closure}()
 8 SYSTEMPATH\View\View.php(256): CodeIgniter\View\View->render('theme/template', [], true)
 9 SYSTEMPATH\Common.php(1254): CodeIgniter\View\View->render('parents_logs', [], true)
10 APPPATH\Controllers\Parents.php(239): view('parents_logs', [...])
11 SYSTEMPATH\CodeIgniter.php(974): App\Controllers\Parents->logs()
12 SYSTEMPATH\CodeIgniter.php(520): CodeIgniter\CodeIgniter->runController(Object(App\Controllers\Parents))
13 SYSTEMPATH\CodeIgniter.php(363): CodeIgniter\CodeIgniter->handleRequest(null, Object(Config\Cache), false)
14 SYSTEMPATH\Boot.php(417): CodeIgniter\CodeIgniter->run()
15 SYSTEMPATH\Boot.php(68): CodeIgniter\Boot::runCodeIgniter(Object(CodeIgniter\CodeIgniter))
16 FCPATH\index.php(61): CodeIgniter\Boot::bootWeb(Object(Config\Paths))
17 SYSTEMPATH\rewrite.php(44): require_once('C:\\xampp\\htdocs\\scan2fetch\\public\\index.php')
WARNING - 2026-06-09 22:37:00 --> [DEPRECATED] ucfirst(): Passing null to parameter #1 ($string) of type string is deprecated in APPPATH\Views\theme\navbar.php on line 28.
 1 APPPATH\Views\theme\navbar.php(28): ucfirst(null)
 2 SYSTEMPATH\View\View.php(240): include('C:\\xampp\\htdocs\\scan2fetch\\app\\Views\\theme\\navbar.php')
 3 SYSTEMPATH\View\View.php(243): CodeIgniter\View\View->CodeIgniter\View\{closure}()
 4 SYSTEMPATH\View\View.php(489): CodeIgniter\View\View->render('theme/navbar', null, true)
 5 APPPATH\Views\theme\template.php(25): CodeIgniter\View\View->include('theme/navbar')
 6 SYSTEMPATH\View\View.php(240): include('C:\\xampp\\htdocs\\scan2fetch\\app\\Views\\theme\\template.php')
 7 SYSTEMPATH\View\View.php(243): CodeIgniter\View\View->CodeIgniter\View\{closure}()
 8 SYSTEMPATH\View\View.php(256): CodeIgniter\View\View->render('theme/template', [], true)
 9 SYSTEMPATH\Common.php(1254): CodeIgniter\View\View->render('parents_logs', [], true)
10 APPPATH\Controllers\Parents.php(239): view('parents_logs', [...])
11 SYSTEMPATH\CodeIgniter.php(974): App\Controllers\Parents->logs()
12 SYSTEMPATH\CodeIgniter.php(520): CodeIgniter\CodeIgniter->runController(Object(App\Controllers\Parents))
13 SYSTEMPATH\CodeIgniter.php(363): CodeIgniter\CodeIgniter->handleRequest(null, Object(Config\Cache), false)
14 SYSTEMPATH\Boot.php(417): CodeIgniter\CodeIgniter->run()
15 SYSTEMPATH\Boot.php(68): CodeIgniter\Boot::runCodeIgniter(Object(CodeIgniter\CodeIgniter))
16 FCPATH\index.php(61): CodeIgniter\Boot::bootWeb(Object(Config\Paths))
17 SYSTEMPATH\rewrite.php(44): require_once('C:\\xampp\\htdocs\\scan2fetch\\public\\index.php')
DEBUG - 2026-06-09 22:42:33 --> Session: Class initialized using 'CodeIgniter\Session\Handlers\FileHandler' driver.
DEBUG - 2026-06-09 22:42:33 --> Session: Class initialized using 'CodeIgniter\Session\Handlers\FileHandler' driver.
DEBUG - 2026-06-09 22:42:40 --> Session: Class initialized using 'CodeIgniter\Session\Handlers\FileHandler' driver.
DEBUG - 2026-06-09 22:42:41 --> Session: Class initialized using 'CodeIgniter\Session\Handlers\FileHandler' driver.
DEBUG - 2026-06-09 22:43:03 --> Session: Class initialized using 'CodeIgniter\Session\Handlers\FileHandler' driver.
DEBUG - 2026-06-09 22:43:03 --> Session: Class initialized using 'CodeIgniter\Session\Handlers\FileHandler' driver.
DEBUG - 2026-06-09 22:43:15 --> Session: Class initialized using 'CodeIgniter\Session\Handlers\FileHandler' driver.
DEBUG - 2026-06-09 22:43:33 --> Session: Class initialized using 'CodeIgniter\Session\Handlers\FileHandler' driver.
DEBUG - 2026-06-09 22:43:33 --> Session: Class initialized using 'CodeIgniter\Session\Handlers\FileHandler' driver.
DEBUG - 2026-06-09 22:44:05 --> Session: Class initialized using 'CodeIgniter\Session\Handlers\FileHandler' driver.
DEBUG - 2026-06-09 22:44:27 --> Session: Class initialized using 'CodeIgniter\Session\Handlers\FileHandler' driver.
DEBUG - 2026-06-09 22:44:47 --> Session: Class initialized using 'CodeIgniter\Session\Handlers\FileHandler' driver.
DEBUG - 2026-06-09 22:44:48 --> Session: Class initialized using 'CodeIgniter\Session\Handlers\FileHandler' driver.
DEBUG - 2026-06-09 22:45:32 --> Session: Class initialized using 'CodeIgniter\Session\Handlers\FileHandler' driver.
DEBUG - 2026-06-09 22:45:34 --> Session: Class initialized using 'CodeIgniter\Session\Handlers\FileHandler' driver.
DEBUG - 2026-06-09 22:45:34 --> Session: Class initialized using 'CodeIgniter\Session\Handlers\FileHandler' driver.
DEBUG - 2026-06-09 22:45:38 --> Session: Class initialized using 'CodeIgniter\Session\Handlers\FileHandler' driver.
DEBUG - 2026-06-09 22:45:43 --> Session: Class initialized using 'CodeIgniter\Session\Handlers\FileHandler' driver.
DEBUG - 2026-06-09 22:45:43 --> Session: Class initialized using 'CodeIgniter\Session\Handlers\FileHandler' driver.
DEBUG - 2026-06-09 22:46:11 --> Session: Class initialized using 'CodeIgniter\Session\Handlers\FileHandler' driver.
DEBUG - 2026-06-09 22:46:15 --> Session: Class initialized using 'CodeIgniter\Session\Handlers\FileHandler' driver.
DEBUG - 2026-06-09 22:46:15 --> Session: Class initialized using 'CodeIgniter\Session\Handlers\FileHandler' driver.
DEBUG - 2026-06-09 22:46:43 --> Session: Class initialized using 'CodeIgniter\Session\Handlers\FileHandler' driver.
DEBUG - 2026-06-09 22:46:43 --> Session: Class initialized using 'CodeIgniter\Session\Handlers\FileHandler' driver.
DEBUG - 2026-06-09 22:46:45 --> Session: Class initialized using 'CodeIgniter\Session\Handlers\FileHandler' driver.
DEBUG - 2026-06-09 22:46:46 --> Session: Class initialized using 'CodeIgniter\Session\Handlers\FileHandler' driver.
DEBUG - 2026-06-09 22:46:49 --> Session: Class initialized using 'CodeIgniter\Session\Handlers\FileHandler' driver.
DEBUG - 2026-06-09 22:46:49 --> Session: Class initialized using 'CodeIgniter\Session\Handlers\FileHandler' driver.
DEBUG - 2026-06-09 22:46:51 --> Session: Class initialized using 'CodeIgniter\Session\Handlers\FileHandler' driver.
DEBUG - 2026-06-09 22:48:33 --> Session: Class initialized using 'CodeIgniter\Session\Handlers\FileHandler' driver.
DEBUG - 2026-06-09 22:48:43 --> Session: Class initialized using 'CodeIgniter\Session\Handlers\FileHandler' driver.
DEBUG - 2026-06-09 22:48:44 --> Session: Class initialized using 'CodeIgniter\Session\Handlers\FileHandler' driver.
DEBUG - 2026-06-09 22:49:50 --> Session: Class initialized using 'CodeIgniter\Session\Handlers\FileHandler' driver.
DEBUG - 2026-06-09 22:49:59 --> Session: Class initialized using 'CodeIgniter\Session\Handlers\FileHandler' driver.
DEBUG - 2026-06-09 22:49:59 --> Session: Class initialized using 'CodeIgniter\Session\Handlers\FileHandler' driver.
DEBUG - 2026-06-09 22:54:06 --> Session: Class initialized using 'CodeIgniter\Session\Handlers\FileHandler' driver.
DEBUG - 2026-06-09 22:54:08 --> Session: Class initialized using 'CodeIgniter\Session\Handlers\FileHandler' driver.
DEBUG - 2026-06-09 22:54:09 --> Session: Class initialized using 'CodeIgniter\Session\Handlers\FileHandler' driver.
DEBUG - 2026-06-09 22:54:11 --> Session: Class initialized using 'CodeIgniter\Session\Handlers\FileHandler' driver.
DEBUG - 2026-06-09 22:55:53 --> Session: Class initialized using 'CodeIgniter\Session\Handlers\FileHandler' driver.
DEBUG - 2026-06-09 22:56:55 --> Session: Class initialized using 'CodeIgniter\Session\Handlers\FileHandler' driver.
DEBUG - 2026-06-09 22:57:02 --> Session: Class initialized using 'CodeIgniter\Session\Handlers\FileHandler' driver.
DEBUG - 2026-06-09 22:57:02 --> Session: Class initialized using 'CodeIgniter\Session\Handlers\FileHandler' driver.
DEBUG - 2026-06-09 22:57:28 --> Session: Class initialized using 'CodeIgniter\Session\Handlers\FileHandler' driver.
DEBUG - 2026-06-09 22:57:54 --> Session: Class initialized using 'CodeIgniter\Session\Handlers\FileHandler' driver.
DEBUG - 2026-06-09 22:58:15 --> Session: Class initialized using 'CodeIgniter\Session\Handlers\FileHandler' driver.
DEBUG - 2026-06-09 22:58:29 --> Session: Class initialized using 'CodeIgniter\Session\Handlers\FileHandler' driver.
DEBUG - 2026-06-09 22:58:33 --> Session: Class initialized using 'CodeIgniter\Session\Handlers\FileHandler' driver.
DEBUG - 2026-06-09 22:58:35 --> Session: Class initialized using 'CodeIgniter\Session\Handlers\FileHandler' driver.
DEBUG - 2026-06-09 22:58:49 --> Session: Class initialized using 'CodeIgniter\Session\Handlers\FileHandler' driver.
DEBUG - 2026-06-09 22:58:51 --> Session: Class initialized using 'CodeIgniter\Session\Handlers\FileHandler' driver.
DEBUG - 2026-06-09 23:00:02 --> Session: Class initialized using 'CodeIgniter\Session\Handlers\FileHandler' driver.
DEBUG - 2026-06-09 23:00:03 --> Session: Class initialized using 'CodeIgniter\Session\Handlers\FileHandler' driver.
DEBUG - 2026-06-09 23:00:04 --> Session: Class initialized using 'CodeIgniter\Session\Handlers\FileHandler' driver.
DEBUG - 2026-06-09 23:00:14 --> Session: Class initialized using 'CodeIgniter\Session\Handlers\FileHandler' driver.
DEBUG - 2026-06-09 23:00:27 --> Session: Class initialized using 'CodeIgniter\Session\Handlers\FileHandler' driver.
DEBUG - 2026-06-09 23:00:43 --> Session: Class initialized using 'CodeIgniter\Session\Handlers\FileHandler' driver.
DEBUG - 2026-06-09 23:00:55 --> Session: Class initialized using 'CodeIgniter\Session\Handlers\FileHandler' driver.
DEBUG - 2026-06-09 23:01:04 --> Session: Class initialized using 'CodeIgniter\Session\Handlers\FileHandler' driver.
DEBUG - 2026-06-09 23:02:12 --> Session: Class initialized using 'CodeIgniter\Session\Handlers\FileHandler' driver.
DEBUG - 2026-06-09 23:02:25 --> Session: Class initialized using 'CodeIgniter\Session\Handlers\FileHandler' driver.
DEBUG - 2026-06-09 23:03:01 --> Session: Class initialized using 'CodeIgniter\Session\Handlers\FileHandler' driver.
DEBUG - 2026-06-09 23:03:16 --> Session: Class initialized using 'CodeIgniter\Session\Handlers\FileHandler' driver.
DEBUG - 2026-06-09 23:03:36 --> Session: Class initialized using 'CodeIgniter\Session\Handlers\FileHandler' driver.
DEBUG - 2026-06-09 23:03:37 --> Session: Class initialized using 'CodeIgniter\Session\Handlers\FileHandler' driver.
DEBUG - 2026-06-09 23:04:53 --> Session: Class initialized using 'CodeIgniter\Session\Handlers\FileHandler' driver.
DEBUG - 2026-06-09 23:04:55 --> Session: Class initialized using 'CodeIgniter\Session\Handlers\FileHandler' driver.
DEBUG - 2026-06-09 23:05:43 --> Session: Class initialized using 'CodeIgniter\Session\Handlers\FileHandler' driver.
DEBUG - 2026-06-09 23:05:43 --> Session: Class initialized using 'CodeIgniter\Session\Handlers\FileHandler' driver.
DEBUG - 2026-06-09 23:06:15 --> Session: Class initialized using 'CodeIgniter\Session\Handlers\FileHandler' driver.
DEBUG - 2026-06-09 23:06:19 --> Session: Class initialized using 'CodeIgniter\Session\Handlers\FileHandler' driver.
DEBUG - 2026-06-09 23:06:20 --> Session: Class initialized using 'CodeIgniter\Session\Handlers\FileHandler' driver.
DEBUG - 2026-06-09 23:06:21 --> Session: Class initialized using 'CodeIgniter\Session\Handlers\FileHandler' driver.
DEBUG - 2026-06-09 23:06:23 --> Session: Class initialized using 'CodeIgniter\Session\Handlers\FileHandler' driver.
DEBUG - 2026-06-09 23:06:57 --> Session: Class initialized using 'CodeIgniter\Session\Handlers\FileHandler' driver.
DEBUG - 2026-06-09 23:06:57 --> Session: Class initialized using 'CodeIgniter\Session\Handlers\FileHandler' driver.
DEBUG - 2026-06-09 23:07:05 --> Session: Class initialized using 'CodeIgniter\Session\Handlers\FileHandler' driver.
DEBUG - 2026-06-09 23:07:05 --> Session: Class initialized using 'CodeIgniter\Session\Handlers\FileHandler' driver.
DEBUG - 2026-06-09 23:07:09 --> Session: Class initialized using 'CodeIgniter\Session\Handlers\FileHandler' driver.
DEBUG - 2026-06-09 23:07:10 --> Session: Class initialized using 'CodeIgniter\Session\Handlers\FileHandler' driver.
DEBUG - 2026-06-09 23:08:26 --> Session: Class initialized using 'CodeIgniter\Session\Handlers\FileHandler' driver.
DEBUG - 2026-06-09 23:08:26 --> Session: Class initialized using 'CodeIgniter\Session\Handlers\FileHandler' driver.
DEBUG - 2026-06-09 23:08:33 --> Session: Class initialized using 'CodeIgniter\Session\Handlers\FileHandler' driver.
DEBUG - 2026-06-09 23:08:34 --> Session: Class initialized using 'CodeIgniter\Session\Handlers\FileHandler' driver.
DEBUG - 2026-06-09 23:08:57 --> Session: Class initialized using 'CodeIgniter\Session\Handlers\FileHandler' driver.
DEBUG - 2026-06-09 23:09:21 --> Session: Class initialized using 'CodeIgniter\Session\Handlers\FileHandler' driver.
DEBUG - 2026-06-09 23:12:02 --> Session: Class initialized using 'CodeIgniter\Session\Handlers\FileHandler' driver.
DEBUG - 2026-06-09 23:12:02 --> Session: Class initialized using 'CodeIgniter\Session\Handlers\FileHandler' driver.
