DEBUG - 2026-06-06 01:38:40 --> Session: Class initialized using 'CodeIgniter\Session\Handlers\FileHandler' driver.
DEBUG - 2026-06-06 01:39:16 --> Session: Class initialized using 'CodeIgniter\Session\Handlers\FileHandler' driver.
DEBUG - 2026-06-06 01:39:36 --> Session: Class initialized using 'CodeIgniter\Session\Handlers\FileHandler' driver.
DEBUG - 2026-06-06 01:39:37 --> Session: Class initialized using 'CodeIgniter\Session\Handlers\FileHandler' driver.
DEBUG - 2026-06-06 01:39:52 --> Session: Class initialized using 'CodeIgniter\Session\Handlers\FileHandler' driver.
DEBUG - 2026-06-06 01:39:52 --> Session: Class initialized using 'CodeIgniter\Session\Handlers\FileHandler' driver.
DEBUG - 2026-06-06 01:40:03 --> Session: Class initialized using 'CodeIgniter\Session\Handlers\FileHandler' driver.
DEBUG - 2026-06-06 01:40:04 --> Session: Class initialized using 'CodeIgniter\Session\Handlers\FileHandler' driver.
DEBUG - 2026-06-06 01:41:39 --> Session: Class initialized using 'CodeIgniter\Session\Handlers\FileHandler' driver.
DEBUG - 2026-06-06 01:41:39 --> Session: Class initialized using 'CodeIgniter\Session\Handlers\FileHandler' driver.
DEBUG - 2026-06-06 01:41:50 --> Session: Class initialized using 'CodeIgniter\Session\Handlers\FileHandler' driver.
DEBUG - 2026-06-06 01:41:50 --> Session: Class initialized using 'CodeIgniter\Session\Handlers\FileHandler' driver.
DEBUG - 2026-06-06 01:42:19 --> Session: Class initialized using 'CodeIgniter\Session\Handlers\FileHandler' driver.
DEBUG - 2026-06-06 01:43:37 --> Session: Class initialized using 'CodeIgniter\Session\Handlers\FileHandler' driver.
DEBUG - 2026-06-06 01:43:46 --> Session: Class initialized using 'CodeIgniter\Session\Handlers\FileHandler' driver.
DEBUG - 2026-06-06 01:43:48 --> Session: Class initialized using 'CodeIgniter\Session\Handlers\FileHandler' driver.
DEBUG - 2026-06-06 01:43:50 --> Session: Class initialized using 'CodeIgniter\Session\Handlers\FileHandler' driver.
DEBUG - 2026-06-06 01:43:52 --> Session: Class initialized using 'CodeIgniter\Session\Handlers\FileHandler' driver.
DEBUG - 2026-06-06 01:43:54 --> Session: Class initialized using 'CodeIgniter\Session\Handlers\FileHandler' driver.
DEBUG - 2026-06-06 01:43:59 --> Session: Class initialized using 'CodeIgniter\Session\Handlers\FileHandler' driver.
DEBUG - 2026-06-06 01:44:00 --> Session: Class initialized using 'CodeIgniter\Session\Handlers\FileHandler' driver.
DEBUG - 2026-06-06 01:44:33 --> Session: Class initialized using 'CodeIgniter\Session\Handlers\FileHandler' driver.
DEBUG - 2026-06-06 01:44:40 --> Session: Class initialized using 'CodeIgniter\Session\Handlers\FileHandler' driver.
DEBUG - 2026-06-06 01:44:40 --> Session: Class initialized using 'CodeIgniter\Session\Handlers\FileHandler' driver.
DEBUG - 2026-06-06 01:45:21 --> Session: Class initialized using 'CodeIgniter\Session\Handlers\FileHandler' driver.
DEBUG - 2026-06-06 01:45:22 --> Session: Class initialized using 'CodeIgniter\Session\Handlers\FileHandler' driver.
DEBUG - 2026-06-06 01:45:32 --> Session: Class initialized using 'CodeIgniter\Session\Handlers\FileHandler' driver.
DEBUG - 2026-06-06 01:45:33 --> Session: Class initialized using 'CodeIgniter\Session\Handlers\FileHandler' driver.
DEBUG - 2026-06-06 01:45:36 --> Session: Class initialized using 'CodeIgniter\Session\Handlers\FileHandler' driver.
DEBUG - 2026-06-06 01:45:37 --> Session: Class initialized using 'CodeIgniter\Session\Handlers\FileHandler' driver.
DEBUG - 2026-06-06 01:45:42 --> Session: Class initialized using 'CodeIgniter\Session\Handlers\FileHandler' driver.
DEBUG - 2026-06-06 01:45:42 --> Session: Class initialized using 'CodeIgniter\Session\Handlers\FileHandler' driver.
DEBUG - 2026-06-06 01:45:46 --> Session: Class initialized using 'CodeIgniter\Session\Handlers\FileHandler' driver.
DEBUG - 2026-06-06 01:45:56 --> Session: Class initialized using 'CodeIgniter\Session\Handlers\FileHandler' driver.
DEBUG - 2026-06-06 01:47:21 --> Session: Class initialized using 'CodeIgniter\Session\Handlers\FileHandler' driver.
DEBUG - 2026-06-06 01:47:42 --> Session: Class initialized using 'CodeIgniter\Session\Handlers\FileHandler' driver.
DEBUG - 2026-06-06 01:48:21 --> Session: Class initialized using 'CodeIgniter\Session\Handlers\FileHandler' driver.
DEBUG - 2026-06-06 01:48:43 --> Session: Class initialized using 'CodeIgniter\Session\Handlers\FileHandler' driver.
DEBUG - 2026-06-06 01:49:22 --> Session: Class initialized using 'CodeIgniter\Session\Handlers\FileHandler' driver.
DEBUG - 2026-06-06 01:49:28 --> Session: Class initialized using 'CodeIgniter\Session\Handlers\FileHandler' driver.
DEBUG - 2026-06-06 02:01:21 --> Session: Class initialized using 'CodeIgniter\Session\Handlers\FileHandler' driver.
DEBUG - 2026-06-06 02:01:47 --> Session: Class initialized using 'CodeIgniter\Session\Handlers\FileHandler' driver.
DEBUG - 2026-06-06 02:01:59 --> Session: Class initialized using 'CodeIgniter\Session\Handlers\FileHandler' driver.
DEBUG - 2026-06-06 02:02:11 --> Session: Class initialized using 'CodeIgniter\Session\Handlers\FileHandler' driver.
DEBUG - 2026-06-06 02:02:23 --> Session: Class initialized using 'CodeIgniter\Session\Handlers\FileHandler' driver.
DEBUG - 2026-06-06 02:02:24 --> Session: Class initialized using 'CodeIgniter\Session\Handlers\FileHandler' driver.
DEBUG - 2026-06-06 02:02:46 --> Session: Class initialized using 'CodeIgniter\Session\Handlers\FileHandler' driver.
DEBUG - 2026-06-06 02:02:46 --> Session: Class initialized using 'CodeIgniter\Session\Handlers\FileHandler' driver.
DEBUG - 2026-06-06 02:03:42 --> Session: Class initialized using 'CodeIgniter\Session\Handlers\FileHandler' driver.
DEBUG - 2026-06-06 02:03:42 --> Session: Class initialized using 'CodeIgniter\Session\Handlers\FileHandler' driver.
DEBUG - 2026-06-06 02:03:44 --> Session: Class initialized using 'CodeIgniter\Session\Handlers\FileHandler' driver.
DEBUG - 2026-06-06 02:04:23 --> Session: Class initialized using 'CodeIgniter\Session\Handlers\FileHandler' driver.
DEBUG - 2026-06-06 02:04:25 --> Session: Class initialized using 'CodeIgniter\Session\Handlers\FileHandler' driver.
DEBUG - 2026-06-06 02:04:25 --> Session: Class initialized using 'CodeIgniter\Session\Handlers\FileHandler' driver.
DEBUG - 2026-06-06 02:04:26 --> Session: Class initialized using 'CodeIgniter\Session\Handlers\FileHandler' driver.
DEBUG - 2026-06-06 02:05:50 --> Session: Class initialized using 'CodeIgniter\Session\Handlers\FileHandler' driver.
DEBUG - 2026-06-06 02:05:51 --> Session: Class initialized using 'CodeIgniter\Session\Handlers\FileHandler' driver.
DEBUG - 2026-06-06 02:05:53 --> Session: Class initialized using 'CodeIgniter\Session\Handlers\FileHandler' driver.
DEBUG - 2026-06-06 02:05:58 --> Session: Class initialized using 'CodeIgniter\Session\Handlers\FileHandler' driver.
DEBUG - 2026-06-06 02:06:00 --> Session: Class initialized using 'CodeIgniter\Session\Handlers\FileHandler' driver.
DEBUG - 2026-06-06 02:06:09 --> Session: Class initialized using 'CodeIgniter\Session\Handlers\FileHandler' driver.
DEBUG - 2026-06-06 02:06:10 --> Session: Class initialized using 'CodeIgniter\Session\Handlers\FileHandler' driver.
DEBUG - 2026-06-06 02:06:31 --> Session: Class initialized using 'CodeIgniter\Session\Handlers\FileHandler' driver.
DEBUG - 2026-06-06 02:06:34 --> Session: Class initialized using 'CodeIgniter\Session\Handlers\FileHandler' driver.
DEBUG - 2026-06-06 02:06:39 --> Session: Class initialized using 'CodeIgniter\Session\Handlers\FileHandler' driver.
DEBUG - 2026-06-06 02:06:48 --> Session: Class initialized using 'CodeIgniter\Session\Handlers\FileHandler' driver.
DEBUG - 2026-06-06 02:06:51 --> Session: Class initialized using 'CodeIgniter\Session\Handlers\FileHandler' driver.
DEBUG - 2026-06-06 02:06:54 --> Session: Class initialized using 'CodeIgniter\Session\Handlers\FileHandler' driver.
DEBUG - 2026-06-06 02:06:59 --> Session: Class initialized using 'CodeIgniter\Session\Handlers\FileHandler' driver.
DEBUG - 2026-06-06 02:07:03 --> Session: Class initialized using 'CodeIgniter\Session\Handlers\FileHandler' driver.
DEBUG - 2026-06-06 02:07:14 --> Session: Class initialized using 'CodeIgniter\Session\Handlers\FileHandler' driver.
DEBUG - 2026-06-06 02:07:15 --> Session: Class initialized using 'CodeIgniter\Session\Handlers\FileHandler' driver.
DEBUG - 2026-06-06 02:07:27 --> Session: Class initialized using 'CodeIgniter\Session\Handlers\FileHandler' driver.
DEBUG - 2026-06-06 02:07:30 --> Session: Class initialized using 'CodeIgniter\Session\Handlers\FileHandler' driver.
DEBUG - 2026-06-06 02:08:05 --> Session: Class initialized using 'CodeIgniter\Session\Handlers\FileHandler' driver.
DEBUG - 2026-06-06 02:08:10 --> Session: Class initialized using 'CodeIgniter\Session\Handlers\FileHandler' driver.
DEBUG - 2026-06-06 02:08:11 --> Session: Class initialized using 'CodeIgniter\Session\Handlers\FileHandler' driver.
DEBUG - 2026-06-06 02:08:19 --> Session: Class initialized using 'CodeIgniter\Session\Handlers\FileHandler' driver.
DEBUG - 2026-06-06 02:08:20 --> Session: Class initialized using 'CodeIgniter\Session\Handlers\FileHandler' driver.
DEBUG - 2026-06-06 02:08:24 --> Session: Class initialized using 'CodeIgniter\Session\Handlers\FileHandler' driver.
DEBUG - 2026-06-06 02:08:24 --> Session: Class initialized using 'CodeIgniter\Session\Handlers\FileHandler' driver.
DEBUG - 2026-06-06 02:08:27 --> Session: Class initialized using 'CodeIgniter\Session\Handlers\FileHandler' driver.
DEBUG - 2026-06-06 02:08:32 --> Session: Class initialized using 'CodeIgniter\Session\Handlers\FileHandler' driver.
DEBUG - 2026-06-06 02:08:32 --> Session: Class initialized using 'CodeIgniter\Session\Handlers\FileHandler' driver.
DEBUG - 2026-06-06 02:08:45 --> Session: Class initialized using 'CodeIgniter\Session\Handlers\FileHandler' driver.
DEBUG - 2026-06-06 02:10:11 --> Session: Class initialized using 'CodeIgniter\Session\Handlers\FileHandler' driver.
DEBUG - 2026-06-06 02:10:19 --> Session: Class initialized using 'CodeIgniter\Session\Handlers\FileHandler' driver.
DEBUG - 2026-06-06 02:10:20 --> Session: Class initialized using 'CodeIgniter\Session\Handlers\FileHandler' driver.
DEBUG - 2026-06-06 02:10:20 --> Session: Class initialized using 'CodeIgniter\Session\Handlers\FileHandler' driver.
DEBUG - 2026-06-06 02:10:20 --> Session: Class initialized using 'CodeIgniter\Session\Handlers\FileHandler' driver.
DEBUG - 2026-06-06 02:10:20 --> Session: Class initialized using 'CodeIgniter\Session\Handlers\FileHandler' driver.
DEBUG - 2026-06-06 02:10:21 --> Session: Class initialized using 'CodeIgniter\Session\Handlers\FileHandler' driver.
DEBUG - 2026-06-06 02:10:21 --> Session: Class initialized using 'CodeIgniter\Session\Handlers\FileHandler' driver.
DEBUG - 2026-06-06 02:10:21 --> Session: Class initialized using 'CodeIgniter\Session\Handlers\FileHandler' driver.
DEBUG - 2026-06-06 02:14:23 --> Session: Class initialized using 'CodeIgniter\Session\Handlers\FileHandler' driver.
DEBUG - 2026-06-06 02:14:34 --> Session: Class initialized using 'CodeIgniter\Session\Handlers\FileHandler' driver.
DEBUG - 2026-06-06 02:14:36 --> Session: Class initialized using 'CodeIgniter\Session\Handlers\FileHandler' driver.
DEBUG - 2026-06-06 02:14:52 --> Session: Class initialized using 'CodeIgniter\Session\Handlers\FileHandler' driver.
DEBUG - 2026-06-06 02:14:52 --> Session: Class initialized using 'CodeIgniter\Session\Handlers\FileHandler' driver.
DEBUG - 2026-06-06 02:14:58 --> Session: Class initialized using 'CodeIgniter\Session\Handlers\FileHandler' driver.
DEBUG - 2026-06-06 02:15:03 --> Session: Class initialized using 'CodeIgniter\Session\Handlers\FileHandler' driver.
DEBUG - 2026-06-06 02:15:05 --> Session: Class initialized using 'CodeIgniter\Session\Handlers\FileHandler' driver.
DEBUG - 2026-06-06 02:15:07 --> Session: Class initialized using 'CodeIgniter\Session\Handlers\FileHandler' driver.
DEBUG - 2026-06-06 02:15:12 --> Session: Class initialized using 'CodeIgniter\Session\Handlers\FileHandler' driver.
DEBUG - 2026-06-06 02:15:14 --> Session: Class initialized using 'CodeIgniter\Session\Handlers\FileHandler' driver.
DEBUG - 2026-06-06 02:15:45 --> Session: Class initialized using 'CodeIgniter\Session\Handlers\FileHandler' driver.
DEBUG - 2026-06-06 02:18:00 --> Session: Class initialized using 'CodeIgniter\Session\Handlers\FileHandler' driver.
DEBUG - 2026-06-06 02:18:01 --> Session: Class initialized using 'CodeIgniter\Session\Handlers\FileHandler' driver.
DEBUG - 2026-06-06 02:18:11 --> Session: Class initialized using 'CodeIgniter\Session\Handlers\FileHandler' driver.
DEBUG - 2026-06-06 02:18:15 --> Session: Class initialized using 'CodeIgniter\Session\Handlers\FileHandler' driver.
DEBUG - 2026-06-06 02:18:19 --> Session: Class initialized using 'CodeIgniter\Session\Handlers\FileHandler' driver.
DEBUG - 2026-06-06 02:18:29 --> Session: Class initialized using 'CodeIgniter\Session\Handlers\FileHandler' driver.
DEBUG - 2026-06-06 02:18:31 --> Session: Class initialized using 'CodeIgniter\Session\Handlers\FileHandler' driver.
DEBUG - 2026-06-06 02:18:58 --> Session: Class initialized using 'CodeIgniter\Session\Handlers\FileHandler' driver.
DEBUG - 2026-06-06 02:19:24 --> Session: Class initialized using 'CodeIgniter\Session\Handlers\FileHandler' driver.
DEBUG - 2026-06-06 02:19:29 --> Session: Class initialized using 'CodeIgniter\Session\Handlers\FileHandler' driver.
DEBUG - 2026-06-06 02:19:43 --> Session: Class initialized using 'CodeIgniter\Session\Handlers\FileHandler' driver.
DEBUG - 2026-06-06 02:19:59 --> Session: Class initialized using 'CodeIgniter\Session\Handlers\FileHandler' driver.
DEBUG - 2026-06-06 02:20:19 --> Session: Class initialized using 'CodeIgniter\Session\Handlers\FileHandler' driver.
ERROR - 2026-06-06 02:20:19 --> Cannot add or update a child row: a foreign key constraint fails (`scan2fetch`.`fetch_logs`, CONSTRAINT `fetch_logs_ibfk_4` FOREIGN KEY (`staff_id`) REFERENCES `staffs` (`id`) ON DELETE CASCADE)
in SYSTEMPATH\Database\MySQLi\Connection.php on line 300.
 1 SYSTEMPATH\Database\MySQLi\Connection.php(300): mysqli->query('INSERT INTO `fetch_logs` (`student_id`, `parent_id`, `fetcher_fname`, `fetcher_mname`, `fetcher_lname`, `fetcher_relation`, `method`, `staff_id`) VALUES (\'15\', \'15\', \'joy\', \'joy\', \'de m giba\', \'Parent\', \'QR\', \'1\')', 0)
 2 SYSTEMPATH\Database\BaseConnection.php(908): CodeIgniter\Database\MySQLi\Connection->execute('INSERT INTO `fetch_logs` (`student_id`, `parent_id`, `fetcher_fname`, `fetcher_mname`, `fetcher_lname`, `fetcher_relation`, `method`, `staff_id`) VALUES (\'15\', \'15\', \'joy\', \'joy\', \'de m giba\', \'Parent\', \'QR\', \'1\')')
 3 SYSTEMPATH\Database\BaseConnection.php(825): CodeIgniter\Database\BaseConnection->simpleQuery('INSERT INTO `fetch_logs` (`student_id`, `parent_id`, `fetcher_fname`, `fetcher_mname`, `fetcher_lname`, `fetcher_relation`, `method`, `staff_id`) VALUES (\'15\', \'15\', \'joy\', \'joy\', \'de m giba\', \'Parent\', \'QR\', \'1\')')
 4 SYSTEMPATH\Database\BaseBuilder.php(2343): CodeIgniter\Database\BaseConnection->query('INSERT INTO `fetch_logs` (`student_id`, `parent_id`, `fetcher_fname`, `fetcher_mname`, `fetcher_lname`, `fetcher_relation`, `method`, `staff_id`) VALUES (:student_id:, :parent_id:, :fetcher_fname:, :fetcher_mname:, :fetcher_lname:, :fetcher_relation:, :method:, :staff_id:)', [...], false)
 5 APPPATH\Controllers\Scan.php(95): CodeIgniter\Database\BaseBuilder->insert([...])
 6 SYSTEMPATH\CodeIgniter.php(974): App\Controllers\Scan->release()
 7 SYSTEMPATH\CodeIgniter.php(520): CodeIgniter\CodeIgniter->runController(Object(App\Controllers\Scan))
 8 SYSTEMPATH\CodeIgniter.php(363): CodeIgniter\CodeIgniter->handleRequest(null, Object(Config\Cache), false)
 9 SYSTEMPATH\Boot.php(417): CodeIgniter\CodeIgniter->run()
10 SYSTEMPATH\Boot.php(68): CodeIgniter\Boot::runCodeIgniter(Object(CodeIgniter\CodeIgniter))
11 FCPATH\index.php(59): CodeIgniter\Boot::bootWeb(Object(Config\Paths))
12 SYSTEMPATH\rewrite.php(44): require_once('C:\\xampp\\htdocs\\scan2fetch\\public\\index.php')
CRITICAL - 2026-06-06 02:20:19 --> CodeIgniter\Database\Exceptions\DatabaseException: Cannot add or update a child row: a foreign key constraint fails (`scan2fetch`.`fetch_logs`, CONSTRAINT `fetch_logs_ibfk_4` FOREIGN KEY (`staff_id`) REFERENCES `staffs` (`id`) ON DELETE CASCADE)
[Method: POST, Route: scan/release]
in SYSTEMPATH\Database\BaseConnection.php on line 863.
 1 SYSTEMPATH\Database\BaseBuilder.php(2343): CodeIgniter\Database\BaseConnection->query('INSERT INTO `fetch_logs` (`student_id`, `parent_id`, `fetcher_fname`, `fetcher_mname`, `fetcher_lname`, `fetcher_relation`, `method`, `staff_id`) VALUES (:student_id:, :parent_id:, :fetcher_fname:, :fetcher_mname:, :fetcher_lname:, :fetcher_relation:, :method:, :staff_id:)', [...], false)
 2 APPPATH\Controllers\Scan.php(95): CodeIgniter\Database\BaseBuilder->insert([...])
 3 SYSTEMPATH\CodeIgniter.php(974): App\Controllers\Scan->release()
 4 SYSTEMPATH\CodeIgniter.php(520): CodeIgniter\CodeIgniter->runController(Object(App\Controllers\Scan))
 5 SYSTEMPATH\CodeIgniter.php(363): CodeIgniter\CodeIgniter->handleRequest(null, Object(Config\Cache), false)
 6 SYSTEMPATH\Boot.php(417): CodeIgniter\CodeIgniter->run()
 7 SYSTEMPATH\Boot.php(68): CodeIgniter\Boot::runCodeIgniter(Object(CodeIgniter\CodeIgniter))
 8 FCPATH\index.php(59): CodeIgniter\Boot::bootWeb(Object(Config\Paths))
 9 SYSTEMPATH\rewrite.php(44): require_once('C:\\xampp\\htdocs\\scan2fetch\\public\\index.php')
CRITICAL - 2026-06-06 02:20:19 --> [Caused by] CodeIgniter\Database\Exceptions\DatabaseException: Cannot add or update a child row: a foreign key constraint fails (`scan2fetch`.`fetch_logs`, CONSTRAINT `fetch_logs_ibfk_4` FOREIGN KEY (`staff_id`) REFERENCES `staffs` (`id`) ON DELETE CASCADE)
in SYSTEMPATH\Database\MySQLi\Connection.php on line 310.
 1 SYSTEMPATH\Database\BaseConnection.php(908): CodeIgniter\Database\MySQLi\Connection->execute('INSERT INTO `fetch_logs` (`student_id`, `parent_id`, `fetcher_fname`, `fetcher_mname`, `fetcher_lname`, `fetcher_relation`, `method`, `staff_id`) VALUES (\'15\', \'15\', \'joy\', \'joy\', \'de m giba\', \'Parent\', \'QR\', \'1\')')
 2 SYSTEMPATH\Database\BaseConnection.php(825): CodeIgniter\Database\BaseConnection->simpleQuery('INSERT INTO `fetch_logs` (`student_id`, `parent_id`, `fetcher_fname`, `fetcher_mname`, `fetcher_lname`, `fetcher_relation`, `method`, `staff_id`) VALUES (\'15\', \'15\', \'joy\', \'joy\', \'de m giba\', \'Parent\', \'QR\', \'1\')')
 3 SYSTEMPATH\Database\BaseBuilder.php(2343): CodeIgniter\Database\BaseConnection->query('INSERT INTO `fetch_logs` (`student_id`, `parent_id`, `fetcher_fname`, `fetcher_mname`, `fetcher_lname`, `fetcher_relation`, `method`, `staff_id`) VALUES (:student_id:, :parent_id:, :fetcher_fname:, :fetcher_mname:, :fetcher_lname:, :fetcher_relation:, :method:, :staff_id:)', [...], false)
 4 APPPATH\Controllers\Scan.php(95): CodeIgniter\Database\BaseBuilder->insert([...])
 5 SYSTEMPATH\CodeIgniter.php(974): App\Controllers\Scan->release()
 6 SYSTEMPATH\CodeIgniter.php(520): CodeIgniter\CodeIgniter->runController(Object(App\Controllers\Scan))
 7 SYSTEMPATH\CodeIgniter.php(363): CodeIgniter\CodeIgniter->handleRequest(null, Object(Config\Cache), false)
 8 SYSTEMPATH\Boot.php(417): CodeIgniter\CodeIgniter->run()
 9 SYSTEMPATH\Boot.php(68): CodeIgniter\Boot::runCodeIgniter(Object(CodeIgniter\CodeIgniter))
10 FCPATH\index.php(59): CodeIgniter\Boot::bootWeb(Object(Config\Paths))
11 SYSTEMPATH\rewrite.php(44): require_once('C:\\xampp\\htdocs\\scan2fetch\\public\\index.php')
CRITICAL - 2026-06-06 02:20:19 --> [Caused by] mysqli_sql_exception: Cannot add or update a child row: a foreign key constraint fails (`scan2fetch`.`fetch_logs`, CONSTRAINT `fetch_logs_ibfk_4` FOREIGN KEY (`staff_id`) REFERENCES `staffs` (`id`) ON DELETE CASCADE)
in SYSTEMPATH\Database\MySQLi\Connection.php on line 300.
 1 SYSTEMPATH\Database\MySQLi\Connection.php(300): mysqli->query('INSERT INTO `fetch_logs` (`student_id`, `parent_id`, `fetcher_fname`, `fetcher_mname`, `fetcher_lname`, `fetcher_relation`, `method`, `staff_id`) VALUES (\'15\', \'15\', \'joy\', \'joy\', \'de m giba\', \'Parent\', \'QR\', \'1\')', 0)
 2 SYSTEMPATH\Database\BaseConnection.php(908): CodeIgniter\Database\MySQLi\Connection->execute('INSERT INTO `fetch_logs` (`student_id`, `parent_id`, `fetcher_fname`, `fetcher_mname`, `fetcher_lname`, `fetcher_relation`, `method`, `staff_id`) VALUES (\'15\', \'15\', \'joy\', \'joy\', \'de m giba\', \'Parent\', \'QR\', \'1\')')
 3 SYSTEMPATH\Database\BaseConnection.php(825): CodeIgniter\Database\BaseConnection->simpleQuery('INSERT INTO `fetch_logs` (`student_id`, `parent_id`, `fetcher_fname`, `fetcher_mname`, `fetcher_lname`, `fetcher_relation`, `method`, `staff_id`) VALUES (\'15\', \'15\', \'joy\', \'joy\', \'de m giba\', \'Parent\', \'QR\', \'1\')')
 4 SYSTEMPATH\Database\BaseBuilder.php(2343): CodeIgniter\Database\BaseConnection->query('INSERT INTO `fetch_logs` (`student_id`, `parent_id`, `fetcher_fname`, `fetcher_mname`, `fetcher_lname`, `fetcher_relation`, `method`, `staff_id`) VALUES (:student_id:, :parent_id:, :fetcher_fname:, :fetcher_mname:, :fetcher_lname:, :fetcher_relation:, :method:, :staff_id:)', [...], false)
 5 APPPATH\Controllers\Scan.php(95): CodeIgniter\Database\BaseBuilder->insert([...])
 6 SYSTEMPATH\CodeIgniter.php(974): App\Controllers\Scan->release()
 7 SYSTEMPATH\CodeIgniter.php(520): CodeIgniter\CodeIgniter->runController(Object(App\Controllers\Scan))
 8 SYSTEMPATH\CodeIgniter.php(363): CodeIgniter\CodeIgniter->handleRequest(null, Object(Config\Cache), false)
 9 SYSTEMPATH\Boot.php(417): CodeIgniter\CodeIgniter->run()
10 SYSTEMPATH\Boot.php(68): CodeIgniter\Boot::runCodeIgniter(Object(CodeIgniter\CodeIgniter))
11 FCPATH\index.php(59): CodeIgniter\Boot::bootWeb(Object(Config\Paths))
12 SYSTEMPATH\rewrite.php(44): require_once('C:\\xampp\\htdocs\\scan2fetch\\public\\index.php')
DEBUG - 2026-06-06 02:20:23 --> Session: Class initialized using 'CodeIgniter\Session\Handlers\FileHandler' driver.
ERROR - 2026-06-06 02:20:23 --> Cannot add or update a child row: a foreign key constraint fails (`scan2fetch`.`fetch_logs`, CONSTRAINT `fetch_logs_ibfk_4` FOREIGN KEY (`staff_id`) REFERENCES `staffs` (`id`) ON DELETE CASCADE)
in SYSTEMPATH\Database\MySQLi\Connection.php on line 300.
 1 SYSTEMPATH\Database\MySQLi\Connection.php(300): mysqli->query('INSERT INTO `fetch_logs` (`student_id`, `parent_id`, `fetcher_fname`, `fetcher_mname`, `fetcher_lname`, `fetcher_relation`, `method`, `staff_id`) VALUES (\'15\', \'15\', \'joy\', \'joy\', \'de m giba\', \'Parent\', \'QR\', \'1\')', 0)
 2 SYSTEMPATH\Database\BaseConnection.php(908): CodeIgniter\Database\MySQLi\Connection->execute('INSERT INTO `fetch_logs` (`student_id`, `parent_id`, `fetcher_fname`, `fetcher_mname`, `fetcher_lname`, `fetcher_relation`, `method`, `staff_id`) VALUES (\'15\', \'15\', \'joy\', \'joy\', \'de m giba\', \'Parent\', \'QR\', \'1\')')
 3 SYSTEMPATH\Database\BaseConnection.php(825): CodeIgniter\Database\BaseConnection->simpleQuery('INSERT INTO `fetch_logs` (`student_id`, `parent_id`, `fetcher_fname`, `fetcher_mname`, `fetcher_lname`, `fetcher_relation`, `method`, `staff_id`) VALUES (\'15\', \'15\', \'joy\', \'joy\', \'de m giba\', \'Parent\', \'QR\', \'1\')')
 4 SYSTEMPATH\Database\BaseBuilder.php(2343): CodeIgniter\Database\BaseConnection->query('INSERT INTO `fetch_logs` (`student_id`, `parent_id`, `fetcher_fname`, `fetcher_mname`, `fetcher_lname`, `fetcher_relation`, `method`, `staff_id`) VALUES (:student_id:, :parent_id:, :fetcher_fname:, :fetcher_mname:, :fetcher_lname:, :fetcher_relation:, :method:, :staff_id:)', [...], false)
 5 APPPATH\Controllers\Scan.php(95): CodeIgniter\Database\BaseBuilder->insert([...])
 6 SYSTEMPATH\CodeIgniter.php(974): App\Controllers\Scan->release()
 7 SYSTEMPATH\CodeIgniter.php(520): CodeIgniter\CodeIgniter->runController(Object(App\Controllers\Scan))
 8 SYSTEMPATH\CodeIgniter.php(363): CodeIgniter\CodeIgniter->handleRequest(null, Object(Config\Cache), false)
 9 SYSTEMPATH\Boot.php(417): CodeIgniter\CodeIgniter->run()
10 SYSTEMPATH\Boot.php(68): CodeIgniter\Boot::runCodeIgniter(Object(CodeIgniter\CodeIgniter))
11 FCPATH\index.php(59): CodeIgniter\Boot::bootWeb(Object(Config\Paths))
12 SYSTEMPATH\rewrite.php(44): require_once('C:\\xampp\\htdocs\\scan2fetch\\public\\index.php')
CRITICAL - 2026-06-06 02:20:23 --> CodeIgniter\Database\Exceptions\DatabaseException: Cannot add or update a child row: a foreign key constraint fails (`scan2fetch`.`fetch_logs`, CONSTRAINT `fetch_logs_ibfk_4` FOREIGN KEY (`staff_id`) REFERENCES `staffs` (`id`) ON DELETE CASCADE)
[Method: POST, Route: scan/release]
in SYSTEMPATH\Database\BaseConnection.php on line 863.
 1 SYSTEMPATH\Database\BaseBuilder.php(2343): CodeIgniter\Database\BaseConnection->query('INSERT INTO `fetch_logs` (`student_id`, `parent_id`, `fetcher_fname`, `fetcher_mname`, `fetcher_lname`, `fetcher_relation`, `method`, `staff_id`) VALUES (:student_id:, :parent_id:, :fetcher_fname:, :fetcher_mname:, :fetcher_lname:, :fetcher_relation:, :method:, :staff_id:)', [...], false)
 2 APPPATH\Controllers\Scan.php(95): CodeIgniter\Database\BaseBuilder->insert([...])
 3 SYSTEMPATH\CodeIgniter.php(974): App\Controllers\Scan->release()
 4 SYSTEMPATH\CodeIgniter.php(520): CodeIgniter\CodeIgniter->runController(Object(App\Controllers\Scan))
 5 SYSTEMPATH\CodeIgniter.php(363): CodeIgniter\CodeIgniter->handleRequest(null, Object(Config\Cache), false)
 6 SYSTEMPATH\Boot.php(417): CodeIgniter\CodeIgniter->run()
 7 SYSTEMPATH\Boot.php(68): CodeIgniter\Boot::runCodeIgniter(Object(CodeIgniter\CodeIgniter))
 8 FCPATH\index.php(59): CodeIgniter\Boot::bootWeb(Object(Config\Paths))
 9 SYSTEMPATH\rewrite.php(44): require_once('C:\\xampp\\htdocs\\scan2fetch\\public\\index.php')
CRITICAL - 2026-06-06 02:20:23 --> [Caused by] CodeIgniter\Database\Exceptions\DatabaseException: Cannot add or update a child row: a foreign key constraint fails (`scan2fetch`.`fetch_logs`, CONSTRAINT `fetch_logs_ibfk_4` FOREIGN KEY (`staff_id`) REFERENCES `staffs` (`id`) ON DELETE CASCADE)
in SYSTEMPATH\Database\MySQLi\Connection.php on line 310.
 1 SYSTEMPATH\Database\BaseConnection.php(908): CodeIgniter\Database\MySQLi\Connection->execute('INSERT INTO `fetch_logs` (`student_id`, `parent_id`, `fetcher_fname`, `fetcher_mname`, `fetcher_lname`, `fetcher_relation`, `method`, `staff_id`) VALUES (\'15\', \'15\', \'joy\', \'joy\', \'de m giba\', \'Parent\', \'QR\', \'1\')')
 2 SYSTEMPATH\Database\BaseConnection.php(825): CodeIgniter\Database\BaseConnection->simpleQuery('INSERT INTO `fetch_logs` (`student_id`, `parent_id`, `fetcher_fname`, `fetcher_mname`, `fetcher_lname`, `fetcher_relation`, `method`, `staff_id`) VALUES (\'15\', \'15\', \'joy\', \'joy\', \'de m giba\', \'Parent\', \'QR\', \'1\')')
 3 SYSTEMPATH\Database\BaseBuilder.php(2343): CodeIgniter\Database\BaseConnection->query('INSERT INTO `fetch_logs` (`student_id`, `parent_id`, `fetcher_fname`, `fetcher_mname`, `fetcher_lname`, `fetcher_relation`, `method`, `staff_id`) VALUES (:student_id:, :parent_id:, :fetcher_fname:, :fetcher_mname:, :fetcher_lname:, :fetcher_relation:, :method:, :staff_id:)', [...], false)
 4 APPPATH\Controllers\Scan.php(95): CodeIgniter\Database\BaseBuilder->insert([...])
 5 SYSTEMPATH\CodeIgniter.php(974): App\Controllers\Scan->release()
 6 SYSTEMPATH\CodeIgniter.php(520): CodeIgniter\CodeIgniter->runController(Object(App\Controllers\Scan))
 7 SYSTEMPATH\CodeIgniter.php(363): CodeIgniter\CodeIgniter->handleRequest(null, Object(Config\Cache), false)
 8 SYSTEMPATH\Boot.php(417): CodeIgniter\CodeIgniter->run()
 9 SYSTEMPATH\Boot.php(68): CodeIgniter\Boot::runCodeIgniter(Object(CodeIgniter\CodeIgniter))
10 FCPATH\index.php(59): CodeIgniter\Boot::bootWeb(Object(Config\Paths))
11 SYSTEMPATH\rewrite.php(44): require_once('C:\\xampp\\htdocs\\scan2fetch\\public\\index.php')
CRITICAL - 2026-06-06 02:20:23 --> [Caused by] mysqli_sql_exception: Cannot add or update a child row: a foreign key constraint fails (`scan2fetch`.`fetch_logs`, CONSTRAINT `fetch_logs_ibfk_4` FOREIGN KEY (`staff_id`) REFERENCES `staffs` (`id`) ON DELETE CASCADE)
in SYSTEMPATH\Database\MySQLi\Connection.php on line 300.
 1 SYSTEMPATH\Database\MySQLi\Connection.php(300): mysqli->query('INSERT INTO `fetch_logs` (`student_id`, `parent_id`, `fetcher_fname`, `fetcher_mname`, `fetcher_lname`, `fetcher_relation`, `method`, `staff_id`) VALUES (\'15\', \'15\', \'joy\', \'joy\', \'de m giba\', \'Parent\', \'QR\', \'1\')', 0)
 2 SYSTEMPATH\Database\BaseConnection.php(908): CodeIgniter\Database\MySQLi\Connection->execute('INSERT INTO `fetch_logs` (`student_id`, `parent_id`, `fetcher_fname`, `fetcher_mname`, `fetcher_lname`, `fetcher_relation`, `method`, `staff_id`) VALUES (\'15\', \'15\', \'joy\', \'joy\', \'de m giba\', \'Parent\', \'QR\', \'1\')')
 3 SYSTEMPATH\Database\BaseConnection.php(825): CodeIgniter\Database\BaseConnection->simpleQuery('INSERT INTO `fetch_logs` (`student_id`, `parent_id`, `fetcher_fname`, `fetcher_mname`, `fetcher_lname`, `fetcher_relation`, `method`, `staff_id`) VALUES (\'15\', \'15\', \'joy\', \'joy\', \'de m giba\', \'Parent\', \'QR\', \'1\')')
 4 SYSTEMPATH\Database\BaseBuilder.php(2343): CodeIgniter\Database\BaseConnection->query('INSERT INTO `fetch_logs` (`student_id`, `parent_id`, `fetcher_fname`, `fetcher_mname`, `fetcher_lname`, `fetcher_relation`, `method`, `staff_id`) VALUES (:student_id:, :parent_id:, :fetcher_fname:, :fetcher_mname:, :fetcher_lname:, :fetcher_relation:, :method:, :staff_id:)', [...], false)
 5 APPPATH\Controllers\Scan.php(95): CodeIgniter\Database\BaseBuilder->insert([...])
 6 SYSTEMPATH\CodeIgniter.php(974): App\Controllers\Scan->release()
 7 SYSTEMPATH\CodeIgniter.php(520): CodeIgniter\CodeIgniter->runController(Object(App\Controllers\Scan))
 8 SYSTEMPATH\CodeIgniter.php(363): CodeIgniter\CodeIgniter->handleRequest(null, Object(Config\Cache), false)
 9 SYSTEMPATH\Boot.php(417): CodeIgniter\CodeIgniter->run()
10 SYSTEMPATH\Boot.php(68): CodeIgniter\Boot::runCodeIgniter(Object(CodeIgniter\CodeIgniter))
11 FCPATH\index.php(59): CodeIgniter\Boot::bootWeb(Object(Config\Paths))
12 SYSTEMPATH\rewrite.php(44): require_once('C:\\xampp\\htdocs\\scan2fetch\\public\\index.php')
DEBUG - 2026-06-06 02:20:27 --> Session: Class initialized using 'CodeIgniter\Session\Handlers\FileHandler' driver.
ERROR - 2026-06-06 02:20:27 --> Cannot add or update a child row: a foreign key constraint fails (`scan2fetch`.`fetch_logs`, CONSTRAINT `fetch_logs_ibfk_4` FOREIGN KEY (`staff_id`) REFERENCES `staffs` (`id`) ON DELETE CASCADE)
in SYSTEMPATH\Database\MySQLi\Connection.php on line 300.
 1 SYSTEMPATH\Database\MySQLi\Connection.php(300): mysqli->query('INSERT INTO `fetch_logs` (`student_id`, `parent_id`, `fetcher_fname`, `fetcher_mname`, `fetcher_lname`, `fetcher_relation`, `method`, `staff_id`) VALUES (\'15\', \'15\', \'joy\', \'joy\', \'de m giba\', \'Parent\', \'QR\', \'1\')', 0)
 2 SYSTEMPATH\Database\BaseConnection.php(908): CodeIgniter\Database\MySQLi\Connection->execute('INSERT INTO `fetch_logs` (`student_id`, `parent_id`, `fetcher_fname`, `fetcher_mname`, `fetcher_lname`, `fetcher_relation`, `method`, `staff_id`) VALUES (\'15\', \'15\', \'joy\', \'joy\', \'de m giba\', \'Parent\', \'QR\', \'1\')')
 3 SYSTEMPATH\Database\BaseConnection.php(825): CodeIgniter\Database\BaseConnection->simpleQuery('INSERT INTO `fetch_logs` (`student_id`, `parent_id`, `fetcher_fname`, `fetcher_mname`, `fetcher_lname`, `fetcher_relation`, `method`, `staff_id`) VALUES (\'15\', \'15\', \'joy\', \'joy\', \'de m giba\', \'Parent\', \'QR\', \'1\')')
 4 SYSTEMPATH\Database\BaseBuilder.php(2343): CodeIgniter\Database\BaseConnection->query('INSERT INTO `fetch_logs` (`student_id`, `parent_id`, `fetcher_fname`, `fetcher_mname`, `fetcher_lname`, `fetcher_relation`, `method`, `staff_id`) VALUES (:student_id:, :parent_id:, :fetcher_fname:, :fetcher_mname:, :fetcher_lname:, :fetcher_relation:, :method:, :staff_id:)', [...], false)
 5 APPPATH\Controllers\Scan.php(95): CodeIgniter\Database\BaseBuilder->insert([...])
 6 SYSTEMPATH\CodeIgniter.php(974): App\Controllers\Scan->release()
 7 SYSTEMPATH\CodeIgniter.php(520): CodeIgniter\CodeIgniter->runController(Object(App\Controllers\Scan))
 8 SYSTEMPATH\CodeIgniter.php(363): CodeIgniter\CodeIgniter->handleRequest(null, Object(Config\Cache), false)
 9 SYSTEMPATH\Boot.php(417): CodeIgniter\CodeIgniter->run()
10 SYSTEMPATH\Boot.php(68): CodeIgniter\Boot::runCodeIgniter(Object(CodeIgniter\CodeIgniter))
11 FCPATH\index.php(59): CodeIgniter\Boot::bootWeb(Object(Config\Paths))
12 SYSTEMPATH\rewrite.php(44): require_once('C:\\xampp\\htdocs\\scan2fetch\\public\\index.php')
CRITICAL - 2026-06-06 02:20:27 --> CodeIgniter\Database\Exceptions\DatabaseException: Cannot add or update a child row: a foreign key constraint fails (`scan2fetch`.`fetch_logs`, CONSTRAINT `fetch_logs_ibfk_4` FOREIGN KEY (`staff_id`) REFERENCES `staffs` (`id`) ON DELETE CASCADE)
[Method: POST, Route: scan/release]
in SYSTEMPATH\Database\BaseConnection.php on line 863.
 1 SYSTEMPATH\Database\BaseBuilder.php(2343): CodeIgniter\Database\BaseConnection->query('INSERT INTO `fetch_logs` (`student_id`, `parent_id`, `fetcher_fname`, `fetcher_mname`, `fetcher_lname`, `fetcher_relation`, `method`, `staff_id`) VALUES (:student_id:, :parent_id:, :fetcher_fname:, :fetcher_mname:, :fetcher_lname:, :fetcher_relation:, :method:, :staff_id:)', [...], false)
 2 APPPATH\Controllers\Scan.php(95): CodeIgniter\Database\BaseBuilder->insert([...])
 3 SYSTEMPATH\CodeIgniter.php(974): App\Controllers\Scan->release()
 4 SYSTEMPATH\CodeIgniter.php(520): CodeIgniter\CodeIgniter->runController(Object(App\Controllers\Scan))
 5 SYSTEMPATH\CodeIgniter.php(363): CodeIgniter\CodeIgniter->handleRequest(null, Object(Config\Cache), false)
 6 SYSTEMPATH\Boot.php(417): CodeIgniter\CodeIgniter->run()
 7 SYSTEMPATH\Boot.php(68): CodeIgniter\Boot::runCodeIgniter(Object(CodeIgniter\CodeIgniter))
 8 FCPATH\index.php(59): CodeIgniter\Boot::bootWeb(Object(Config\Paths))
 9 SYSTEMPATH\rewrite.php(44): require_once('C:\\xampp\\htdocs\\scan2fetch\\public\\index.php')
CRITICAL - 2026-06-06 02:20:27 --> [Caused by] CodeIgniter\Database\Exceptions\DatabaseException: Cannot add or update a child row: a foreign key constraint fails (`scan2fetch`.`fetch_logs`, CONSTRAINT `fetch_logs_ibfk_4` FOREIGN KEY (`staff_id`) REFERENCES `staffs` (`id`) ON DELETE CASCADE)
in SYSTEMPATH\Database\MySQLi\Connection.php on line 310.
 1 SYSTEMPATH\Database\BaseConnection.php(908): CodeIgniter\Database\MySQLi\Connection->execute('INSERT INTO `fetch_logs` (`student_id`, `parent_id`, `fetcher_fname`, `fetcher_mname`, `fetcher_lname`, `fetcher_relation`, `method`, `staff_id`) VALUES (\'15\', \'15\', \'joy\', \'joy\', \'de m giba\', \'Parent\', \'QR\', \'1\')')
 2 SYSTEMPATH\Database\BaseConnection.php(825): CodeIgniter\Database\BaseConnection->simpleQuery('INSERT INTO `fetch_logs` (`student_id`, `parent_id`, `fetcher_fname`, `fetcher_mname`, `fetcher_lname`, `fetcher_relation`, `method`, `staff_id`) VALUES (\'15\', \'15\', \'joy\', \'joy\', \'de m giba\', \'Parent\', \'QR\', \'1\')')
 3 SYSTEMPATH\Database\BaseBuilder.php(2343): CodeIgniter\Database\BaseConnection->query('INSERT INTO `fetch_logs` (`student_id`, `parent_id`, `fetcher_fname`, `fetcher_mname`, `fetcher_lname`, `fetcher_relation`, `method`, `staff_id`) VALUES (:student_id:, :parent_id:, :fetcher_fname:, :fetcher_mname:, :fetcher_lname:, :fetcher_relation:, :method:, :staff_id:)', [...], false)
 4 APPPATH\Controllers\Scan.php(95): CodeIgniter\Database\BaseBuilder->insert([...])
 5 SYSTEMPATH\CodeIgniter.php(974): App\Controllers\Scan->release()
 6 SYSTEMPATH\CodeIgniter.php(520): CodeIgniter\CodeIgniter->runController(Object(App\Controllers\Scan))
 7 SYSTEMPATH\CodeIgniter.php(363): CodeIgniter\CodeIgniter->handleRequest(null, Object(Config\Cache), false)
 8 SYSTEMPATH\Boot.php(417): CodeIgniter\CodeIgniter->run()
 9 SYSTEMPATH\Boot.php(68): CodeIgniter\Boot::runCodeIgniter(Object(CodeIgniter\CodeIgniter))
10 FCPATH\index.php(59): CodeIgniter\Boot::bootWeb(Object(Config\Paths))
11 SYSTEMPATH\rewrite.php(44): require_once('C:\\xampp\\htdocs\\scan2fetch\\public\\index.php')
CRITICAL - 2026-06-06 02:20:27 --> [Caused by] mysqli_sql_exception: Cannot add or update a child row: a foreign key constraint fails (`scan2fetch`.`fetch_logs`, CONSTRAINT `fetch_logs_ibfk_4` FOREIGN KEY (`staff_id`) REFERENCES `staffs` (`id`) ON DELETE CASCADE)
in SYSTEMPATH\Database\MySQLi\Connection.php on line 300.
 1 SYSTEMPATH\Database\MySQLi\Connection.php(300): mysqli->query('INSERT INTO `fetch_logs` (`student_id`, `parent_id`, `fetcher_fname`, `fetcher_mname`, `fetcher_lname`, `fetcher_relation`, `method`, `staff_id`) VALUES (\'15\', \'15\', \'joy\', \'joy\', \'de m giba\', \'Parent\', \'QR\', \'1\')', 0)
 2 SYSTEMPATH\Database\BaseConnection.php(908): CodeIgniter\Database\MySQLi\Connection->execute('INSERT INTO `fetch_logs` (`student_id`, `parent_id`, `fetcher_fname`, `fetcher_mname`, `fetcher_lname`, `fetcher_relation`, `method`, `staff_id`) VALUES (\'15\', \'15\', \'joy\', \'joy\', \'de m giba\', \'Parent\', \'QR\', \'1\')')
 3 SYSTEMPATH\Database\BaseConnection.php(825): CodeIgniter\Database\BaseConnection->simpleQuery('INSERT INTO `fetch_logs` (`student_id`, `parent_id`, `fetcher_fname`, `fetcher_mname`, `fetcher_lname`, `fetcher_relation`, `method`, `staff_id`) VALUES (\'15\', \'15\', \'joy\', \'joy\', \'de m giba\', \'Parent\', \'QR\', \'1\')')
 4 SYSTEMPATH\Database\BaseBuilder.php(2343): CodeIgniter\Database\BaseConnection->query('INSERT INTO `fetch_logs` (`student_id`, `parent_id`, `fetcher_fname`, `fetcher_mname`, `fetcher_lname`, `fetcher_relation`, `method`, `staff_id`) VALUES (:student_id:, :parent_id:, :fetcher_fname:, :fetcher_mname:, :fetcher_lname:, :fetcher_relation:, :method:, :staff_id:)', [...], false)
 5 APPPATH\Controllers\Scan.php(95): CodeIgniter\Database\BaseBuilder->insert([...])
 6 SYSTEMPATH\CodeIgniter.php(974): App\Controllers\Scan->release()
 7 SYSTEMPATH\CodeIgniter.php(520): CodeIgniter\CodeIgniter->runController(Object(App\Controllers\Scan))
 8 SYSTEMPATH\CodeIgniter.php(363): CodeIgniter\CodeIgniter->handleRequest(null, Object(Config\Cache), false)
 9 SYSTEMPATH\Boot.php(417): CodeIgniter\CodeIgniter->run()
10 SYSTEMPATH\Boot.php(68): CodeIgniter\Boot::runCodeIgniter(Object(CodeIgniter\CodeIgniter))
11 FCPATH\index.php(59): CodeIgniter\Boot::bootWeb(Object(Config\Paths))
12 SYSTEMPATH\rewrite.php(44): require_once('C:\\xampp\\htdocs\\scan2fetch\\public\\index.php')
DEBUG - 2026-06-06 02:20:31 --> Session: Class initialized using 'CodeIgniter\Session\Handlers\FileHandler' driver.
DEBUG - 2026-06-06 02:20:41 --> Session: Class initialized using 'CodeIgniter\Session\Handlers\FileHandler' driver.
DEBUG - 2026-06-06 02:20:45 --> Session: Class initialized using 'CodeIgniter\Session\Handlers\FileHandler' driver.
DEBUG - 2026-06-06 02:20:50 --> Session: Class initialized using 'CodeIgniter\Session\Handlers\FileHandler' driver.
DEBUG - 2026-06-06 02:20:57 --> Session: Class initialized using 'CodeIgniter\Session\Handlers\FileHandler' driver.
DEBUG - 2026-06-06 02:21:22 --> Session: Class initialized using 'CodeIgniter\Session\Handlers\FileHandler' driver.
DEBUG - 2026-06-06 02:21:24 --> Session: Class initialized using 'CodeIgniter\Session\Handlers\FileHandler' driver.
DEBUG - 2026-06-06 02:21:29 --> Session: Class initialized using 'CodeIgniter\Session\Handlers\FileHandler' driver.
DEBUG - 2026-06-06 02:21:30 --> Session: Class initialized using 'CodeIgniter\Session\Handlers\FileHandler' driver.
DEBUG - 2026-06-06 02:21:42 --> Session: Class initialized using 'CodeIgniter\Session\Handlers\FileHandler' driver.
DEBUG - 2026-06-06 02:21:44 --> Session: Class initialized using 'CodeIgniter\Session\Handlers\FileHandler' driver.
DEBUG - 2026-06-06 02:21:50 --> Session: Class initialized using 'CodeIgniter\Session\Handlers\FileHandler' driver.
DEBUG - 2026-06-06 02:21:50 --> Session: Class initialized using 'CodeIgniter\Session\Handlers\FileHandler' driver.
DEBUG - 2026-06-06 02:21:58 --> Session: Class initialized using 'CodeIgniter\Session\Handlers\FileHandler' driver.
DEBUG - 2026-06-06 02:21:59 --> Session: Class initialized using 'CodeIgniter\Session\Handlers\FileHandler' driver.
ERROR - 2026-06-06 02:21:59 --> Unknown table 'scan2fetch.students'
in SYSTEMPATH\Database\MySQLi\Connection.php on line 300.
 1 SYSTEMPATH\Database\MySQLi\Connection.php(300): mysqli->query('SELECT `students`.*, `student_parents`.`relation`
FROM `parents`
JOIN `student_parents` ON `student_parents`.`student_id` = `students`.`id`
WHERE `student_parents`.`parent_id` = \'15\'', 0)
 2 SYSTEMPATH\Database\BaseConnection.php(908): CodeIgniter\Database\MySQLi\Connection->execute('SELECT `students`.*, `student_parents`.`relation`
FROM `parents`
JOIN `student_parents` ON `student_parents`.`student_id` = `students`.`id`
WHERE `student_parents`.`parent_id` = \'15\'')
 3 SYSTEMPATH\Database\BaseConnection.php(825): CodeIgniter\Database\BaseConnection->simpleQuery('SELECT `students`.*, `student_parents`.`relation`
FROM `parents`
JOIN `student_parents` ON `student_parents`.`student_id` = `students`.`id`
WHERE `student_parents`.`parent_id` = \'15\'')
 4 SYSTEMPATH\Database\BaseBuilder.php(1647): CodeIgniter\Database\BaseConnection->query('SELECT `students`.*, `student_parents`.`relation`
FROM `parents`
JOIN `student_parents` ON `student_parents`.`student_id` = `students`.`id`
WHERE `student_parents`.`parent_id` = :student_parents.parent_id:', [...], false)
 5 SYSTEMPATH\Model.php(255): CodeIgniter\Database\BaseBuilder->get()
 6 SYSTEMPATH\BaseModel.php(676): CodeIgniter\Model->doFindAll(0, 0)
 7 APPPATH\Controllers\Dashboard.php(92): CodeIgniter\BaseModel->findAll()
 8 SYSTEMPATH\CodeIgniter.php(974): App\Controllers\Dashboard->index()
 9 SYSTEMPATH\CodeIgniter.php(520): CodeIgniter\CodeIgniter->runController(Object(App\Controllers\Dashboard))
10 SYSTEMPATH\CodeIgniter.php(363): CodeIgniter\CodeIgniter->handleRequest(null, Object(Config\Cache), false)
11 SYSTEMPATH\Boot.php(417): CodeIgniter\CodeIgniter->run()
12 SYSTEMPATH\Boot.php(68): CodeIgniter\Boot::runCodeIgniter(Object(CodeIgniter\CodeIgniter))
13 FCPATH\index.php(59): CodeIgniter\Boot::bootWeb(Object(Config\Paths))
14 SYSTEMPATH\rewrite.php(44): require_once('C:\\xampp\\htdocs\\scan2fetch\\public\\index.php')
CRITICAL - 2026-06-06 02:21:59 --> CodeIgniter\Database\Exceptions\DatabaseException: Unknown table 'scan2fetch.students'
[Method: GET, Route: dashboard]
in SYSTEMPATH\Database\BaseConnection.php on line 863.
 1 SYSTEMPATH\Database\BaseBuilder.php(1647): CodeIgniter\Database\BaseConnection->query('SELECT `students`.*, `student_parents`.`relation`
FROM `parents`
JOIN `student_parents` ON `student_parents`.`student_id` = `students`.`id`
WHERE `student_parents`.`parent_id` = :student_parents.parent_id:', [...], false)
 2 SYSTEMPATH\Model.php(255): CodeIgniter\Database\BaseBuilder->get()
 3 SYSTEMPATH\BaseModel.php(676): CodeIgniter\Model->doFindAll(0, 0)
 4 APPPATH\Controllers\Dashboard.php(92): CodeIgniter\BaseModel->findAll()
 5 SYSTEMPATH\CodeIgniter.php(974): App\Controllers\Dashboard->index()
 6 SYSTEMPATH\CodeIgniter.php(520): CodeIgniter\CodeIgniter->runController(Object(App\Controllers\Dashboard))
 7 SYSTEMPATH\CodeIgniter.php(363): CodeIgniter\CodeIgniter->handleRequest(null, Object(Config\Cache), false)
 8 SYSTEMPATH\Boot.php(417): CodeIgniter\CodeIgniter->run()
 9 SYSTEMPATH\Boot.php(68): CodeIgniter\Boot::runCodeIgniter(Object(CodeIgniter\CodeIgniter))
10 FCPATH\index.php(59): CodeIgniter\Boot::bootWeb(Object(Config\Paths))
11 SYSTEMPATH\rewrite.php(44): require_once('C:\\xampp\\htdocs\\scan2fetch\\public\\index.php')
CRITICAL - 2026-06-06 02:21:59 --> [Caused by] CodeIgniter\Database\Exceptions\DatabaseException: Unknown table 'scan2fetch.students'
in SYSTEMPATH\Database\MySQLi\Connection.php on line 310.
 1 SYSTEMPATH\Database\BaseConnection.php(908): CodeIgniter\Database\MySQLi\Connection->execute('SELECT `students`.*, `student_parents`.`relation`
FROM `parents`
JOIN `student_parents` ON `student_parents`.`student_id` = `students`.`id`
WHERE `student_parents`.`parent_id` = \'15\'')
 2 SYSTEMPATH\Database\BaseConnection.php(825): CodeIgniter\Database\BaseConnection->simpleQuery('SELECT `students`.*, `student_parents`.`relation`
FROM `parents`
JOIN `student_parents` ON `student_parents`.`student_id` = `students`.`id`
WHERE `student_parents`.`parent_id` = \'15\'')
 3 SYSTEMPATH\Database\BaseBuilder.php(1647): CodeIgniter\Database\BaseConnection->query('SELECT `students`.*, `student_parents`.`relation`
FROM `parents`
JOIN `student_parents` ON `student_parents`.`student_id` = `students`.`id`
WHERE `student_parents`.`parent_id` = :student_parents.parent_id:', [...], false)
 4 SYSTEMPATH\Model.php(255): CodeIgniter\Database\BaseBuilder->get()
 5 SYSTEMPATH\BaseModel.php(676): CodeIgniter\Model->doFindAll(0, 0)
 6 APPPATH\Controllers\Dashboard.php(92): CodeIgniter\BaseModel->findAll()
 7 SYSTEMPATH\CodeIgniter.php(974): App\Controllers\Dashboard->index()
 8 SYSTEMPATH\CodeIgniter.php(520): CodeIgniter\CodeIgniter->runController(Object(App\Controllers\Dashboard))
 9 SYSTEMPATH\CodeIgniter.php(363): CodeIgniter\CodeIgniter->handleRequest(null, Object(Config\Cache), false)
10 SYSTEMPATH\Boot.php(417): CodeIgniter\CodeIgniter->run()
11 SYSTEMPATH\Boot.php(68): CodeIgniter\Boot::runCodeIgniter(Object(CodeIgniter\CodeIgniter))
12 FCPATH\index.php(59): CodeIgniter\Boot::bootWeb(Object(Config\Paths))
13 SYSTEMPATH\rewrite.php(44): require_once('C:\\xampp\\htdocs\\scan2fetch\\public\\index.php')
CRITICAL - 2026-06-06 02:21:59 --> [Caused by] mysqli_sql_exception: Unknown table 'scan2fetch.students'
in SYSTEMPATH\Database\MySQLi\Connection.php on line 300.
 1 SYSTEMPATH\Database\MySQLi\Connection.php(300): mysqli->query('SELECT `students`.*, `student_parents`.`relation`
FROM `parents`
JOIN `student_parents` ON `student_parents`.`student_id` = `students`.`id`
WHERE `student_parents`.`parent_id` = \'15\'', 0)
 2 SYSTEMPATH\Database\BaseConnection.php(908): CodeIgniter\Database\MySQLi\Connection->execute('SELECT `students`.*, `student_parents`.`relation`
FROM `parents`
JOIN `student_parents` ON `student_parents`.`student_id` = `students`.`id`
WHERE `student_parents`.`parent_id` = \'15\'')
 3 SYSTEMPATH\Database\BaseConnection.php(825): CodeIgniter\Database\BaseConnection->simpleQuery('SELECT `students`.*, `student_parents`.`relation`
FROM `parents`
JOIN `student_parents` ON `student_parents`.`student_id` = `students`.`id`
WHERE `student_parents`.`parent_id` = \'15\'')
 4 SYSTEMPATH\Database\BaseBuilder.php(1647): CodeIgniter\Database\BaseConnection->query('SELECT `students`.*, `student_parents`.`relation`
FROM `parents`
JOIN `student_parents` ON `student_parents`.`student_id` = `students`.`id`
WHERE `student_parents`.`parent_id` = :student_parents.parent_id:', [...], false)
 5 SYSTEMPATH\Model.php(255): CodeIgniter\Database\BaseBuilder->get()
 6 SYSTEMPATH\BaseModel.php(676): CodeIgniter\Model->doFindAll(0, 0)
 7 APPPATH\Controllers\Dashboard.php(92): CodeIgniter\BaseModel->findAll()
 8 SYSTEMPATH\CodeIgniter.php(974): App\Controllers\Dashboard->index()
 9 SYSTEMPATH\CodeIgniter.php(520): CodeIgniter\CodeIgniter->runController(Object(App\Controllers\Dashboard))
10 SYSTEMPATH\CodeIgniter.php(363): CodeIgniter\CodeIgniter->handleRequest(null, Object(Config\Cache), false)
11 SYSTEMPATH\Boot.php(417): CodeIgniter\CodeIgniter->run()
12 SYSTEMPATH\Boot.php(68): CodeIgniter\Boot::runCodeIgniter(Object(CodeIgniter\CodeIgniter))
13 FCPATH\index.php(59): CodeIgniter\Boot::bootWeb(Object(Config\Paths))
14 SYSTEMPATH\rewrite.php(44): require_once('C:\\xampp\\htdocs\\scan2fetch\\public\\index.php')
DEBUG - 2026-06-06 02:22:02 --> Session: Class initialized using 'CodeIgniter\Session\Handlers\FileHandler' driver.
DEBUG - 2026-06-06 02:22:16 --> Session: Class initialized using 'CodeIgniter\Session\Handlers\FileHandler' driver.
DEBUG - 2026-06-06 02:22:16 --> Session: Class initialized using 'CodeIgniter\Session\Handlers\FileHandler' driver.
DEBUG - 2026-06-06 02:22:21 --> Session: Class initialized using 'CodeIgniter\Session\Handlers\FileHandler' driver.
DEBUG - 2026-06-06 02:23:14 --> Session: Class initialized using 'CodeIgniter\Session\Handlers\FileHandler' driver.
DEBUG - 2026-06-06 02:23:17 --> Session: Class initialized using 'CodeIgniter\Session\Handlers\FileHandler' driver.
DEBUG - 2026-06-06 02:28:36 --> Session: Class initialized using 'CodeIgniter\Session\Handlers\FileHandler' driver.
DEBUG - 2026-06-06 02:28:37 --> Session: Class initialized using 'CodeIgniter\Session\Handlers\FileHandler' driver.
DEBUG - 2026-06-06 02:28:41 --> Session: Class initialized using 'CodeIgniter\Session\Handlers\FileHandler' driver.
DEBUG - 2026-06-06 02:28:58 --> Session: Class initialized using 'CodeIgniter\Session\Handlers\FileHandler' driver.
DEBUG - 2026-06-06 02:29:15 --> Session: Class initialized using 'CodeIgniter\Session\Handlers\FileHandler' driver.
DEBUG - 2026-06-06 02:29:15 --> Session: Class initialized using 'CodeIgniter\Session\Handlers\FileHandler' driver.
ERROR - 2026-06-06 02:29:16 --> Unknown table 'scan2fetch.students'
in SYSTEMPATH\Database\MySQLi\Connection.php on line 300.
 1 SYSTEMPATH\Database\MySQLi\Connection.php(300): mysqli->query('SELECT `students`.*, `student_parents`.`relation`
FROM `parents`
JOIN `student_parents` ON `student_parents`.`student_id` = `students`.`id`
WHERE `student_parents`.`parent_id` = \'15\'', 0)
 2 SYSTEMPATH\Database\BaseConnection.php(908): CodeIgniter\Database\MySQLi\Connection->execute('SELECT `students`.*, `student_parents`.`relation`
FROM `parents`
JOIN `student_parents` ON `student_parents`.`student_id` = `students`.`id`
WHERE `student_parents`.`parent_id` = \'15\'')
 3 SYSTEMPATH\Database\BaseConnection.php(825): CodeIgniter\Database\BaseConnection->simpleQuery('SELECT `students`.*, `student_parents`.`relation`
FROM `parents`
JOIN `student_parents` ON `student_parents`.`student_id` = `students`.`id`
WHERE `student_parents`.`parent_id` = \'15\'')
 4 SYSTEMPATH\Database\BaseBuilder.php(1647): CodeIgniter\Database\BaseConnection->query('SELECT `students`.*, `student_parents`.`relation`
FROM `parents`
JOIN `student_parents` ON `student_parents`.`student_id` = `students`.`id`
WHERE `student_parents`.`parent_id` = :student_parents.parent_id:', [...], false)
 5 SYSTEMPATH\Model.php(255): CodeIgniter\Database\BaseBuilder->get()
 6 SYSTEMPATH\BaseModel.php(676): CodeIgniter\Model->doFindAll(0, 0)
 7 APPPATH\Controllers\Dashboard.php(92): CodeIgniter\BaseModel->findAll()
 8 SYSTEMPATH\CodeIgniter.php(974): App\Controllers\Dashboard->index()
 9 SYSTEMPATH\CodeIgniter.php(520): CodeIgniter\CodeIgniter->runController(Object(App\Controllers\Dashboard))
10 SYSTEMPATH\CodeIgniter.php(363): CodeIgniter\CodeIgniter->handleRequest(null, Object(Config\Cache), false)
11 SYSTEMPATH\Boot.php(417): CodeIgniter\CodeIgniter->run()
12 SYSTEMPATH\Boot.php(68): CodeIgniter\Boot::runCodeIgniter(Object(CodeIgniter\CodeIgniter))
13 FCPATH\index.php(59): CodeIgniter\Boot::bootWeb(Object(Config\Paths))
14 SYSTEMPATH\rewrite.php(44): require_once('C:\\xampp\\htdocs\\scan2fetch\\public\\index.php')
CRITICAL - 2026-06-06 02:29:16 --> CodeIgniter\Database\Exceptions\DatabaseException: Unknown table 'scan2fetch.students'
[Method: GET, Route: dashboard]
in SYSTEMPATH\Database\BaseConnection.php on line 863.
 1 SYSTEMPATH\Database\BaseBuilder.php(1647): CodeIgniter\Database\BaseConnection->query('SELECT `students`.*, `student_parents`.`relation`
FROM `parents`
JOIN `student_parents` ON `student_parents`.`student_id` = `students`.`id`
WHERE `student_parents`.`parent_id` = :student_parents.parent_id:', [...], false)
 2 SYSTEMPATH\Model.php(255): CodeIgniter\Database\BaseBuilder->get()
 3 SYSTEMPATH\BaseModel.php(676): CodeIgniter\Model->doFindAll(0, 0)
 4 APPPATH\Controllers\Dashboard.php(92): CodeIgniter\BaseModel->findAll()
 5 SYSTEMPATH\CodeIgniter.php(974): App\Controllers\Dashboard->index()
 6 SYSTEMPATH\CodeIgniter.php(520): CodeIgniter\CodeIgniter->runController(Object(App\Controllers\Dashboard))
 7 SYSTEMPATH\CodeIgniter.php(363): CodeIgniter\CodeIgniter->handleRequest(null, Object(Config\Cache), false)
 8 SYSTEMPATH\Boot.php(417): CodeIgniter\CodeIgniter->run()
 9 SYSTEMPATH\Boot.php(68): CodeIgniter\Boot::runCodeIgniter(Object(CodeIgniter\CodeIgniter))
10 FCPATH\index.php(59): CodeIgniter\Boot::bootWeb(Object(Config\Paths))
11 SYSTEMPATH\rewrite.php(44): require_once('C:\\xampp\\htdocs\\scan2fetch\\public\\index.php')
CRITICAL - 2026-06-06 02:29:16 --> [Caused by] CodeIgniter\Database\Exceptions\DatabaseException: Unknown table 'scan2fetch.students'
in SYSTEMPATH\Database\MySQLi\Connection.php on line 310.
 1 SYSTEMPATH\Database\BaseConnection.php(908): CodeIgniter\Database\MySQLi\Connection->execute('SELECT `students`.*, `student_parents`.`relation`
FROM `parents`
JOIN `student_parents` ON `student_parents`.`student_id` = `students`.`id`
WHERE `student_parents`.`parent_id` = \'15\'')
 2 SYSTEMPATH\Database\BaseConnection.php(825): CodeIgniter\Database\BaseConnection->simpleQuery('SELECT `students`.*, `student_parents`.`relation`
FROM `parents`
JOIN `student_parents` ON `student_parents`.`student_id` = `students`.`id`
WHERE `student_parents`.`parent_id` = \'15\'')
 3 SYSTEMPATH\Database\BaseBuilder.php(1647): CodeIgniter\Database\BaseConnection->query('SELECT `students`.*, `student_parents`.`relation`
FROM `parents`
JOIN `student_parents` ON `student_parents`.`student_id` = `students`.`id`
WHERE `student_parents`.`parent_id` = :student_parents.parent_id:', [...], false)
 4 SYSTEMPATH\Model.php(255): CodeIgniter\Database\BaseBuilder->get()
 5 SYSTEMPATH\BaseModel.php(676): CodeIgniter\Model->doFindAll(0, 0)
 6 APPPATH\Controllers\Dashboard.php(92): CodeIgniter\BaseModel->findAll()
 7 SYSTEMPATH\CodeIgniter.php(974): App\Controllers\Dashboard->index()
 8 SYSTEMPATH\CodeIgniter.php(520): CodeIgniter\CodeIgniter->runController(Object(App\Controllers\Dashboard))
 9 SYSTEMPATH\CodeIgniter.php(363): CodeIgniter\CodeIgniter->handleRequest(null, Object(Config\Cache), false)
10 SYSTEMPATH\Boot.php(417): CodeIgniter\CodeIgniter->run()
11 SYSTEMPATH\Boot.php(68): CodeIgniter\Boot::runCodeIgniter(Object(CodeIgniter\CodeIgniter))
12 FCPATH\index.php(59): CodeIgniter\Boot::bootWeb(Object(Config\Paths))
13 SYSTEMPATH\rewrite.php(44): require_once('C:\\xampp\\htdocs\\scan2fetch\\public\\index.php')
CRITICAL - 2026-06-06 02:29:16 --> [Caused by] mysqli_sql_exception: Unknown table 'scan2fetch.students'
in SYSTEMPATH\Database\MySQLi\Connection.php on line 300.
 1 SYSTEMPATH\Database\MySQLi\Connection.php(300): mysqli->query('SELECT `students`.*, `student_parents`.`relation`
FROM `parents`
JOIN `student_parents` ON `student_parents`.`student_id` = `students`.`id`
WHERE `student_parents`.`parent_id` = \'15\'', 0)
 2 SYSTEMPATH\Database\BaseConnection.php(908): CodeIgniter\Database\MySQLi\Connection->execute('SELECT `students`.*, `student_parents`.`relation`
FROM `parents`
JOIN `student_parents` ON `student_parents`.`student_id` = `students`.`id`
WHERE `student_parents`.`parent_id` = \'15\'')
 3 SYSTEMPATH\Database\BaseConnection.php(825): CodeIgniter\Database\BaseConnection->simpleQuery('SELECT `students`.*, `student_parents`.`relation`
FROM `parents`
JOIN `student_parents` ON `student_parents`.`student_id` = `students`.`id`
WHERE `student_parents`.`parent_id` = \'15\'')
 4 SYSTEMPATH\Database\BaseBuilder.php(1647): CodeIgniter\Database\BaseConnection->query('SELECT `students`.*, `student_parents`.`relation`
FROM `parents`
JOIN `student_parents` ON `student_parents`.`student_id` = `students`.`id`
WHERE `student_parents`.`parent_id` = :student_parents.parent_id:', [...], false)
 5 SYSTEMPATH\Model.php(255): CodeIgniter\Database\BaseBuilder->get()
 6 SYSTEMPATH\BaseModel.php(676): CodeIgniter\Model->doFindAll(0, 0)
 7 APPPATH\Controllers\Dashboard.php(92): CodeIgniter\BaseModel->findAll()
 8 SYSTEMPATH\CodeIgniter.php(974): App\Controllers\Dashboard->index()
 9 SYSTEMPATH\CodeIgniter.php(520): CodeIgniter\CodeIgniter->runController(Object(App\Controllers\Dashboard))
10 SYSTEMPATH\CodeIgniter.php(363): CodeIgniter\CodeIgniter->handleRequest(null, Object(Config\Cache), false)
11 SYSTEMPATH\Boot.php(417): CodeIgniter\CodeIgniter->run()
12 SYSTEMPATH\Boot.php(68): CodeIgniter\Boot::runCodeIgniter(Object(CodeIgniter\CodeIgniter))
13 FCPATH\index.php(59): CodeIgniter\Boot::bootWeb(Object(Config\Paths))
14 SYSTEMPATH\rewrite.php(44): require_once('C:\\xampp\\htdocs\\scan2fetch\\public\\index.php')
DEBUG - 2026-06-06 02:29:35 --> Session: Class initialized using 'CodeIgniter\Session\Handlers\FileHandler' driver.
DEBUG - 2026-06-06 02:29:43 --> Session: Class initialized using 'CodeIgniter\Session\Handlers\FileHandler' driver.
DEBUG - 2026-06-06 02:29:43 --> Session: Class initialized using 'CodeIgniter\Session\Handlers\FileHandler' driver.
DEBUG - 2026-06-06 02:30:08 --> Session: Class initialized using 'CodeIgniter\Session\Handlers\FileHandler' driver.
DEBUG - 2026-06-06 02:30:20 --> Session: Class initialized using 'CodeIgniter\Session\Handlers\FileHandler' driver.
DEBUG - 2026-06-06 02:30:44 --> Session: Class initialized using 'CodeIgniter\Session\Handlers\FileHandler' driver.
DEBUG - 2026-06-06 02:31:05 --> Session: Class initialized using 'CodeIgniter\Session\Handlers\FileHandler' driver.
DEBUG - 2026-06-06 02:35:43 --> Session: Class initialized using 'CodeIgniter\Session\Handlers\FileHandler' driver.
DEBUG - 2026-06-06 02:35:48 --> Session: Class initialized using 'CodeIgniter\Session\Handlers\FileHandler' driver.
DEBUG - 2026-06-06 02:36:01 --> Session: Class initialized using 'CodeIgniter\Session\Handlers\FileHandler' driver.
DEBUG - 2026-06-06 02:36:08 --> Session: Class initialized using 'CodeIgniter\Session\Handlers\FileHandler' driver.
DEBUG - 2026-06-06 02:36:08 --> Session: Class initialized using 'CodeIgniter\Session\Handlers\FileHandler' driver.
DEBUG - 2026-06-06 02:36:22 --> Session: Class initialized using 'CodeIgniter\Session\Handlers\FileHandler' driver.
DEBUG - 2026-06-06 02:36:22 --> Session: Class initialized using 'CodeIgniter\Session\Handlers\FileHandler' driver.
DEBUG - 2026-06-06 02:36:35 --> Session: Class initialized using 'CodeIgniter\Session\Handlers\FileHandler' driver.
DEBUG - 2026-06-06 02:36:36 --> Session: Class initialized using 'CodeIgniter\Session\Handlers\FileHandler' driver.
DEBUG - 2026-06-06 02:36:38 --> Session: Class initialized using 'CodeIgniter\Session\Handlers\FileHandler' driver.
DEBUG - 2026-06-06 02:37:48 --> Session: Class initialized using 'CodeIgniter\Session\Handlers\FileHandler' driver.
DEBUG - 2026-06-06 02:37:49 --> Session: Class initialized using 'CodeIgniter\Session\Handlers\FileHandler' driver.
DEBUG - 2026-06-06 02:37:52 --> Session: Class initialized using 'CodeIgniter\Session\Handlers\FileHandler' driver.
DEBUG - 2026-06-06 02:38:18 --> Session: Class initialized using 'CodeIgniter\Session\Handlers\FileHandler' driver.
DEBUG - 2026-06-06 02:38:55 --> Session: Class initialized using 'CodeIgniter\Session\Handlers\FileHandler' driver.
DEBUG - 2026-06-06 02:39:05 --> Session: Class initialized using 'CodeIgniter\Session\Handlers\FileHandler' driver.
DEBUG - 2026-06-06 02:39:11 --> Session: Class initialized using 'CodeIgniter\Session\Handlers\FileHandler' driver.
DEBUG - 2026-06-06 02:39:15 --> Session: Class initialized using 'CodeIgniter\Session\Handlers\FileHandler' driver.
DEBUG - 2026-06-06 02:39:18 --> Session: Class initialized using 'CodeIgniter\Session\Handlers\FileHandler' driver.
DEBUG - 2026-06-06 02:39:22 --> Session: Class initialized using 'CodeIgniter\Session\Handlers\FileHandler' driver.
DEBUG - 2026-06-06 02:39:24 --> Session: Class initialized using 'CodeIgniter\Session\Handlers\FileHandler' driver.
DEBUG - 2026-06-06 02:43:45 --> Session: Class initialized using 'CodeIgniter\Session\Handlers\FileHandler' driver.
ERROR - 2026-06-06 02:43:46 --> Duplicate entry '1234' for key 'phone'
in SYSTEMPATH\Database\MySQLi\Connection.php on line 300.
 1 SYSTEMPATH\Database\MySQLi\Connection.php(300): mysqli->query('INSERT INTO `parents` (`fname`, `mname`, `lname`, `phone`, `password`, `qr_code`, `created_by`) VALUES (\'jea\', \'\', \'tajanlangit\', \'1234\', \'$2y$10$qpfNyxWSl1KicDhi2JpsA.BhtrvcJW05guQpb6rh5kLXCGrntDGHK\', \'QR-1F1D15FDCC7B\', \'1\')', 0)
 2 SYSTEMPATH\Database\BaseConnection.php(908): CodeIgniter\Database\MySQLi\Connection->execute('INSERT INTO `parents` (`fname`, `mname`, `lname`, `phone`, `password`, `qr_code`, `created_by`) VALUES (\'jea\', \'\', \'tajanlangit\', \'1234\', \'$2y$10$qpfNyxWSl1KicDhi2JpsA.BhtrvcJW05guQpb6rh5kLXCGrntDGHK\', \'QR-1F1D15FDCC7B\', \'1\')')
 3 SYSTEMPATH\Database\BaseConnection.php(825): CodeIgniter\Database\BaseConnection->simpleQuery('INSERT INTO `parents` (`fname`, `mname`, `lname`, `phone`, `password`, `qr_code`, `created_by`) VALUES (\'jea\', \'\', \'tajanlangit\', \'1234\', \'$2y$10$qpfNyxWSl1KicDhi2JpsA.BhtrvcJW05guQpb6rh5kLXCGrntDGHK\', \'QR-1F1D15FDCC7B\', \'1\')')
 4 SYSTEMPATH\Database\BaseBuilder.php(2343): CodeIgniter\Database\BaseConnection->query('INSERT INTO `parents` (`fname`, `mname`, `lname`, `phone`, `password`, `qr_code`, `created_by`) VALUES (:fname:, :mname:, :lname:, :phone:, :password:, :qr_code:, :created_by:)', [...], false)
 5 SYSTEMPATH\Model.php(357): CodeIgniter\Database\BaseBuilder->insert()
 6 SYSTEMPATH\BaseModel.php(899): CodeIgniter\Model->doInsert([...])
 7 SYSTEMPATH\Model.php(670): CodeIgniter\BaseModel->insert([...], true)
 8 APPPATH\Controllers\Students.php(96): CodeIgniter\Model->insert([...])
 9 SYSTEMPATH\CodeIgniter.php(974): App\Controllers\Students->save()
10 SYSTEMPATH\CodeIgniter.php(520): CodeIgniter\CodeIgniter->runController(Object(App\Controllers\Students))
11 SYSTEMPATH\CodeIgniter.php(363): CodeIgniter\CodeIgniter->handleRequest(null, Object(Config\Cache), false)
12 SYSTEMPATH\Boot.php(417): CodeIgniter\CodeIgniter->run()
13 SYSTEMPATH\Boot.php(68): CodeIgniter\Boot::runCodeIgniter(Object(CodeIgniter\CodeIgniter))
14 FCPATH\index.php(59): CodeIgniter\Boot::bootWeb(Object(Config\Paths))
15 SYSTEMPATH\rewrite.php(44): require_once('C:\\xampp\\htdocs\\scan2fetch\\public\\index.php')
CRITICAL - 2026-06-06 02:43:46 --> CodeIgniter\Database\Exceptions\DatabaseException: Duplicate entry '1234' for key 'phone'
[Method: POST, Route: students-save]
in SYSTEMPATH\Database\BaseConnection.php on line 863.
 1 SYSTEMPATH\Database\BaseBuilder.php(2343): CodeIgniter\Database\BaseConnection->query('INSERT INTO `parents` (`fname`, `mname`, `lname`, `phone`, `password`, `qr_code`, `created_by`) VALUES (:fname:, :mname:, :lname:, :phone:, :password:, :qr_code:, :created_by:)', [...], false)
 2 SYSTEMPATH\Model.php(357): CodeIgniter\Database\BaseBuilder->insert()
 3 SYSTEMPATH\BaseModel.php(899): CodeIgniter\Model->doInsert([...])
 4 SYSTEMPATH\Model.php(670): CodeIgniter\BaseModel->insert([...], true)
 5 APPPATH\Controllers\Students.php(96): CodeIgniter\Model->insert([...])
 6 SYSTEMPATH\CodeIgniter.php(974): App\Controllers\Students->save()
 7 SYSTEMPATH\CodeIgniter.php(520): CodeIgniter\CodeIgniter->runController(Object(App\Controllers\Students))
 8 SYSTEMPATH\CodeIgniter.php(363): CodeIgniter\CodeIgniter->handleRequest(null, Object(Config\Cache), false)
 9 SYSTEMPATH\Boot.php(417): CodeIgniter\CodeIgniter->run()
10 SYSTEMPATH\Boot.php(68): CodeIgniter\Boot::runCodeIgniter(Object(CodeIgniter\CodeIgniter))
11 FCPATH\index.php(59): CodeIgniter\Boot::bootWeb(Object(Config\Paths))
12 SYSTEMPATH\rewrite.php(44): require_once('C:\\xampp\\htdocs\\scan2fetch\\public\\index.php')
CRITICAL - 2026-06-06 02:43:46 --> [Caused by] CodeIgniter\Database\Exceptions\DatabaseException: Duplicate entry '1234' for key 'phone'
in SYSTEMPATH\Database\MySQLi\Connection.php on line 310.
 1 SYSTEMPATH\Database\BaseConnection.php(908): CodeIgniter\Database\MySQLi\Connection->execute('INSERT INTO `parents` (`fname`, `mname`, `lname`, `phone`, `password`, `qr_code`, `created_by`) VALUES (\'jea\', \'\', \'tajanlangit\', \'1234\', \'$2y$10$qpfNyxWSl1KicDhi2JpsA.BhtrvcJW05guQpb6rh5kLXCGrntDGHK\', \'QR-1F1D15FDCC7B\', \'1\')')
 2 SYSTEMPATH\Database\BaseConnection.php(825): CodeIgniter\Database\BaseConnection->simpleQuery('INSERT INTO `parents` (`fname`, `mname`, `lname`, `phone`, `password`, `qr_code`, `created_by`) VALUES (\'jea\', \'\', \'tajanlangit\', \'1234\', \'$2y$10$qpfNyxWSl1KicDhi2JpsA.BhtrvcJW05guQpb6rh5kLXCGrntDGHK\', \'QR-1F1D15FDCC7B\', \'1\')')
 3 SYSTEMPATH\Database\BaseBuilder.php(2343): CodeIgniter\Database\BaseConnection->query('INSERT INTO `parents` (`fname`, `mname`, `lname`, `phone`, `password`, `qr_code`, `created_by`) VALUES (:fname:, :mname:, :lname:, :phone:, :password:, :qr_code:, :created_by:)', [...], false)
 4 SYSTEMPATH\Model.php(357): CodeIgniter\Database\BaseBuilder->insert()
 5 SYSTEMPATH\BaseModel.php(899): CodeIgniter\Model->doInsert([...])
 6 SYSTEMPATH\Model.php(670): CodeIgniter\BaseModel->insert([...], true)
 7 APPPATH\Controllers\Students.php(96): CodeIgniter\Model->insert([...])
 8 SYSTEMPATH\CodeIgniter.php(974): App\Controllers\Students->save()
 9 SYSTEMPATH\CodeIgniter.php(520): CodeIgniter\CodeIgniter->runController(Object(App\Controllers\Students))
10 SYSTEMPATH\CodeIgniter.php(363): CodeIgniter\CodeIgniter->handleRequest(null, Object(Config\Cache), false)
11 SYSTEMPATH\Boot.php(417): CodeIgniter\CodeIgniter->run()
12 SYSTEMPATH\Boot.php(68): CodeIgniter\Boot::runCodeIgniter(Object(CodeIgniter\CodeIgniter))
13 FCPATH\index.php(59): CodeIgniter\Boot::bootWeb(Object(Config\Paths))
14 SYSTEMPATH\rewrite.php(44): require_once('C:\\xampp\\htdocs\\scan2fetch\\public\\index.php')
CRITICAL - 2026-06-06 02:43:46 --> [Caused by] mysqli_sql_exception: Duplicate entry '1234' for key 'phone'
in SYSTEMPATH\Database\MySQLi\Connection.php on line 300.
 1 SYSTEMPATH\Database\MySQLi\Connection.php(300): mysqli->query('INSERT INTO `parents` (`fname`, `mname`, `lname`, `phone`, `password`, `qr_code`, `created_by`) VALUES (\'jea\', \'\', \'tajanlangit\', \'1234\', \'$2y$10$qpfNyxWSl1KicDhi2JpsA.BhtrvcJW05guQpb6rh5kLXCGrntDGHK\', \'QR-1F1D15FDCC7B\', \'1\')', 0)
 2 SYSTEMPATH\Database\BaseConnection.php(908): CodeIgniter\Database\MySQLi\Connection->execute('INSERT INTO `parents` (`fname`, `mname`, `lname`, `phone`, `password`, `qr_code`, `created_by`) VALUES (\'jea\', \'\', \'tajanlangit\', \'1234\', \'$2y$10$qpfNyxWSl1KicDhi2JpsA.BhtrvcJW05guQpb6rh5kLXCGrntDGHK\', \'QR-1F1D15FDCC7B\', \'1\')')
 3 SYSTEMPATH\Database\BaseConnection.php(825): CodeIgniter\Database\BaseConnection->simpleQuery('INSERT INTO `parents` (`fname`, `mname`, `lname`, `phone`, `password`, `qr_code`, `created_by`) VALUES (\'jea\', \'\', \'tajanlangit\', \'1234\', \'$2y$10$qpfNyxWSl1KicDhi2JpsA.BhtrvcJW05guQpb6rh5kLXCGrntDGHK\', \'QR-1F1D15FDCC7B\', \'1\')')
 4 SYSTEMPATH\Database\BaseBuilder.php(2343): CodeIgniter\Database\BaseConnection->query('INSERT INTO `parents` (`fname`, `mname`, `lname`, `phone`, `password`, `qr_code`, `created_by`) VALUES (:fname:, :mname:, :lname:, :phone:, :password:, :qr_code:, :created_by:)', [...], false)
 5 SYSTEMPATH\Model.php(357): CodeIgniter\Database\BaseBuilder->insert()
 6 SYSTEMPATH\BaseModel.php(899): CodeIgniter\Model->doInsert([...])
 7 SYSTEMPATH\Model.php(670): CodeIgniter\BaseModel->insert([...], true)
 8 APPPATH\Controllers\Students.php(96): CodeIgniter\Model->insert([...])
 9 SYSTEMPATH\CodeIgniter.php(974): App\Controllers\Students->save()
10 SYSTEMPATH\CodeIgniter.php(520): CodeIgniter\CodeIgniter->runController(Object(App\Controllers\Students))
11 SYSTEMPATH\CodeIgniter.php(363): CodeIgniter\CodeIgniter->handleRequest(null, Object(Config\Cache), false)
12 SYSTEMPATH\Boot.php(417): CodeIgniter\CodeIgniter->run()
13 SYSTEMPATH\Boot.php(68): CodeIgniter\Boot::runCodeIgniter(Object(CodeIgniter\CodeIgniter))
14 FCPATH\index.php(59): CodeIgniter\Boot::bootWeb(Object(Config\Paths))
15 SYSTEMPATH\rewrite.php(44): require_once('C:\\xampp\\htdocs\\scan2fetch\\public\\index.php')
DEBUG - 2026-06-06 02:44:02 --> Session: Class initialized using 'CodeIgniter\Session\Handlers\FileHandler' driver.
ERROR - 2026-06-06 02:44:02 --> Duplicate entry '1234' for key 'phone'
in SYSTEMPATH\Database\MySQLi\Connection.php on line 300.
 1 SYSTEMPATH\Database\MySQLi\Connection.php(300): mysqli->query('INSERT INTO `parents` (`fname`, `mname`, `lname`, `phone`, `password`, `qr_code`, `created_by`) VALUES (\'jea\', \'\', \'tajanlangit\', \'1234\', \'$2y$10$8keVY2SgOUUfJtgr0IhP3OByUh9e5pm6CUpMe55j.cSU5BL80V6qi\', \'QR-D96B8E46A0CF\', \'1\')', 0)
 2 SYSTEMPATH\Database\BaseConnection.php(908): CodeIgniter\Database\MySQLi\Connection->execute('INSERT INTO `parents` (`fname`, `mname`, `lname`, `phone`, `password`, `qr_code`, `created_by`) VALUES (\'jea\', \'\', \'tajanlangit\', \'1234\', \'$2y$10$8keVY2SgOUUfJtgr0IhP3OByUh9e5pm6CUpMe55j.cSU5BL80V6qi\', \'QR-D96B8E46A0CF\', \'1\')')
 3 SYSTEMPATH\Database\BaseConnection.php(825): CodeIgniter\Database\BaseConnection->simpleQuery('INSERT INTO `parents` (`fname`, `mname`, `lname`, `phone`, `password`, `qr_code`, `created_by`) VALUES (\'jea\', \'\', \'tajanlangit\', \'1234\', \'$2y$10$8keVY2SgOUUfJtgr0IhP3OByUh9e5pm6CUpMe55j.cSU5BL80V6qi\', \'QR-D96B8E46A0CF\', \'1\')')
 4 SYSTEMPATH\Database\BaseBuilder.php(2343): CodeIgniter\Database\BaseConnection->query('INSERT INTO `parents` (`fname`, `mname`, `lname`, `phone`, `password`, `qr_code`, `created_by`) VALUES (:fname:, :mname:, :lname:, :phone:, :password:, :qr_code:, :created_by:)', [...], false)
 5 SYSTEMPATH\Model.php(357): CodeIgniter\Database\BaseBuilder->insert()
 6 SYSTEMPATH\BaseModel.php(899): CodeIgniter\Model->doInsert([...])
 7 SYSTEMPATH\Model.php(670): CodeIgniter\BaseModel->insert([...], true)
 8 APPPATH\Controllers\Students.php(96): CodeIgniter\Model->insert([...])
 9 SYSTEMPATH\CodeIgniter.php(974): App\Controllers\Students->save()
10 SYSTEMPATH\CodeIgniter.php(520): CodeIgniter\CodeIgniter->runController(Object(App\Controllers\Students))
11 SYSTEMPATH\CodeIgniter.php(363): CodeIgniter\CodeIgniter->handleRequest(null, Object(Config\Cache), false)
12 SYSTEMPATH\Boot.php(417): CodeIgniter\CodeIgniter->run()
13 SYSTEMPATH\Boot.php(68): CodeIgniter\Boot::runCodeIgniter(Object(CodeIgniter\CodeIgniter))
14 FCPATH\index.php(59): CodeIgniter\Boot::bootWeb(Object(Config\Paths))
15 SYSTEMPATH\rewrite.php(44): require_once('C:\\xampp\\htdocs\\scan2fetch\\public\\index.php')
CRITICAL - 2026-06-06 02:44:02 --> CodeIgniter\Database\Exceptions\DatabaseException: Duplicate entry '1234' for key 'phone'
[Method: POST, Route: students-save]
in SYSTEMPATH\Database\BaseConnection.php on line 863.
 1 SYSTEMPATH\Database\BaseBuilder.php(2343): CodeIgniter\Database\BaseConnection->query('INSERT INTO `parents` (`fname`, `mname`, `lname`, `phone`, `password`, `qr_code`, `created_by`) VALUES (:fname:, :mname:, :lname:, :phone:, :password:, :qr_code:, :created_by:)', [...], false)
 2 SYSTEMPATH\Model.php(357): CodeIgniter\Database\BaseBuilder->insert()
 3 SYSTEMPATH\BaseModel.php(899): CodeIgniter\Model->doInsert([...])
 4 SYSTEMPATH\Model.php(670): CodeIgniter\BaseModel->insert([...], true)
 5 APPPATH\Controllers\Students.php(96): CodeIgniter\Model->insert([...])
 6 SYSTEMPATH\CodeIgniter.php(974): App\Controllers\Students->save()
 7 SYSTEMPATH\CodeIgniter.php(520): CodeIgniter\CodeIgniter->runController(Object(App\Controllers\Students))
 8 SYSTEMPATH\CodeIgniter.php(363): CodeIgniter\CodeIgniter->handleRequest(null, Object(Config\Cache), false)
 9 SYSTEMPATH\Boot.php(417): CodeIgniter\CodeIgniter->run()
10 SYSTEMPATH\Boot.php(68): CodeIgniter\Boot::runCodeIgniter(Object(CodeIgniter\CodeIgniter))
11 FCPATH\index.php(59): CodeIgniter\Boot::bootWeb(Object(Config\Paths))
12 SYSTEMPATH\rewrite.php(44): require_once('C:\\xampp\\htdocs\\scan2fetch\\public\\index.php')
CRITICAL - 2026-06-06 02:44:02 --> [Caused by] CodeIgniter\Database\Exceptions\DatabaseException: Duplicate entry '1234' for key 'phone'
in SYSTEMPATH\Database\MySQLi\Connection.php on line 310.
 1 SYSTEMPATH\Database\BaseConnection.php(908): CodeIgniter\Database\MySQLi\Connection->execute('INSERT INTO `parents` (`fname`, `mname`, `lname`, `phone`, `password`, `qr_code`, `created_by`) VALUES (\'jea\', \'\', \'tajanlangit\', \'1234\', \'$2y$10$8keVY2SgOUUfJtgr0IhP3OByUh9e5pm6CUpMe55j.cSU5BL80V6qi\', \'QR-D96B8E46A0CF\', \'1\')')
 2 SYSTEMPATH\Database\BaseConnection.php(825): CodeIgniter\Database\BaseConnection->simpleQuery('INSERT INTO `parents` (`fname`, `mname`, `lname`, `phone`, `password`, `qr_code`, `created_by`) VALUES (\'jea\', \'\', \'tajanlangit\', \'1234\', \'$2y$10$8keVY2SgOUUfJtgr0IhP3OByUh9e5pm6CUpMe55j.cSU5BL80V6qi\', \'QR-D96B8E46A0CF\', \'1\')')
 3 SYSTEMPATH\Database\BaseBuilder.php(2343): CodeIgniter\Database\BaseConnection->query('INSERT INTO `parents` (`fname`, `mname`, `lname`, `phone`, `password`, `qr_code`, `created_by`) VALUES (:fname:, :mname:, :lname:, :phone:, :password:, :qr_code:, :created_by:)', [...], false)
 4 SYSTEMPATH\Model.php(357): CodeIgniter\Database\BaseBuilder->insert()
 5 SYSTEMPATH\BaseModel.php(899): CodeIgniter\Model->doInsert([...])
 6 SYSTEMPATH\Model.php(670): CodeIgniter\BaseModel->insert([...], true)
 7 APPPATH\Controllers\Students.php(96): CodeIgniter\Model->insert([...])
 8 SYSTEMPATH\CodeIgniter.php(974): App\Controllers\Students->save()
 9 SYSTEMPATH\CodeIgniter.php(520): CodeIgniter\CodeIgniter->runController(Object(App\Controllers\Students))
10 SYSTEMPATH\CodeIgniter.php(363): CodeIgniter\CodeIgniter->handleRequest(null, Object(Config\Cache), false)
11 SYSTEMPATH\Boot.php(417): CodeIgniter\CodeIgniter->run()
12 SYSTEMPATH\Boot.php(68): CodeIgniter\Boot::runCodeIgniter(Object(CodeIgniter\CodeIgniter))
13 FCPATH\index.php(59): CodeIgniter\Boot::bootWeb(Object(Config\Paths))
14 SYSTEMPATH\rewrite.php(44): require_once('C:\\xampp\\htdocs\\scan2fetch\\public\\index.php')
CRITICAL - 2026-06-06 02:44:02 --> [Caused by] mysqli_sql_exception: Duplicate entry '1234' for key 'phone'
in SYSTEMPATH\Database\MySQLi\Connection.php on line 300.
 1 SYSTEMPATH\Database\MySQLi\Connection.php(300): mysqli->query('INSERT INTO `parents` (`fname`, `mname`, `lname`, `phone`, `password`, `qr_code`, `created_by`) VALUES (\'jea\', \'\', \'tajanlangit\', \'1234\', \'$2y$10$8keVY2SgOUUfJtgr0IhP3OByUh9e5pm6CUpMe55j.cSU5BL80V6qi\', \'QR-D96B8E46A0CF\', \'1\')', 0)
 2 SYSTEMPATH\Database\BaseConnection.php(908): CodeIgniter\Database\MySQLi\Connection->execute('INSERT INTO `parents` (`fname`, `mname`, `lname`, `phone`, `password`, `qr_code`, `created_by`) VALUES (\'jea\', \'\', \'tajanlangit\', \'1234\', \'$2y$10$8keVY2SgOUUfJtgr0IhP3OByUh9e5pm6CUpMe55j.cSU5BL80V6qi\', \'QR-D96B8E46A0CF\', \'1\')')
 3 SYSTEMPATH\Database\BaseConnection.php(825): CodeIgniter\Database\BaseConnection->simpleQuery('INSERT INTO `parents` (`fname`, `mname`, `lname`, `phone`, `password`, `qr_code`, `created_by`) VALUES (\'jea\', \'\', \'tajanlangit\', \'1234\', \'$2y$10$8keVY2SgOUUfJtgr0IhP3OByUh9e5pm6CUpMe55j.cSU5BL80V6qi\', \'QR-D96B8E46A0CF\', \'1\')')
 4 SYSTEMPATH\Database\BaseBuilder.php(2343): CodeIgniter\Database\BaseConnection->query('INSERT INTO `parents` (`fname`, `mname`, `lname`, `phone`, `password`, `qr_code`, `created_by`) VALUES (:fname:, :mname:, :lname:, :phone:, :password:, :qr_code:, :created_by:)', [...], false)
 5 SYSTEMPATH\Model.php(357): CodeIgniter\Database\BaseBuilder->insert()
 6 SYSTEMPATH\BaseModel.php(899): CodeIgniter\Model->doInsert([...])
 7 SYSTEMPATH\Model.php(670): CodeIgniter\BaseModel->insert([...], true)
 8 APPPATH\Controllers\Students.php(96): CodeIgniter\Model->insert([...])
 9 SYSTEMPATH\CodeIgniter.php(974): App\Controllers\Students->save()
10 SYSTEMPATH\CodeIgniter.php(520): CodeIgniter\CodeIgniter->runController(Object(App\Controllers\Students))
11 SYSTEMPATH\CodeIgniter.php(363): CodeIgniter\CodeIgniter->handleRequest(null, Object(Config\Cache), false)
12 SYSTEMPATH\Boot.php(417): CodeIgniter\CodeIgniter->run()
13 SYSTEMPATH\Boot.php(68): CodeIgniter\Boot::runCodeIgniter(Object(CodeIgniter\CodeIgniter))
14 FCPATH\index.php(59): CodeIgniter\Boot::bootWeb(Object(Config\Paths))
15 SYSTEMPATH\rewrite.php(44): require_once('C:\\xampp\\htdocs\\scan2fetch\\public\\index.php')
DEBUG - 2026-06-06 02:44:13 --> Session: Class initialized using 'CodeIgniter\Session\Handlers\FileHandler' driver.
DEBUG - 2026-06-06 02:44:28 --> Session: Class initialized using 'CodeIgniter\Session\Handlers\FileHandler' driver.
ERROR - 2026-06-06 02:44:28 --> Duplicate entry '1234' for key 'phone'
in SYSTEMPATH\Database\MySQLi\Connection.php on line 300.
 1 SYSTEMPATH\Database\MySQLi\Connection.php(300): mysqli->query('INSERT INTO `parents` (`fname`, `mname`, `lname`, `phone`, `password`, `qr_code`, `created_by`) VALUES (\'jea\', \'\', \'tajanlangit\', \'1234\', \'$2y$10$eMgQlEsN1cBcTrZtagTmAePeHNwgIni4taYxtcx6WvuIggMHlz.S6\', \'QR-47FEB8E129B1\', \'1\')', 0)
 2 SYSTEMPATH\Database\BaseConnection.php(908): CodeIgniter\Database\MySQLi\Connection->execute('INSERT INTO `parents` (`fname`, `mname`, `lname`, `phone`, `password`, `qr_code`, `created_by`) VALUES (\'jea\', \'\', \'tajanlangit\', \'1234\', \'$2y$10$eMgQlEsN1cBcTrZtagTmAePeHNwgIni4taYxtcx6WvuIggMHlz.S6\', \'QR-47FEB8E129B1\', \'1\')')
 3 SYSTEMPATH\Database\BaseConnection.php(825): CodeIgniter\Database\BaseConnection->simpleQuery('INSERT INTO `parents` (`fname`, `mname`, `lname`, `phone`, `password`, `qr_code`, `created_by`) VALUES (\'jea\', \'\', \'tajanlangit\', \'1234\', \'$2y$10$eMgQlEsN1cBcTrZtagTmAePeHNwgIni4taYxtcx6WvuIggMHlz.S6\', \'QR-47FEB8E129B1\', \'1\')')
 4 SYSTEMPATH\Database\BaseBuilder.php(2343): CodeIgniter\Database\BaseConnection->query('INSERT INTO `parents` (`fname`, `mname`, `lname`, `phone`, `password`, `qr_code`, `created_by`) VALUES (:fname:, :mname:, :lname:, :phone:, :password:, :qr_code:, :created_by:)', [...], false)
 5 SYSTEMPATH\Model.php(357): CodeIgniter\Database\BaseBuilder->insert()
 6 SYSTEMPATH\BaseModel.php(899): CodeIgniter\Model->doInsert([...])
 7 SYSTEMPATH\Model.php(670): CodeIgniter\BaseModel->insert([...], true)
 8 APPPATH\Controllers\Students.php(96): CodeIgniter\Model->insert([...])
 9 SYSTEMPATH\CodeIgniter.php(974): App\Controllers\Students->save()
10 SYSTEMPATH\CodeIgniter.php(520): CodeIgniter\CodeIgniter->runController(Object(App\Controllers\Students))
11 SYSTEMPATH\CodeIgniter.php(363): CodeIgniter\CodeIgniter->handleRequest(null, Object(Config\Cache), false)
12 SYSTEMPATH\Boot.php(417): CodeIgniter\CodeIgniter->run()
13 SYSTEMPATH\Boot.php(68): CodeIgniter\Boot::runCodeIgniter(Object(CodeIgniter\CodeIgniter))
14 FCPATH\index.php(59): CodeIgniter\Boot::bootWeb(Object(Config\Paths))
15 SYSTEMPATH\rewrite.php(44): require_once('C:\\xampp\\htdocs\\scan2fetch\\public\\index.php')
CRITICAL - 2026-06-06 02:44:28 --> CodeIgniter\Database\Exceptions\DatabaseException: Duplicate entry '1234' for key 'phone'
[Method: POST, Route: students-save]
in SYSTEMPATH\Database\BaseConnection.php on line 863.
 1 SYSTEMPATH\Database\BaseBuilder.php(2343): CodeIgniter\Database\BaseConnection->query('INSERT INTO `parents` (`fname`, `mname`, `lname`, `phone`, `password`, `qr_code`, `created_by`) VALUES (:fname:, :mname:, :lname:, :phone:, :password:, :qr_code:, :created_by:)', [...], false)
 2 SYSTEMPATH\Model.php(357): CodeIgniter\Database\BaseBuilder->insert()
 3 SYSTEMPATH\BaseModel.php(899): CodeIgniter\Model->doInsert([...])
 4 SYSTEMPATH\Model.php(670): CodeIgniter\BaseModel->insert([...], true)
 5 APPPATH\Controllers\Students.php(96): CodeIgniter\Model->insert([...])
 6 SYSTEMPATH\CodeIgniter.php(974): App\Controllers\Students->save()
 7 SYSTEMPATH\CodeIgniter.php(520): CodeIgniter\CodeIgniter->runController(Object(App\Controllers\Students))
 8 SYSTEMPATH\CodeIgniter.php(363): CodeIgniter\CodeIgniter->handleRequest(null, Object(Config\Cache), false)
 9 SYSTEMPATH\Boot.php(417): CodeIgniter\CodeIgniter->run()
10 SYSTEMPATH\Boot.php(68): CodeIgniter\Boot::runCodeIgniter(Object(CodeIgniter\CodeIgniter))
11 FCPATH\index.php(59): CodeIgniter\Boot::bootWeb(Object(Config\Paths))
12 SYSTEMPATH\rewrite.php(44): require_once('C:\\xampp\\htdocs\\scan2fetch\\public\\index.php')
CRITICAL - 2026-06-06 02:44:28 --> [Caused by] CodeIgniter\Database\Exceptions\DatabaseException: Duplicate entry '1234' for key 'phone'
in SYSTEMPATH\Database\MySQLi\Connection.php on line 310.
 1 SYSTEMPATH\Database\BaseConnection.php(908): CodeIgniter\Database\MySQLi\Connection->execute('INSERT INTO `parents` (`fname`, `mname`, `lname`, `phone`, `password`, `qr_code`, `created_by`) VALUES (\'jea\', \'\', \'tajanlangit\', \'1234\', \'$2y$10$eMgQlEsN1cBcTrZtagTmAePeHNwgIni4taYxtcx6WvuIggMHlz.S6\', \'QR-47FEB8E129B1\', \'1\')')
 2 SYSTEMPATH\Database\BaseConnection.php(825): CodeIgniter\Database\BaseConnection->simpleQuery('INSERT INTO `parents` (`fname`, `mname`, `lname`, `phone`, `password`, `qr_code`, `created_by`) VALUES (\'jea\', \'\', \'tajanlangit\', \'1234\', \'$2y$10$eMgQlEsN1cBcTrZtagTmAePeHNwgIni4taYxtcx6WvuIggMHlz.S6\', \'QR-47FEB8E129B1\', \'1\')')
 3 SYSTEMPATH\Database\BaseBuilder.php(2343): CodeIgniter\Database\BaseConnection->query('INSERT INTO `parents` (`fname`, `mname`, `lname`, `phone`, `password`, `qr_code`, `created_by`) VALUES (:fname:, :mname:, :lname:, :phone:, :password:, :qr_code:, :created_by:)', [...], false)
 4 SYSTEMPATH\Model.php(357): CodeIgniter\Database\BaseBuilder->insert()
 5 SYSTEMPATH\BaseModel.php(899): CodeIgniter\Model->doInsert([...])
 6 SYSTEMPATH\Model.php(670): CodeIgniter\BaseModel->insert([...], true)
 7 APPPATH\Controllers\Students.php(96): CodeIgniter\Model->insert([...])
 8 SYSTEMPATH\CodeIgniter.php(974): App\Controllers\Students->save()
 9 SYSTEMPATH\CodeIgniter.php(520): CodeIgniter\CodeIgniter->runController(Object(App\Controllers\Students))
10 SYSTEMPATH\CodeIgniter.php(363): CodeIgniter\CodeIgniter->handleRequest(null, Object(Config\Cache), false)
11 SYSTEMPATH\Boot.php(417): CodeIgniter\CodeIgniter->run()
12 SYSTEMPATH\Boot.php(68): CodeIgniter\Boot::runCodeIgniter(Object(CodeIgniter\CodeIgniter))
13 FCPATH\index.php(59): CodeIgniter\Boot::bootWeb(Object(Config\Paths))
14 SYSTEMPATH\rewrite.php(44): require_once('C:\\xampp\\htdocs\\scan2fetch\\public\\index.php')
CRITICAL - 2026-06-06 02:44:28 --> [Caused by] mysqli_sql_exception: Duplicate entry '1234' for key 'phone'
in SYSTEMPATH\Database\MySQLi\Connection.php on line 300.
 1 SYSTEMPATH\Database\MySQLi\Connection.php(300): mysqli->query('INSERT INTO `parents` (`fname`, `mname`, `lname`, `phone`, `password`, `qr_code`, `created_by`) VALUES (\'jea\', \'\', \'tajanlangit\', \'1234\', \'$2y$10$eMgQlEsN1cBcTrZtagTmAePeHNwgIni4taYxtcx6WvuIggMHlz.S6\', \'QR-47FEB8E129B1\', \'1\')', 0)
 2 SYSTEMPATH\Database\BaseConnection.php(908): CodeIgniter\Database\MySQLi\Connection->execute('INSERT INTO `parents` (`fname`, `mname`, `lname`, `phone`, `password`, `qr_code`, `created_by`) VALUES (\'jea\', \'\', \'tajanlangit\', \'1234\', \'$2y$10$eMgQlEsN1cBcTrZtagTmAePeHNwgIni4taYxtcx6WvuIggMHlz.S6\', \'QR-47FEB8E129B1\', \'1\')')
 3 SYSTEMPATH\Database\BaseConnection.php(825): CodeIgniter\Database\BaseConnection->simpleQuery('INSERT INTO `parents` (`fname`, `mname`, `lname`, `phone`, `password`, `qr_code`, `created_by`) VALUES (\'jea\', \'\', \'tajanlangit\', \'1234\', \'$2y$10$eMgQlEsN1cBcTrZtagTmAePeHNwgIni4taYxtcx6WvuIggMHlz.S6\', \'QR-47FEB8E129B1\', \'1\')')
 4 SYSTEMPATH\Database\BaseBuilder.php(2343): CodeIgniter\Database\BaseConnection->query('INSERT INTO `parents` (`fname`, `mname`, `lname`, `phone`, `password`, `qr_code`, `created_by`) VALUES (:fname:, :mname:, :lname:, :phone:, :password:, :qr_code:, :created_by:)', [...], false)
 5 SYSTEMPATH\Model.php(357): CodeIgniter\Database\BaseBuilder->insert()
 6 SYSTEMPATH\BaseModel.php(899): CodeIgniter\Model->doInsert([...])
 7 SYSTEMPATH\Model.php(670): CodeIgniter\BaseModel->insert([...], true)
 8 APPPATH\Controllers\Students.php(96): CodeIgniter\Model->insert([...])
 9 SYSTEMPATH\CodeIgniter.php(974): App\Controllers\Students->save()
10 SYSTEMPATH\CodeIgniter.php(520): CodeIgniter\CodeIgniter->runController(Object(App\Controllers\Students))
11 SYSTEMPATH\CodeIgniter.php(363): CodeIgniter\CodeIgniter->handleRequest(null, Object(Config\Cache), false)
12 SYSTEMPATH\Boot.php(417): CodeIgniter\CodeIgniter->run()
13 SYSTEMPATH\Boot.php(68): CodeIgniter\Boot::runCodeIgniter(Object(CodeIgniter\CodeIgniter))
14 FCPATH\index.php(59): CodeIgniter\Boot::bootWeb(Object(Config\Paths))
15 SYSTEMPATH\rewrite.php(44): require_once('C:\\xampp\\htdocs\\scan2fetch\\public\\index.php')
DEBUG - 2026-06-06 02:44:46 --> Session: Class initialized using 'CodeIgniter\Session\Handlers\FileHandler' driver.
ERROR - 2026-06-06 02:44:46 --> Duplicate entry '12345' for key 'phone'
in SYSTEMPATH\Database\MySQLi\Connection.php on line 300.
 1 SYSTEMPATH\Database\MySQLi\Connection.php(300): mysqli->query('INSERT INTO `parents` (`fname`, `mname`, `lname`, `phone`, `password`, `qr_code`, `created_by`) VALUES (\'jea\', \'\', \'tajanlangit\', \'12345\', \'$2y$10$NlftR2AqRKVerR2BHhl2/uSflrhU5oYODm9Ymk1FCxKSZlSPNmZCu\', \'QR-F2E68853593E\', \'1\')', 0)
 2 SYSTEMPATH\Database\BaseConnection.php(908): CodeIgniter\Database\MySQLi\Connection->execute('INSERT INTO `parents` (`fname`, `mname`, `lname`, `phone`, `password`, `qr_code`, `created_by`) VALUES (\'jea\', \'\', \'tajanlangit\', \'12345\', \'$2y$10$NlftR2AqRKVerR2BHhl2/uSflrhU5oYODm9Ymk1FCxKSZlSPNmZCu\', \'QR-F2E68853593E\', \'1\')')
 3 SYSTEMPATH\Database\BaseConnection.php(825): CodeIgniter\Database\BaseConnection->simpleQuery('INSERT INTO `parents` (`fname`, `mname`, `lname`, `phone`, `password`, `qr_code`, `created_by`) VALUES (\'jea\', \'\', \'tajanlangit\', \'12345\', \'$2y$10$NlftR2AqRKVerR2BHhl2/uSflrhU5oYODm9Ymk1FCxKSZlSPNmZCu\', \'QR-F2E68853593E\', \'1\')')
 4 SYSTEMPATH\Database\BaseBuilder.php(2343): CodeIgniter\Database\BaseConnection->query('INSERT INTO `parents` (`fname`, `mname`, `lname`, `phone`, `password`, `qr_code`, `created_by`) VALUES (:fname:, :mname:, :lname:, :phone:, :password:, :qr_code:, :created_by:)', [...], false)
 5 SYSTEMPATH\Model.php(357): CodeIgniter\Database\BaseBuilder->insert()
 6 SYSTEMPATH\BaseModel.php(899): CodeIgniter\Model->doInsert([...])
 7 SYSTEMPATH\Model.php(670): CodeIgniter\BaseModel->insert([...], true)
 8 APPPATH\Controllers\Students.php(96): CodeIgniter\Model->insert([...])
 9 SYSTEMPATH\CodeIgniter.php(974): App\Controllers\Students->save()
10 SYSTEMPATH\CodeIgniter.php(520): CodeIgniter\CodeIgniter->runController(Object(App\Controllers\Students))
11 SYSTEMPATH\CodeIgniter.php(363): CodeIgniter\CodeIgniter->handleRequest(null, Object(Config\Cache), false)
12 SYSTEMPATH\Boot.php(417): CodeIgniter\CodeIgniter->run()
13 SYSTEMPATH\Boot.php(68): CodeIgniter\Boot::runCodeIgniter(Object(CodeIgniter\CodeIgniter))
14 FCPATH\index.php(59): CodeIgniter\Boot::bootWeb(Object(Config\Paths))
15 SYSTEMPATH\rewrite.php(44): require_once('C:\\xampp\\htdocs\\scan2fetch\\public\\index.php')
CRITICAL - 2026-06-06 02:44:46 --> CodeIgniter\Database\Exceptions\DatabaseException: Duplicate entry '12345' for key 'phone'
[Method: POST, Route: students-save]
in SYSTEMPATH\Database\BaseConnection.php on line 863.
 1 SYSTEMPATH\Database\BaseBuilder.php(2343): CodeIgniter\Database\BaseConnection->query('INSERT INTO `parents` (`fname`, `mname`, `lname`, `phone`, `password`, `qr_code`, `created_by`) VALUES (:fname:, :mname:, :lname:, :phone:, :password:, :qr_code:, :created_by:)', [...], false)
 2 SYSTEMPATH\Model.php(357): CodeIgniter\Database\BaseBuilder->insert()
 3 SYSTEMPATH\BaseModel.php(899): CodeIgniter\Model->doInsert([...])
 4 SYSTEMPATH\Model.php(670): CodeIgniter\BaseModel->insert([...], true)
 5 APPPATH\Controllers\Students.php(96): CodeIgniter\Model->insert([...])
 6 SYSTEMPATH\CodeIgniter.php(974): App\Controllers\Students->save()
 7 SYSTEMPATH\CodeIgniter.php(520): CodeIgniter\CodeIgniter->runController(Object(App\Controllers\Students))
 8 SYSTEMPATH\CodeIgniter.php(363): CodeIgniter\CodeIgniter->handleRequest(null, Object(Config\Cache), false)
 9 SYSTEMPATH\Boot.php(417): CodeIgniter\CodeIgniter->run()
10 SYSTEMPATH\Boot.php(68): CodeIgniter\Boot::runCodeIgniter(Object(CodeIgniter\CodeIgniter))
11 FCPATH\index.php(59): CodeIgniter\Boot::bootWeb(Object(Config\Paths))
12 SYSTEMPATH\rewrite.php(44): require_once('C:\\xampp\\htdocs\\scan2fetch\\public\\index.php')
CRITICAL - 2026-06-06 02:44:46 --> [Caused by] CodeIgniter\Database\Exceptions\DatabaseException: Duplicate entry '12345' for key 'phone'
in SYSTEMPATH\Database\MySQLi\Connection.php on line 310.
 1 SYSTEMPATH\Database\BaseConnection.php(908): CodeIgniter\Database\MySQLi\Connection->execute('INSERT INTO `parents` (`fname`, `mname`, `lname`, `phone`, `password`, `qr_code`, `created_by`) VALUES (\'jea\', \'\', \'tajanlangit\', \'12345\', \'$2y$10$NlftR2AqRKVerR2BHhl2/uSflrhU5oYODm9Ymk1FCxKSZlSPNmZCu\', \'QR-F2E68853593E\', \'1\')')
 2 SYSTEMPATH\Database\BaseConnection.php(825): CodeIgniter\Database\BaseConnection->simpleQuery('INSERT INTO `parents` (`fname`, `mname`, `lname`, `phone`, `password`, `qr_code`, `created_by`) VALUES (\'jea\', \'\', \'tajanlangit\', \'12345\', \'$2y$10$NlftR2AqRKVerR2BHhl2/uSflrhU5oYODm9Ymk1FCxKSZlSPNmZCu\', \'QR-F2E68853593E\', \'1\')')
 3 SYSTEMPATH\Database\BaseBuilder.php(2343): CodeIgniter\Database\BaseConnection->query('INSERT INTO `parents` (`fname`, `mname`, `lname`, `phone`, `password`, `qr_code`, `created_by`) VALUES (:fname:, :mname:, :lname:, :phone:, :password:, :qr_code:, :created_by:)', [...], false)
 4 SYSTEMPATH\Model.php(357): CodeIgniter\Database\BaseBuilder->insert()
 5 SYSTEMPATH\BaseModel.php(899): CodeIgniter\Model->doInsert([...])
 6 SYSTEMPATH\Model.php(670): CodeIgniter\BaseModel->insert([...], true)
 7 APPPATH\Controllers\Students.php(96): CodeIgniter\Model->insert([...])
 8 SYSTEMPATH\CodeIgniter.php(974): App\Controllers\Students->save()
 9 SYSTEMPATH\CodeIgniter.php(520): CodeIgniter\CodeIgniter->runController(Object(App\Controllers\Students))
10 SYSTEMPATH\CodeIgniter.php(363): CodeIgniter\CodeIgniter->handleRequest(null, Object(Config\Cache), false)
11 SYSTEMPATH\Boot.php(417): CodeIgniter\CodeIgniter->run()
12 SYSTEMPATH\Boot.php(68): CodeIgniter\Boot::runCodeIgniter(Object(CodeIgniter\CodeIgniter))
13 FCPATH\index.php(59): CodeIgniter\Boot::bootWeb(Object(Config\Paths))
14 SYSTEMPATH\rewrite.php(44): require_once('C:\\xampp\\htdocs\\scan2fetch\\public\\index.php')
CRITICAL - 2026-06-06 02:44:46 --> [Caused by] mysqli_sql_exception: Duplicate entry '12345' for key 'phone'
in SYSTEMPATH\Database\MySQLi\Connection.php on line 300.
 1 SYSTEMPATH\Database\MySQLi\Connection.php(300): mysqli->query('INSERT INTO `parents` (`fname`, `mname`, `lname`, `phone`, `password`, `qr_code`, `created_by`) VALUES (\'jea\', \'\', \'tajanlangit\', \'12345\', \'$2y$10$NlftR2AqRKVerR2BHhl2/uSflrhU5oYODm9Ymk1FCxKSZlSPNmZCu\', \'QR-F2E68853593E\', \'1\')', 0)
 2 SYSTEMPATH\Database\BaseConnection.php(908): CodeIgniter\Database\MySQLi\Connection->execute('INSERT INTO `parents` (`fname`, `mname`, `lname`, `phone`, `password`, `qr_code`, `created_by`) VALUES (\'jea\', \'\', \'tajanlangit\', \'12345\', \'$2y$10$NlftR2AqRKVerR2BHhl2/uSflrhU5oYODm9Ymk1FCxKSZlSPNmZCu\', \'QR-F2E68853593E\', \'1\')')
 3 SYSTEMPATH\Database\BaseConnection.php(825): CodeIgniter\Database\BaseConnection->simpleQuery('INSERT INTO `parents` (`fname`, `mname`, `lname`, `phone`, `password`, `qr_code`, `created_by`) VALUES (\'jea\', \'\', \'tajanlangit\', \'12345\', \'$2y$10$NlftR2AqRKVerR2BHhl2/uSflrhU5oYODm9Ymk1FCxKSZlSPNmZCu\', \'QR-F2E68853593E\', \'1\')')
 4 SYSTEMPATH\Database\BaseBuilder.php(2343): CodeIgniter\Database\BaseConnection->query('INSERT INTO `parents` (`fname`, `mname`, `lname`, `phone`, `password`, `qr_code`, `created_by`) VALUES (:fname:, :mname:, :lname:, :phone:, :password:, :qr_code:, :created_by:)', [...], false)
 5 SYSTEMPATH\Model.php(357): CodeIgniter\Database\BaseBuilder->insert()
 6 SYSTEMPATH\BaseModel.php(899): CodeIgniter\Model->doInsert([...])
 7 SYSTEMPATH\Model.php(670): CodeIgniter\BaseModel->insert([...], true)
 8 APPPATH\Controllers\Students.php(96): CodeIgniter\Model->insert([...])
 9 SYSTEMPATH\CodeIgniter.php(974): App\Controllers\Students->save()
10 SYSTEMPATH\CodeIgniter.php(520): CodeIgniter\CodeIgniter->runController(Object(App\Controllers\Students))
11 SYSTEMPATH\CodeIgniter.php(363): CodeIgniter\CodeIgniter->handleRequest(null, Object(Config\Cache), false)
12 SYSTEMPATH\Boot.php(417): CodeIgniter\CodeIgniter->run()
13 SYSTEMPATH\Boot.php(68): CodeIgniter\Boot::runCodeIgniter(Object(CodeIgniter\CodeIgniter))
14 FCPATH\index.php(59): CodeIgniter\Boot::bootWeb(Object(Config\Paths))
15 SYSTEMPATH\rewrite.php(44): require_once('C:\\xampp\\htdocs\\scan2fetch\\public\\index.php')
DEBUG - 2026-06-06 02:45:02 --> Session: Class initialized using 'CodeIgniter\Session\Handlers\FileHandler' driver.
ERROR - 2026-06-06 02:45:02 --> Duplicate entry '12345' for key 'phone'
in SYSTEMPATH\Database\MySQLi\Connection.php on line 300.
 1 SYSTEMPATH\Database\MySQLi\Connection.php(300): mysqli->query('INSERT INTO `parents` (`fname`, `mname`, `lname`, `phone`, `password`, `qr_code`, `created_by`) VALUES (\'jea\', \'\', \'tajanlangit\', \'12345\', \'$2y$10$0W6l5lv57NjJoEPaeEB7f.AYLex0eszmCgtYClig9yb9N0Z9lSK6K\', \'QR-7E2928EC18FA\', \'1\')', 0)
 2 SYSTEMPATH\Database\BaseConnection.php(908): CodeIgniter\Database\MySQLi\Connection->execute('INSERT INTO `parents` (`fname`, `mname`, `lname`, `phone`, `password`, `qr_code`, `created_by`) VALUES (\'jea\', \'\', \'tajanlangit\', \'12345\', \'$2y$10$0W6l5lv57NjJoEPaeEB7f.AYLex0eszmCgtYClig9yb9N0Z9lSK6K\', \'QR-7E2928EC18FA\', \'1\')')
 3 SYSTEMPATH\Database\BaseConnection.php(825): CodeIgniter\Database\BaseConnection->simpleQuery('INSERT INTO `parents` (`fname`, `mname`, `lname`, `phone`, `password`, `qr_code`, `created_by`) VALUES (\'jea\', \'\', \'tajanlangit\', \'12345\', \'$2y$10$0W6l5lv57NjJoEPaeEB7f.AYLex0eszmCgtYClig9yb9N0Z9lSK6K\', \'QR-7E2928EC18FA\', \'1\')')
 4 SYSTEMPATH\Database\BaseBuilder.php(2343): CodeIgniter\Database\BaseConnection->query('INSERT INTO `parents` (`fname`, `mname`, `lname`, `phone`, `password`, `qr_code`, `created_by`) VALUES (:fname:, :mname:, :lname:, :phone:, :password:, :qr_code:, :created_by:)', [...], false)
 5 SYSTEMPATH\Model.php(357): CodeIgniter\Database\BaseBuilder->insert()
 6 SYSTEMPATH\BaseModel.php(899): CodeIgniter\Model->doInsert([...])
 7 SYSTEMPATH\Model.php(670): CodeIgniter\BaseModel->insert([...], true)
 8 APPPATH\Controllers\Students.php(96): CodeIgniter\Model->insert([...])
 9 SYSTEMPATH\CodeIgniter.php(974): App\Controllers\Students->save()
10 SYSTEMPATH\CodeIgniter.php(520): CodeIgniter\CodeIgniter->runController(Object(App\Controllers\Students))
11 SYSTEMPATH\CodeIgniter.php(363): CodeIgniter\CodeIgniter->handleRequest(null, Object(Config\Cache), false)
12 SYSTEMPATH\Boot.php(417): CodeIgniter\CodeIgniter->run()
13 SYSTEMPATH\Boot.php(68): CodeIgniter\Boot::runCodeIgniter(Object(CodeIgniter\CodeIgniter))
14 FCPATH\index.php(59): CodeIgniter\Boot::bootWeb(Object(Config\Paths))
15 SYSTEMPATH\rewrite.php(44): require_once('C:\\xampp\\htdocs\\scan2fetch\\public\\index.php')
CRITICAL - 2026-06-06 02:45:02 --> CodeIgniter\Database\Exceptions\DatabaseException: Duplicate entry '12345' for key 'phone'
[Method: POST, Route: students-save]
in SYSTEMPATH\Database\BaseConnection.php on line 863.
 1 SYSTEMPATH\Database\BaseBuilder.php(2343): CodeIgniter\Database\BaseConnection->query('INSERT INTO `parents` (`fname`, `mname`, `lname`, `phone`, `password`, `qr_code`, `created_by`) VALUES (:fname:, :mname:, :lname:, :phone:, :password:, :qr_code:, :created_by:)', [...], false)
 2 SYSTEMPATH\Model.php(357): CodeIgniter\Database\BaseBuilder->insert()
 3 SYSTEMPATH\BaseModel.php(899): CodeIgniter\Model->doInsert([...])
 4 SYSTEMPATH\Model.php(670): CodeIgniter\BaseModel->insert([...], true)
 5 APPPATH\Controllers\Students.php(96): CodeIgniter\Model->insert([...])
 6 SYSTEMPATH\CodeIgniter.php(974): App\Controllers\Students->save()
 7 SYSTEMPATH\CodeIgniter.php(520): CodeIgniter\CodeIgniter->runController(Object(App\Controllers\Students))
 8 SYSTEMPATH\CodeIgniter.php(363): CodeIgniter\CodeIgniter->handleRequest(null, Object(Config\Cache), false)
 9 SYSTEMPATH\Boot.php(417): CodeIgniter\CodeIgniter->run()
10 SYSTEMPATH\Boot.php(68): CodeIgniter\Boot::runCodeIgniter(Object(CodeIgniter\CodeIgniter))
11 FCPATH\index.php(59): CodeIgniter\Boot::bootWeb(Object(Config\Paths))
12 SYSTEMPATH\rewrite.php(44): require_once('C:\\xampp\\htdocs\\scan2fetch\\public\\index.php')
CRITICAL - 2026-06-06 02:45:02 --> [Caused by] CodeIgniter\Database\Exceptions\DatabaseException: Duplicate entry '12345' for key 'phone'
in SYSTEMPATH\Database\MySQLi\Connection.php on line 310.
 1 SYSTEMPATH\Database\BaseConnection.php(908): CodeIgniter\Database\MySQLi\Connection->execute('INSERT INTO `parents` (`fname`, `mname`, `lname`, `phone`, `password`, `qr_code`, `created_by`) VALUES (\'jea\', \'\', \'tajanlangit\', \'12345\', \'$2y$10$0W6l5lv57NjJoEPaeEB7f.AYLex0eszmCgtYClig9yb9N0Z9lSK6K\', \'QR-7E2928EC18FA\', \'1\')')
 2 SYSTEMPATH\Database\BaseConnection.php(825): CodeIgniter\Database\BaseConnection->simpleQuery('INSERT INTO `parents` (`fname`, `mname`, `lname`, `phone`, `password`, `qr_code`, `created_by`) VALUES (\'jea\', \'\', \'tajanlangit\', \'12345\', \'$2y$10$0W6l5lv57NjJoEPaeEB7f.AYLex0eszmCgtYClig9yb9N0Z9lSK6K\', \'QR-7E2928EC18FA\', \'1\')')
 3 SYSTEMPATH\Database\BaseBuilder.php(2343): CodeIgniter\Database\BaseConnection->query('INSERT INTO `parents` (`fname`, `mname`, `lname`, `phone`, `password`, `qr_code`, `created_by`) VALUES (:fname:, :mname:, :lname:, :phone:, :password:, :qr_code:, :created_by:)', [...], false)
 4 SYSTEMPATH\Model.php(357): CodeIgniter\Database\BaseBuilder->insert()
 5 SYSTEMPATH\BaseModel.php(899): CodeIgniter\Model->doInsert([...])
 6 SYSTEMPATH\Model.php(670): CodeIgniter\BaseModel->insert([...], true)
 7 APPPATH\Controllers\Students.php(96): CodeIgniter\Model->insert([...])
 8 SYSTEMPATH\CodeIgniter.php(974): App\Controllers\Students->save()
 9 SYSTEMPATH\CodeIgniter.php(520): CodeIgniter\CodeIgniter->runController(Object(App\Controllers\Students))
10 SYSTEMPATH\CodeIgniter.php(363): CodeIgniter\CodeIgniter->handleRequest(null, Object(Config\Cache), false)
11 SYSTEMPATH\Boot.php(417): CodeIgniter\CodeIgniter->run()
12 SYSTEMPATH\Boot.php(68): CodeIgniter\Boot::runCodeIgniter(Object(CodeIgniter\CodeIgniter))
13 FCPATH\index.php(59): CodeIgniter\Boot::bootWeb(Object(Config\Paths))
14 SYSTEMPATH\rewrite.php(44): require_once('C:\\xampp\\htdocs\\scan2fetch\\public\\index.php')
CRITICAL - 2026-06-06 02:45:02 --> [Caused by] mysqli_sql_exception: Duplicate entry '12345' for key 'phone'
in SYSTEMPATH\Database\MySQLi\Connection.php on line 300.
 1 SYSTEMPATH\Database\MySQLi\Connection.php(300): mysqli->query('INSERT INTO `parents` (`fname`, `mname`, `lname`, `phone`, `password`, `qr_code`, `created_by`) VALUES (\'jea\', \'\', \'tajanlangit\', \'12345\', \'$2y$10$0W6l5lv57NjJoEPaeEB7f.AYLex0eszmCgtYClig9yb9N0Z9lSK6K\', \'QR-7E2928EC18FA\', \'1\')', 0)
 2 SYSTEMPATH\Database\BaseConnection.php(908): CodeIgniter\Database\MySQLi\Connection->execute('INSERT INTO `parents` (`fname`, `mname`, `lname`, `phone`, `password`, `qr_code`, `created_by`) VALUES (\'jea\', \'\', \'tajanlangit\', \'12345\', \'$2y$10$0W6l5lv57NjJoEPaeEB7f.AYLex0eszmCgtYClig9yb9N0Z9lSK6K\', \'QR-7E2928EC18FA\', \'1\')')
 3 SYSTEMPATH\Database\BaseConnection.php(825): CodeIgniter\Database\BaseConnection->simpleQuery('INSERT INTO `parents` (`fname`, `mname`, `lname`, `phone`, `password`, `qr_code`, `created_by`) VALUES (\'jea\', \'\', \'tajanlangit\', \'12345\', \'$2y$10$0W6l5lv57NjJoEPaeEB7f.AYLex0eszmCgtYClig9yb9N0Z9lSK6K\', \'QR-7E2928EC18FA\', \'1\')')
 4 SYSTEMPATH\Database\BaseBuilder.php(2343): CodeIgniter\Database\BaseConnection->query('INSERT INTO `parents` (`fname`, `mname`, `lname`, `phone`, `password`, `qr_code`, `created_by`) VALUES (:fname:, :mname:, :lname:, :phone:, :password:, :qr_code:, :created_by:)', [...], false)
 5 SYSTEMPATH\Model.php(357): CodeIgniter\Database\BaseBuilder->insert()
 6 SYSTEMPATH\BaseModel.php(899): CodeIgniter\Model->doInsert([...])
 7 SYSTEMPATH\Model.php(670): CodeIgniter\BaseModel->insert([...], true)
 8 APPPATH\Controllers\Students.php(96): CodeIgniter\Model->insert([...])
 9 SYSTEMPATH\CodeIgniter.php(974): App\Controllers\Students->save()
10 SYSTEMPATH\CodeIgniter.php(520): CodeIgniter\CodeIgniter->runController(Object(App\Controllers\Students))
11 SYSTEMPATH\CodeIgniter.php(363): CodeIgniter\CodeIgniter->handleRequest(null, Object(Config\Cache), false)
12 SYSTEMPATH\Boot.php(417): CodeIgniter\CodeIgniter->run()
13 SYSTEMPATH\Boot.php(68): CodeIgniter\Boot::runCodeIgniter(Object(CodeIgniter\CodeIgniter))
14 FCPATH\index.php(59): CodeIgniter\Boot::bootWeb(Object(Config\Paths))
15 SYSTEMPATH\rewrite.php(44): require_once('C:\\xampp\\htdocs\\scan2fetch\\public\\index.php')
DEBUG - 2026-06-06 02:45:38 --> Session: Class initialized using 'CodeIgniter\Session\Handlers\FileHandler' driver.
ERROR - 2026-06-06 02:45:38 --> Duplicate entry '12345' for key 'phone'
in SYSTEMPATH\Database\MySQLi\Connection.php on line 300.
 1 SYSTEMPATH\Database\MySQLi\Connection.php(300): mysqli->query('INSERT INTO `parents` (`fname`, `mname`, `lname`, `phone`, `password`, `qr_code`, `created_by`) VALUES (\'jeaers\', \'\', \'tajanlangit\', \'12345\', \'$2y$10$xr/m0YnQrCqSX.8bmYoV3uUDZSgdSfQnSjAN3gpfrruVrh.fqV2KC\', \'QR-B50C51437DE8\', \'1\')', 0)
 2 SYSTEMPATH\Database\BaseConnection.php(908): CodeIgniter\Database\MySQLi\Connection->execute('INSERT INTO `parents` (`fname`, `mname`, `lname`, `phone`, `password`, `qr_code`, `created_by`) VALUES (\'jeaers\', \'\', \'tajanlangit\', \'12345\', \'$2y$10$xr/m0YnQrCqSX.8bmYoV3uUDZSgdSfQnSjAN3gpfrruVrh.fqV2KC\', \'QR-B50C51437DE8\', \'1\')')
 3 SYSTEMPATH\Database\BaseConnection.php(825): CodeIgniter\Database\BaseConnection->simpleQuery('INSERT INTO `parents` (`fname`, `mname`, `lname`, `phone`, `password`, `qr_code`, `created_by`) VALUES (\'jeaers\', \'\', \'tajanlangit\', \'12345\', \'$2y$10$xr/m0YnQrCqSX.8bmYoV3uUDZSgdSfQnSjAN3gpfrruVrh.fqV2KC\', \'QR-B50C51437DE8\', \'1\')')
 4 SYSTEMPATH\Database\BaseBuilder.php(2343): CodeIgniter\Database\BaseConnection->query('INSERT INTO `parents` (`fname`, `mname`, `lname`, `phone`, `password`, `qr_code`, `created_by`) VALUES (:fname:, :mname:, :lname:, :phone:, :password:, :qr_code:, :created_by:)', [...], false)
 5 SYSTEMPATH\Model.php(357): CodeIgniter\Database\BaseBuilder->insert()
 6 SYSTEMPATH\BaseModel.php(899): CodeIgniter\Model->doInsert([...])
 7 SYSTEMPATH\Model.php(670): CodeIgniter\BaseModel->insert([...], true)
 8 APPPATH\Controllers\Students.php(96): CodeIgniter\Model->insert([...])
 9 SYSTEMPATH\CodeIgniter.php(974): App\Controllers\Students->save()
10 SYSTEMPATH\CodeIgniter.php(520): CodeIgniter\CodeIgniter->runController(Object(App\Controllers\Students))
11 SYSTEMPATH\CodeIgniter.php(363): CodeIgniter\CodeIgniter->handleRequest(null, Object(Config\Cache), false)
12 SYSTEMPATH\Boot.php(417): CodeIgniter\CodeIgniter->run()
13 SYSTEMPATH\Boot.php(68): CodeIgniter\Boot::runCodeIgniter(Object(CodeIgniter\CodeIgniter))
14 FCPATH\index.php(59): CodeIgniter\Boot::bootWeb(Object(Config\Paths))
15 SYSTEMPATH\rewrite.php(44): require_once('C:\\xampp\\htdocs\\scan2fetch\\public\\index.php')
CRITICAL - 2026-06-06 02:45:38 --> CodeIgniter\Database\Exceptions\DatabaseException: Duplicate entry '12345' for key 'phone'
[Method: POST, Route: students-save]
in SYSTEMPATH\Database\BaseConnection.php on line 863.
 1 SYSTEMPATH\Database\BaseBuilder.php(2343): CodeIgniter\Database\BaseConnection->query('INSERT INTO `parents` (`fname`, `mname`, `lname`, `phone`, `password`, `qr_code`, `created_by`) VALUES (:fname:, :mname:, :lname:, :phone:, :password:, :qr_code:, :created_by:)', [...], false)
 2 SYSTEMPATH\Model.php(357): CodeIgniter\Database\BaseBuilder->insert()
 3 SYSTEMPATH\BaseModel.php(899): CodeIgniter\Model->doInsert([...])
 4 SYSTEMPATH\Model.php(670): CodeIgniter\BaseModel->insert([...], true)
 5 APPPATH\Controllers\Students.php(96): CodeIgniter\Model->insert([...])
 6 SYSTEMPATH\CodeIgniter.php(974): App\Controllers\Students->save()
 7 SYSTEMPATH\CodeIgniter.php(520): CodeIgniter\CodeIgniter->runController(Object(App\Controllers\Students))
 8 SYSTEMPATH\CodeIgniter.php(363): CodeIgniter\CodeIgniter->handleRequest(null, Object(Config\Cache), false)
 9 SYSTEMPATH\Boot.php(417): CodeIgniter\CodeIgniter->run()
10 SYSTEMPATH\Boot.php(68): CodeIgniter\Boot::runCodeIgniter(Object(CodeIgniter\CodeIgniter))
11 FCPATH\index.php(59): CodeIgniter\Boot::bootWeb(Object(Config\Paths))
12 SYSTEMPATH\rewrite.php(44): require_once('C:\\xampp\\htdocs\\scan2fetch\\public\\index.php')
CRITICAL - 2026-06-06 02:45:38 --> [Caused by] CodeIgniter\Database\Exceptions\DatabaseException: Duplicate entry '12345' for key 'phone'
in SYSTEMPATH\Database\MySQLi\Connection.php on line 310.
 1 SYSTEMPATH\Database\BaseConnection.php(908): CodeIgniter\Database\MySQLi\Connection->execute('INSERT INTO `parents` (`fname`, `mname`, `lname`, `phone`, `password`, `qr_code`, `created_by`) VALUES (\'jeaers\', \'\', \'tajanlangit\', \'12345\', \'$2y$10$xr/m0YnQrCqSX.8bmYoV3uUDZSgdSfQnSjAN3gpfrruVrh.fqV2KC\', \'QR-B50C51437DE8\', \'1\')')
 2 SYSTEMPATH\Database\BaseConnection.php(825): CodeIgniter\Database\BaseConnection->simpleQuery('INSERT INTO `parents` (`fname`, `mname`, `lname`, `phone`, `password`, `qr_code`, `created_by`) VALUES (\'jeaers\', \'\', \'tajanlangit\', \'12345\', \'$2y$10$xr/m0YnQrCqSX.8bmYoV3uUDZSgdSfQnSjAN3gpfrruVrh.fqV2KC\', \'QR-B50C51437DE8\', \'1\')')
 3 SYSTEMPATH\Database\BaseBuilder.php(2343): CodeIgniter\Database\BaseConnection->query('INSERT INTO `parents` (`fname`, `mname`, `lname`, `phone`, `password`, `qr_code`, `created_by`) VALUES (:fname:, :mname:, :lname:, :phone:, :password:, :qr_code:, :created_by:)', [...], false)
 4 SYSTEMPATH\Model.php(357): CodeIgniter\Database\BaseBuilder->insert()
 5 SYSTEMPATH\BaseModel.php(899): CodeIgniter\Model->doInsert([...])
 6 SYSTEMPATH\Model.php(670): CodeIgniter\BaseModel->insert([...], true)
 7 APPPATH\Controllers\Students.php(96): CodeIgniter\Model->insert([...])
 8 SYSTEMPATH\CodeIgniter.php(974): App\Controllers\Students->save()
 9 SYSTEMPATH\CodeIgniter.php(520): CodeIgniter\CodeIgniter->runController(Object(App\Controllers\Students))
10 SYSTEMPATH\CodeIgniter.php(363): CodeIgniter\CodeIgniter->handleRequest(null, Object(Config\Cache), false)
11 SYSTEMPATH\Boot.php(417): CodeIgniter\CodeIgniter->run()
12 SYSTEMPATH\Boot.php(68): CodeIgniter\Boot::runCodeIgniter(Object(CodeIgniter\CodeIgniter))
13 FCPATH\index.php(59): CodeIgniter\Boot::bootWeb(Object(Config\Paths))
14 SYSTEMPATH\rewrite.php(44): require_once('C:\\xampp\\htdocs\\scan2fetch\\public\\index.php')
CRITICAL - 2026-06-06 02:45:38 --> [Caused by] mysqli_sql_exception: Duplicate entry '12345' for key 'phone'
in SYSTEMPATH\Database\MySQLi\Connection.php on line 300.
 1 SYSTEMPATH\Database\MySQLi\Connection.php(300): mysqli->query('INSERT INTO `parents` (`fname`, `mname`, `lname`, `phone`, `password`, `qr_code`, `created_by`) VALUES (\'jeaers\', \'\', \'tajanlangit\', \'12345\', \'$2y$10$xr/m0YnQrCqSX.8bmYoV3uUDZSgdSfQnSjAN3gpfrruVrh.fqV2KC\', \'QR-B50C51437DE8\', \'1\')', 0)
 2 SYSTEMPATH\Database\BaseConnection.php(908): CodeIgniter\Database\MySQLi\Connection->execute('INSERT INTO `parents` (`fname`, `mname`, `lname`, `phone`, `password`, `qr_code`, `created_by`) VALUES (\'jeaers\', \'\', \'tajanlangit\', \'12345\', \'$2y$10$xr/m0YnQrCqSX.8bmYoV3uUDZSgdSfQnSjAN3gpfrruVrh.fqV2KC\', \'QR-B50C51437DE8\', \'1\')')
 3 SYSTEMPATH\Database\BaseConnection.php(825): CodeIgniter\Database\BaseConnection->simpleQuery('INSERT INTO `parents` (`fname`, `mname`, `lname`, `phone`, `password`, `qr_code`, `created_by`) VALUES (\'jeaers\', \'\', \'tajanlangit\', \'12345\', \'$2y$10$xr/m0YnQrCqSX.8bmYoV3uUDZSgdSfQnSjAN3gpfrruVrh.fqV2KC\', \'QR-B50C51437DE8\', \'1\')')
 4 SYSTEMPATH\Database\BaseBuilder.php(2343): CodeIgniter\Database\BaseConnection->query('INSERT INTO `parents` (`fname`, `mname`, `lname`, `phone`, `password`, `qr_code`, `created_by`) VALUES (:fname:, :mname:, :lname:, :phone:, :password:, :qr_code:, :created_by:)', [...], false)
 5 SYSTEMPATH\Model.php(357): CodeIgniter\Database\BaseBuilder->insert()
 6 SYSTEMPATH\BaseModel.php(899): CodeIgniter\Model->doInsert([...])
 7 SYSTEMPATH\Model.php(670): CodeIgniter\BaseModel->insert([...], true)
 8 APPPATH\Controllers\Students.php(96): CodeIgniter\Model->insert([...])
 9 SYSTEMPATH\CodeIgniter.php(974): App\Controllers\Students->save()
10 SYSTEMPATH\CodeIgniter.php(520): CodeIgniter\CodeIgniter->runController(Object(App\Controllers\Students))
11 SYSTEMPATH\CodeIgniter.php(363): CodeIgniter\CodeIgniter->handleRequest(null, Object(Config\Cache), false)
12 SYSTEMPATH\Boot.php(417): CodeIgniter\CodeIgniter->run()
13 SYSTEMPATH\Boot.php(68): CodeIgniter\Boot::runCodeIgniter(Object(CodeIgniter\CodeIgniter))
14 FCPATH\index.php(59): CodeIgniter\Boot::bootWeb(Object(Config\Paths))
15 SYSTEMPATH\rewrite.php(44): require_once('C:\\xampp\\htdocs\\scan2fetch\\public\\index.php')
DEBUG - 2026-06-06 02:45:42 --> Session: Class initialized using 'CodeIgniter\Session\Handlers\FileHandler' driver.
DEBUG - 2026-06-06 02:46:00 --> Session: Class initialized using 'CodeIgniter\Session\Handlers\FileHandler' driver.
ERROR - 2026-06-06 02:46:00 --> Duplicate entry '12345' for key 'phone'
in SYSTEMPATH\Database\MySQLi\Connection.php on line 300.
 1 SYSTEMPATH\Database\MySQLi\Connection.php(300): mysqli->query('INSERT INTO `parents` (`fname`, `mname`, `lname`, `phone`, `password`, `qr_code`, `created_by`) VALUES (\'jeaers\', \'\', \'tajanlangit\', \'12345\', \'$2y$10$sK7TOX3clhoWfCPOEBnvheuUMg/YhSpgnnZCb8LqVVfdsKW1rQ7IS\', \'QR-AE7F25AE03B3\', \'1\')', 0)
 2 SYSTEMPATH\Database\BaseConnection.php(908): CodeIgniter\Database\MySQLi\Connection->execute('INSERT INTO `parents` (`fname`, `mname`, `lname`, `phone`, `password`, `qr_code`, `created_by`) VALUES (\'jeaers\', \'\', \'tajanlangit\', \'12345\', \'$2y$10$sK7TOX3clhoWfCPOEBnvheuUMg/YhSpgnnZCb8LqVVfdsKW1rQ7IS\', \'QR-AE7F25AE03B3\', \'1\')')
 3 SYSTEMPATH\Database\BaseConnection.php(825): CodeIgniter\Database\BaseConnection->simpleQuery('INSERT INTO `parents` (`fname`, `mname`, `lname`, `phone`, `password`, `qr_code`, `created_by`) VALUES (\'jeaers\', \'\', \'tajanlangit\', \'12345\', \'$2y$10$sK7TOX3clhoWfCPOEBnvheuUMg/YhSpgnnZCb8LqVVfdsKW1rQ7IS\', \'QR-AE7F25AE03B3\', \'1\')')
 4 SYSTEMPATH\Database\BaseBuilder.php(2343): CodeIgniter\Database\BaseConnection->query('INSERT INTO `parents` (`fname`, `mname`, `lname`, `phone`, `password`, `qr_code`, `created_by`) VALUES (:fname:, :mname:, :lname:, :phone:, :password:, :qr_code:, :created_by:)', [...], false)
 5 SYSTEMPATH\Model.php(357): CodeIgniter\Database\BaseBuilder->insert()
 6 SYSTEMPATH\BaseModel.php(899): CodeIgniter\Model->doInsert([...])
 7 SYSTEMPATH\Model.php(670): CodeIgniter\BaseModel->insert([...], true)
 8 APPPATH\Controllers\Students.php(96): CodeIgniter\Model->insert([...])
 9 SYSTEMPATH\CodeIgniter.php(974): App\Controllers\Students->save()
10 SYSTEMPATH\CodeIgniter.php(520): CodeIgniter\CodeIgniter->runController(Object(App\Controllers\Students))
11 SYSTEMPATH\CodeIgniter.php(363): CodeIgniter\CodeIgniter->handleRequest(null, Object(Config\Cache), false)
12 SYSTEMPATH\Boot.php(417): CodeIgniter\CodeIgniter->run()
13 SYSTEMPATH\Boot.php(68): CodeIgniter\Boot::runCodeIgniter(Object(CodeIgniter\CodeIgniter))
14 FCPATH\index.php(59): CodeIgniter\Boot::bootWeb(Object(Config\Paths))
15 SYSTEMPATH\rewrite.php(44): require_once('C:\\xampp\\htdocs\\scan2fetch\\public\\index.php')
CRITICAL - 2026-06-06 02:46:00 --> CodeIgniter\Database\Exceptions\DatabaseException: Duplicate entry '12345' for key 'phone'
[Method: POST, Route: students-save]
in SYSTEMPATH\Database\BaseConnection.php on line 863.
 1 SYSTEMPATH\Database\BaseBuilder.php(2343): CodeIgniter\Database\BaseConnection->query('INSERT INTO `parents` (`fname`, `mname`, `lname`, `phone`, `password`, `qr_code`, `created_by`) VALUES (:fname:, :mname:, :lname:, :phone:, :password:, :qr_code:, :created_by:)', [...], false)
 2 SYSTEMPATH\Model.php(357): CodeIgniter\Database\BaseBuilder->insert()
 3 SYSTEMPATH\BaseModel.php(899): CodeIgniter\Model->doInsert([...])
 4 SYSTEMPATH\Model.php(670): CodeIgniter\BaseModel->insert([...], true)
 5 APPPATH\Controllers\Students.php(96): CodeIgniter\Model->insert([...])
 6 SYSTEMPATH\CodeIgniter.php(974): App\Controllers\Students->save()
 7 SYSTEMPATH\CodeIgniter.php(520): CodeIgniter\CodeIgniter->runController(Object(App\Controllers\Students))
 8 SYSTEMPATH\CodeIgniter.php(363): CodeIgniter\CodeIgniter->handleRequest(null, Object(Config\Cache), false)
 9 SYSTEMPATH\Boot.php(417): CodeIgniter\CodeIgniter->run()
10 SYSTEMPATH\Boot.php(68): CodeIgniter\Boot::runCodeIgniter(Object(CodeIgniter\CodeIgniter))
11 FCPATH\index.php(59): CodeIgniter\Boot::bootWeb(Object(Config\Paths))
12 SYSTEMPATH\rewrite.php(44): require_once('C:\\xampp\\htdocs\\scan2fetch\\public\\index.php')
CRITICAL - 2026-06-06 02:46:00 --> [Caused by] CodeIgniter\Database\Exceptions\DatabaseException: Duplicate entry '12345' for key 'phone'
in SYSTEMPATH\Database\MySQLi\Connection.php on line 310.
 1 SYSTEMPATH\Database\BaseConnection.php(908): CodeIgniter\Database\MySQLi\Connection->execute('INSERT INTO `parents` (`fname`, `mname`, `lname`, `phone`, `password`, `qr_code`, `created_by`) VALUES (\'jeaers\', \'\', \'tajanlangit\', \'12345\', \'$2y$10$sK7TOX3clhoWfCPOEBnvheuUMg/YhSpgnnZCb8LqVVfdsKW1rQ7IS\', \'QR-AE7F25AE03B3\', \'1\')')
 2 SYSTEMPATH\Database\BaseConnection.php(825): CodeIgniter\Database\BaseConnection->simpleQuery('INSERT INTO `parents` (`fname`, `mname`, `lname`, `phone`, `password`, `qr_code`, `created_by`) VALUES (\'jeaers\', \'\', \'tajanlangit\', \'12345\', \'$2y$10$sK7TOX3clhoWfCPOEBnvheuUMg/YhSpgnnZCb8LqVVfdsKW1rQ7IS\', \'QR-AE7F25AE03B3\', \'1\')')
 3 SYSTEMPATH\Database\BaseBuilder.php(2343): CodeIgniter\Database\BaseConnection->query('INSERT INTO `parents` (`fname`, `mname`, `lname`, `phone`, `password`, `qr_code`, `created_by`) VALUES (:fname:, :mname:, :lname:, :phone:, :password:, :qr_code:, :created_by:)', [...], false)
 4 SYSTEMPATH\Model.php(357): CodeIgniter\Database\BaseBuilder->insert()
 5 SYSTEMPATH\BaseModel.php(899): CodeIgniter\Model->doInsert([...])
 6 SYSTEMPATH\Model.php(670): CodeIgniter\BaseModel->insert([...], true)
 7 APPPATH\Controllers\Students.php(96): CodeIgniter\Model->insert([...])
 8 SYSTEMPATH\CodeIgniter.php(974): App\Controllers\Students->save()
 9 SYSTEMPATH\CodeIgniter.php(520): CodeIgniter\CodeIgniter->runController(Object(App\Controllers\Students))
10 SYSTEMPATH\CodeIgniter.php(363): CodeIgniter\CodeIgniter->handleRequest(null, Object(Config\Cache), false)
11 SYSTEMPATH\Boot.php(417): CodeIgniter\CodeIgniter->run()
12 SYSTEMPATH\Boot.php(68): CodeIgniter\Boot::runCodeIgniter(Object(CodeIgniter\CodeIgniter))
13 FCPATH\index.php(59): CodeIgniter\Boot::bootWeb(Object(Config\Paths))
14 SYSTEMPATH\rewrite.php(44): require_once('C:\\xampp\\htdocs\\scan2fetch\\public\\index.php')
CRITICAL - 2026-06-06 02:46:00 --> [Caused by] mysqli_sql_exception: Duplicate entry '12345' for key 'phone'
in SYSTEMPATH\Database\MySQLi\Connection.php on line 300.
 1 SYSTEMPATH\Database\MySQLi\Connection.php(300): mysqli->query('INSERT INTO `parents` (`fname`, `mname`, `lname`, `phone`, `password`, `qr_code`, `created_by`) VALUES (\'jeaers\', \'\', \'tajanlangit\', \'12345\', \'$2y$10$sK7TOX3clhoWfCPOEBnvheuUMg/YhSpgnnZCb8LqVVfdsKW1rQ7IS\', \'QR-AE7F25AE03B3\', \'1\')', 0)
 2 SYSTEMPATH\Database\BaseConnection.php(908): CodeIgniter\Database\MySQLi\Connection->execute('INSERT INTO `parents` (`fname`, `mname`, `lname`, `phone`, `password`, `qr_code`, `created_by`) VALUES (\'jeaers\', \'\', \'tajanlangit\', \'12345\', \'$2y$10$sK7TOX3clhoWfCPOEBnvheuUMg/YhSpgnnZCb8LqVVfdsKW1rQ7IS\', \'QR-AE7F25AE03B3\', \'1\')')
 3 SYSTEMPATH\Database\BaseConnection.php(825): CodeIgniter\Database\BaseConnection->simpleQuery('INSERT INTO `parents` (`fname`, `mname`, `lname`, `phone`, `password`, `qr_code`, `created_by`) VALUES (\'jeaers\', \'\', \'tajanlangit\', \'12345\', \'$2y$10$sK7TOX3clhoWfCPOEBnvheuUMg/YhSpgnnZCb8LqVVfdsKW1rQ7IS\', \'QR-AE7F25AE03B3\', \'1\')')
 4 SYSTEMPATH\Database\BaseBuilder.php(2343): CodeIgniter\Database\BaseConnection->query('INSERT INTO `parents` (`fname`, `mname`, `lname`, `phone`, `password`, `qr_code`, `created_by`) VALUES (:fname:, :mname:, :lname:, :phone:, :password:, :qr_code:, :created_by:)', [...], false)
 5 SYSTEMPATH\Model.php(357): CodeIgniter\Database\BaseBuilder->insert()
 6 SYSTEMPATH\BaseModel.php(899): CodeIgniter\Model->doInsert([...])
 7 SYSTEMPATH\Model.php(670): CodeIgniter\BaseModel->insert([...], true)
 8 APPPATH\Controllers\Students.php(96): CodeIgniter\Model->insert([...])
 9 SYSTEMPATH\CodeIgniter.php(974): App\Controllers\Students->save()
10 SYSTEMPATH\CodeIgniter.php(520): CodeIgniter\CodeIgniter->runController(Object(App\Controllers\Students))
11 SYSTEMPATH\CodeIgniter.php(363): CodeIgniter\CodeIgniter->handleRequest(null, Object(Config\Cache), false)
12 SYSTEMPATH\Boot.php(417): CodeIgniter\CodeIgniter->run()
13 SYSTEMPATH\Boot.php(68): CodeIgniter\Boot::runCodeIgniter(Object(CodeIgniter\CodeIgniter))
14 FCPATH\index.php(59): CodeIgniter\Boot::bootWeb(Object(Config\Paths))
15 SYSTEMPATH\rewrite.php(44): require_once('C:\\xampp\\htdocs\\scan2fetch\\public\\index.php')
DEBUG - 2026-06-06 02:46:06 --> Session: Class initialized using 'CodeIgniter\Session\Handlers\FileHandler' driver.
ERROR - 2026-06-06 02:46:07 --> Duplicate entry '12345' for key 'phone'
in SYSTEMPATH\Database\MySQLi\Connection.php on line 300.
 1 SYSTEMPATH\Database\MySQLi\Connection.php(300): mysqli->query('INSERT INTO `parents` (`fname`, `mname`, `lname`, `phone`, `password`, `qr_code`, `created_by`) VALUES (\'jeaers\', \'\', \'tajanlangit\', \'12345\', \'$2y$10$yyqFR8nxUBf4oPiJCx1z.OdsLJsKdhajD6hGpunfzcH2kfFetDS5a\', \'QR-EFBBCE23CCF2\', \'1\')', 0)
 2 SYSTEMPATH\Database\BaseConnection.php(908): CodeIgniter\Database\MySQLi\Connection->execute('INSERT INTO `parents` (`fname`, `mname`, `lname`, `phone`, `password`, `qr_code`, `created_by`) VALUES (\'jeaers\', \'\', \'tajanlangit\', \'12345\', \'$2y$10$yyqFR8nxUBf4oPiJCx1z.OdsLJsKdhajD6hGpunfzcH2kfFetDS5a\', \'QR-EFBBCE23CCF2\', \'1\')')
 3 SYSTEMPATH\Database\BaseConnection.php(825): CodeIgniter\Database\BaseConnection->simpleQuery('INSERT INTO `parents` (`fname`, `mname`, `lname`, `phone`, `password`, `qr_code`, `created_by`) VALUES (\'jeaers\', \'\', \'tajanlangit\', \'12345\', \'$2y$10$yyqFR8nxUBf4oPiJCx1z.OdsLJsKdhajD6hGpunfzcH2kfFetDS5a\', \'QR-EFBBCE23CCF2\', \'1\')')
 4 SYSTEMPATH\Database\BaseBuilder.php(2343): CodeIgniter\Database\BaseConnection->query('INSERT INTO `parents` (`fname`, `mname`, `lname`, `phone`, `password`, `qr_code`, `created_by`) VALUES (:fname:, :mname:, :lname:, :phone:, :password:, :qr_code:, :created_by:)', [...], false)
 5 SYSTEMPATH\Model.php(357): CodeIgniter\Database\BaseBuilder->insert()
 6 SYSTEMPATH\BaseModel.php(899): CodeIgniter\Model->doInsert([...])
 7 SYSTEMPATH\Model.php(670): CodeIgniter\BaseModel->insert([...], true)
 8 APPPATH\Controllers\Students.php(96): CodeIgniter\Model->insert([...])
 9 SYSTEMPATH\CodeIgniter.php(974): App\Controllers\Students->save()
10 SYSTEMPATH\CodeIgniter.php(520): CodeIgniter\CodeIgniter->runController(Object(App\Controllers\Students))
11 SYSTEMPATH\CodeIgniter.php(363): CodeIgniter\CodeIgniter->handleRequest(null, Object(Config\Cache), false)
12 SYSTEMPATH\Boot.php(417): CodeIgniter\CodeIgniter->run()
13 SYSTEMPATH\Boot.php(68): CodeIgniter\Boot::runCodeIgniter(Object(CodeIgniter\CodeIgniter))
14 FCPATH\index.php(59): CodeIgniter\Boot::bootWeb(Object(Config\Paths))
15 SYSTEMPATH\rewrite.php(44): require_once('C:\\xampp\\htdocs\\scan2fetch\\public\\index.php')
CRITICAL - 2026-06-06 02:46:07 --> CodeIgniter\Database\Exceptions\DatabaseException: Duplicate entry '12345' for key 'phone'
[Method: POST, Route: students-save]
in SYSTEMPATH\Database\BaseConnection.php on line 863.
 1 SYSTEMPATH\Database\BaseBuilder.php(2343): CodeIgniter\Database\BaseConnection->query('INSERT INTO `parents` (`fname`, `mname`, `lname`, `phone`, `password`, `qr_code`, `created_by`) VALUES (:fname:, :mname:, :lname:, :phone:, :password:, :qr_code:, :created_by:)', [...], false)
 2 SYSTEMPATH\Model.php(357): CodeIgniter\Database\BaseBuilder->insert()
 3 SYSTEMPATH\BaseModel.php(899): CodeIgniter\Model->doInsert([...])
 4 SYSTEMPATH\Model.php(670): CodeIgniter\BaseModel->insert([...], true)
 5 APPPATH\Controllers\Students.php(96): CodeIgniter\Model->insert([...])
 6 SYSTEMPATH\CodeIgniter.php(974): App\Controllers\Students->save()
 7 SYSTEMPATH\CodeIgniter.php(520): CodeIgniter\CodeIgniter->runController(Object(App\Controllers\Students))
 8 SYSTEMPATH\CodeIgniter.php(363): CodeIgniter\CodeIgniter->handleRequest(null, Object(Config\Cache), false)
 9 SYSTEMPATH\Boot.php(417): CodeIgniter\CodeIgniter->run()
10 SYSTEMPATH\Boot.php(68): CodeIgniter\Boot::runCodeIgniter(Object(CodeIgniter\CodeIgniter))
11 FCPATH\index.php(59): CodeIgniter\Boot::bootWeb(Object(Config\Paths))
12 SYSTEMPATH\rewrite.php(44): require_once('C:\\xampp\\htdocs\\scan2fetch\\public\\index.php')
CRITICAL - 2026-06-06 02:46:07 --> [Caused by] CodeIgniter\Database\Exceptions\DatabaseException: Duplicate entry '12345' for key 'phone'
in SYSTEMPATH\Database\MySQLi\Connection.php on line 310.
 1 SYSTEMPATH\Database\BaseConnection.php(908): CodeIgniter\Database\MySQLi\Connection->execute('INSERT INTO `parents` (`fname`, `mname`, `lname`, `phone`, `password`, `qr_code`, `created_by`) VALUES (\'jeaers\', \'\', \'tajanlangit\', \'12345\', \'$2y$10$yyqFR8nxUBf4oPiJCx1z.OdsLJsKdhajD6hGpunfzcH2kfFetDS5a\', \'QR-EFBBCE23CCF2\', \'1\')')
 2 SYSTEMPATH\Database\BaseConnection.php(825): CodeIgniter\Database\BaseConnection->simpleQuery('INSERT INTO `parents` (`fname`, `mname`, `lname`, `phone`, `password`, `qr_code`, `created_by`) VALUES (\'jeaers\', \'\', \'tajanlangit\', \'12345\', \'$2y$10$yyqFR8nxUBf4oPiJCx1z.OdsLJsKdhajD6hGpunfzcH2kfFetDS5a\', \'QR-EFBBCE23CCF2\', \'1\')')
 3 SYSTEMPATH\Database\BaseBuilder.php(2343): CodeIgniter\Database\BaseConnection->query('INSERT INTO `parents` (`fname`, `mname`, `lname`, `phone`, `password`, `qr_code`, `created_by`) VALUES (:fname:, :mname:, :lname:, :phone:, :password:, :qr_code:, :created_by:)', [...], false)
 4 SYSTEMPATH\Model.php(357): CodeIgniter\Database\BaseBuilder->insert()
 5 SYSTEMPATH\BaseModel.php(899): CodeIgniter\Model->doInsert([...])
 6 SYSTEMPATH\Model.php(670): CodeIgniter\BaseModel->insert([...], true)
 7 APPPATH\Controllers\Students.php(96): CodeIgniter\Model->insert([...])
 8 SYSTEMPATH\CodeIgniter.php(974): App\Controllers\Students->save()
 9 SYSTEMPATH\CodeIgniter.php(520): CodeIgniter\CodeIgniter->runController(Object(App\Controllers\Students))
10 SYSTEMPATH\CodeIgniter.php(363): CodeIgniter\CodeIgniter->handleRequest(null, Object(Config\Cache), false)
11 SYSTEMPATH\Boot.php(417): CodeIgniter\CodeIgniter->run()
12 SYSTEMPATH\Boot.php(68): CodeIgniter\Boot::runCodeIgniter(Object(CodeIgniter\CodeIgniter))
13 FCPATH\index.php(59): CodeIgniter\Boot::bootWeb(Object(Config\Paths))
14 SYSTEMPATH\rewrite.php(44): require_once('C:\\xampp\\htdocs\\scan2fetch\\public\\index.php')
CRITICAL - 2026-06-06 02:46:07 --> [Caused by] mysqli_sql_exception: Duplicate entry '12345' for key 'phone'
in SYSTEMPATH\Database\MySQLi\Connection.php on line 300.
 1 SYSTEMPATH\Database\MySQLi\Connection.php(300): mysqli->query('INSERT INTO `parents` (`fname`, `mname`, `lname`, `phone`, `password`, `qr_code`, `created_by`) VALUES (\'jeaers\', \'\', \'tajanlangit\', \'12345\', \'$2y$10$yyqFR8nxUBf4oPiJCx1z.OdsLJsKdhajD6hGpunfzcH2kfFetDS5a\', \'QR-EFBBCE23CCF2\', \'1\')', 0)
 2 SYSTEMPATH\Database\BaseConnection.php(908): CodeIgniter\Database\MySQLi\Connection->execute('INSERT INTO `parents` (`fname`, `mname`, `lname`, `phone`, `password`, `qr_code`, `created_by`) VALUES (\'jeaers\', \'\', \'tajanlangit\', \'12345\', \'$2y$10$yyqFR8nxUBf4oPiJCx1z.OdsLJsKdhajD6hGpunfzcH2kfFetDS5a\', \'QR-EFBBCE23CCF2\', \'1\')')
 3 SYSTEMPATH\Database\BaseConnection.php(825): CodeIgniter\Database\BaseConnection->simpleQuery('INSERT INTO `parents` (`fname`, `mname`, `lname`, `phone`, `password`, `qr_code`, `created_by`) VALUES (\'jeaers\', \'\', \'tajanlangit\', \'12345\', \'$2y$10$yyqFR8nxUBf4oPiJCx1z.OdsLJsKdhajD6hGpunfzcH2kfFetDS5a\', \'QR-EFBBCE23CCF2\', \'1\')')
 4 SYSTEMPATH\Database\BaseBuilder.php(2343): CodeIgniter\Database\BaseConnection->query('INSERT INTO `parents` (`fname`, `mname`, `lname`, `phone`, `password`, `qr_code`, `created_by`) VALUES (:fname:, :mname:, :lname:, :phone:, :password:, :qr_code:, :created_by:)', [...], false)
 5 SYSTEMPATH\Model.php(357): CodeIgniter\Database\BaseBuilder->insert()
 6 SYSTEMPATH\BaseModel.php(899): CodeIgniter\Model->doInsert([...])
 7 SYSTEMPATH\Model.php(670): CodeIgniter\BaseModel->insert([...], true)
 8 APPPATH\Controllers\Students.php(96): CodeIgniter\Model->insert([...])
 9 SYSTEMPATH\CodeIgniter.php(974): App\Controllers\Students->save()
10 SYSTEMPATH\CodeIgniter.php(520): CodeIgniter\CodeIgniter->runController(Object(App\Controllers\Students))
11 SYSTEMPATH\CodeIgniter.php(363): CodeIgniter\CodeIgniter->handleRequest(null, Object(Config\Cache), false)
12 SYSTEMPATH\Boot.php(417): CodeIgniter\CodeIgniter->run()
13 SYSTEMPATH\Boot.php(68): CodeIgniter\Boot::runCodeIgniter(Object(CodeIgniter\CodeIgniter))
14 FCPATH\index.php(59): CodeIgniter\Boot::bootWeb(Object(Config\Paths))
15 SYSTEMPATH\rewrite.php(44): require_once('C:\\xampp\\htdocs\\scan2fetch\\public\\index.php')
DEBUG - 2026-06-06 02:46:07 --> Session: Class initialized using 'CodeIgniter\Session\Handlers\FileHandler' driver.
ERROR - 2026-06-06 02:46:07 --> Duplicate entry '12345' for key 'phone'
in SYSTEMPATH\Database\MySQLi\Connection.php on line 300.
 1 SYSTEMPATH\Database\MySQLi\Connection.php(300): mysqli->query('INSERT INTO `parents` (`fname`, `mname`, `lname`, `phone`, `password`, `qr_code`, `created_by`) VALUES (\'jeaers\', \'\', \'tajanlangit\', \'12345\', \'$2y$10$6HTZ9SHzYE4ZwSM84TiVaeUnSf9Xh4NBGfmErB.cKxf5JIe5okQyO\', \'QR-571817F83C55\', \'1\')', 0)
 2 SYSTEMPATH\Database\BaseConnection.php(908): CodeIgniter\Database\MySQLi\Connection->execute('INSERT INTO `parents` (`fname`, `mname`, `lname`, `phone`, `password`, `qr_code`, `created_by`) VALUES (\'jeaers\', \'\', \'tajanlangit\', \'12345\', \'$2y$10$6HTZ9SHzYE4ZwSM84TiVaeUnSf9Xh4NBGfmErB.cKxf5JIe5okQyO\', \'QR-571817F83C55\', \'1\')')
 3 SYSTEMPATH\Database\BaseConnection.php(825): CodeIgniter\Database\BaseConnection->simpleQuery('INSERT INTO `parents` (`fname`, `mname`, `lname`, `phone`, `password`, `qr_code`, `created_by`) VALUES (\'jeaers\', \'\', \'tajanlangit\', \'12345\', \'$2y$10$6HTZ9SHzYE4ZwSM84TiVaeUnSf9Xh4NBGfmErB.cKxf5JIe5okQyO\', \'QR-571817F83C55\', \'1\')')
 4 SYSTEMPATH\Database\BaseBuilder.php(2343): CodeIgniter\Database\BaseConnection->query('INSERT INTO `parents` (`fname`, `mname`, `lname`, `phone`, `password`, `qr_code`, `created_by`) VALUES (:fname:, :mname:, :lname:, :phone:, :password:, :qr_code:, :created_by:)', [...], false)
 5 SYSTEMPATH\Model.php(357): CodeIgniter\Database\BaseBuilder->insert()
 6 SYSTEMPATH\BaseModel.php(899): CodeIgniter\Model->doInsert([...])
 7 SYSTEMPATH\Model.php(670): CodeIgniter\BaseModel->insert([...], true)
 8 APPPATH\Controllers\Students.php(96): CodeIgniter\Model->insert([...])
 9 SYSTEMPATH\CodeIgniter.php(974): App\Controllers\Students->save()
10 SYSTEMPATH\CodeIgniter.php(520): CodeIgniter\CodeIgniter->runController(Object(App\Controllers\Students))
11 SYSTEMPATH\CodeIgniter.php(363): CodeIgniter\CodeIgniter->handleRequest(null, Object(Config\Cache), false)
12 SYSTEMPATH\Boot.php(417): CodeIgniter\CodeIgniter->run()
13 SYSTEMPATH\Boot.php(68): CodeIgniter\Boot::runCodeIgniter(Object(CodeIgniter\CodeIgniter))
14 FCPATH\index.php(59): CodeIgniter\Boot::bootWeb(Object(Config\Paths))
15 SYSTEMPATH\rewrite.php(44): require_once('C:\\xampp\\htdocs\\scan2fetch\\public\\index.php')
CRITICAL - 2026-06-06 02:46:07 --> CodeIgniter\Database\Exceptions\DatabaseException: Duplicate entry '12345' for key 'phone'
[Method: POST, Route: students-save]
in SYSTEMPATH\Database\BaseConnection.php on line 863.
 1 SYSTEMPATH\Database\BaseBuilder.php(2343): CodeIgniter\Database\BaseConnection->query('INSERT INTO `parents` (`fname`, `mname`, `lname`, `phone`, `password`, `qr_code`, `created_by`) VALUES (:fname:, :mname:, :lname:, :phone:, :password:, :qr_code:, :created_by:)', [...], false)
 2 SYSTEMPATH\Model.php(357): CodeIgniter\Database\BaseBuilder->insert()
 3 SYSTEMPATH\BaseModel.php(899): CodeIgniter\Model->doInsert([...])
 4 SYSTEMPATH\Model.php(670): CodeIgniter\BaseModel->insert([...], true)
 5 APPPATH\Controllers\Students.php(96): CodeIgniter\Model->insert([...])
 6 SYSTEMPATH\CodeIgniter.php(974): App\Controllers\Students->save()
 7 SYSTEMPATH\CodeIgniter.php(520): CodeIgniter\CodeIgniter->runController(Object(App\Controllers\Students))
 8 SYSTEMPATH\CodeIgniter.php(363): CodeIgniter\CodeIgniter->handleRequest(null, Object(Config\Cache), false)
 9 SYSTEMPATH\Boot.php(417): CodeIgniter\CodeIgniter->run()
10 SYSTEMPATH\Boot.php(68): CodeIgniter\Boot::runCodeIgniter(Object(CodeIgniter\CodeIgniter))
11 FCPATH\index.php(59): CodeIgniter\Boot::bootWeb(Object(Config\Paths))
12 SYSTEMPATH\rewrite.php(44): require_once('C:\\xampp\\htdocs\\scan2fetch\\public\\index.php')
CRITICAL - 2026-06-06 02:46:07 --> [Caused by] CodeIgniter\Database\Exceptions\DatabaseException: Duplicate entry '12345' for key 'phone'
in SYSTEMPATH\Database\MySQLi\Connection.php on line 310.
 1 SYSTEMPATH\Database\BaseConnection.php(908): CodeIgniter\Database\MySQLi\Connection->execute('INSERT INTO `parents` (`fname`, `mname`, `lname`, `phone`, `password`, `qr_code`, `created_by`) VALUES (\'jeaers\', \'\', \'tajanlangit\', \'12345\', \'$2y$10$6HTZ9SHzYE4ZwSM84TiVaeUnSf9Xh4NBGfmErB.cKxf5JIe5okQyO\', \'QR-571817F83C55\', \'1\')')
 2 SYSTEMPATH\Database\BaseConnection.php(825): CodeIgniter\Database\BaseConnection->simpleQuery('INSERT INTO `parents` (`fname`, `mname`, `lname`, `phone`, `password`, `qr_code`, `created_by`) VALUES (\'jeaers\', \'\', \'tajanlangit\', \'12345\', \'$2y$10$6HTZ9SHzYE4ZwSM84TiVaeUnSf9Xh4NBGfmErB.cKxf5JIe5okQyO\', \'QR-571817F83C55\', \'1\')')
 3 SYSTEMPATH\Database\BaseBuilder.php(2343): CodeIgniter\Database\BaseConnection->query('INSERT INTO `parents` (`fname`, `mname`, `lname`, `phone`, `password`, `qr_code`, `created_by`) VALUES (:fname:, :mname:, :lname:, :phone:, :password:, :qr_code:, :created_by:)', [...], false)
 4 SYSTEMPATH\Model.php(357): CodeIgniter\Database\BaseBuilder->insert()
 5 SYSTEMPATH\BaseModel.php(899): CodeIgniter\Model->doInsert([...])
 6 SYSTEMPATH\Model.php(670): CodeIgniter\BaseModel->insert([...], true)
 7 APPPATH\Controllers\Students.php(96): CodeIgniter\Model->insert([...])
 8 SYSTEMPATH\CodeIgniter.php(974): App\Controllers\Students->save()
 9 SYSTEMPATH\CodeIgniter.php(520): CodeIgniter\CodeIgniter->runController(Object(App\Controllers\Students))
10 SYSTEMPATH\CodeIgniter.php(363): CodeIgniter\CodeIgniter->handleRequest(null, Object(Config\Cache), false)
11 SYSTEMPATH\Boot.php(417): CodeIgniter\CodeIgniter->run()
12 SYSTEMPATH\Boot.php(68): CodeIgniter\Boot::runCodeIgniter(Object(CodeIgniter\CodeIgniter))
13 FCPATH\index.php(59): CodeIgniter\Boot::bootWeb(Object(Config\Paths))
14 SYSTEMPATH\rewrite.php(44): require_once('C:\\xampp\\htdocs\\scan2fetch\\public\\index.php')
CRITICAL - 2026-06-06 02:46:07 --> [Caused by] mysqli_sql_exception: Duplicate entry '12345' for key 'phone'
in SYSTEMPATH\Database\MySQLi\Connection.php on line 300.
 1 SYSTEMPATH\Database\MySQLi\Connection.php(300): mysqli->query('INSERT INTO `parents` (`fname`, `mname`, `lname`, `phone`, `password`, `qr_code`, `created_by`) VALUES (\'jeaers\', \'\', \'tajanlangit\', \'12345\', \'$2y$10$6HTZ9SHzYE4ZwSM84TiVaeUnSf9Xh4NBGfmErB.cKxf5JIe5okQyO\', \'QR-571817F83C55\', \'1\')', 0)
 2 SYSTEMPATH\Database\BaseConnection.php(908): CodeIgniter\Database\MySQLi\Connection->execute('INSERT INTO `parents` (`fname`, `mname`, `lname`, `phone`, `password`, `qr_code`, `created_by`) VALUES (\'jeaers\', \'\', \'tajanlangit\', \'12345\', \'$2y$10$6HTZ9SHzYE4ZwSM84TiVaeUnSf9Xh4NBGfmErB.cKxf5JIe5okQyO\', \'QR-571817F83C55\', \'1\')')
 3 SYSTEMPATH\Database\BaseConnection.php(825): CodeIgniter\Database\BaseConnection->simpleQuery('INSERT INTO `parents` (`fname`, `mname`, `lname`, `phone`, `password`, `qr_code`, `created_by`) VALUES (\'jeaers\', \'\', \'tajanlangit\', \'12345\', \'$2y$10$6HTZ9SHzYE4ZwSM84TiVaeUnSf9Xh4NBGfmErB.cKxf5JIe5okQyO\', \'QR-571817F83C55\', \'1\')')
 4 SYSTEMPATH\Database\BaseBuilder.php(2343): CodeIgniter\Database\BaseConnection->query('INSERT INTO `parents` (`fname`, `mname`, `lname`, `phone`, `password`, `qr_code`, `created_by`) VALUES (:fname:, :mname:, :lname:, :phone:, :password:, :qr_code:, :created_by:)', [...], false)
 5 SYSTEMPATH\Model.php(357): CodeIgniter\Database\BaseBuilder->insert()
 6 SYSTEMPATH\BaseModel.php(899): CodeIgniter\Model->doInsert([...])
 7 SYSTEMPATH\Model.php(670): CodeIgniter\BaseModel->insert([...], true)
 8 APPPATH\Controllers\Students.php(96): CodeIgniter\Model->insert([...])
 9 SYSTEMPATH\CodeIgniter.php(974): App\Controllers\Students->save()
10 SYSTEMPATH\CodeIgniter.php(520): CodeIgniter\CodeIgniter->runController(Object(App\Controllers\Students))
11 SYSTEMPATH\CodeIgniter.php(363): CodeIgniter\CodeIgniter->handleRequest(null, Object(Config\Cache), false)
12 SYSTEMPATH\Boot.php(417): CodeIgniter\CodeIgniter->run()
13 SYSTEMPATH\Boot.php(68): CodeIgniter\Boot::runCodeIgniter(Object(CodeIgniter\CodeIgniter))
14 FCPATH\index.php(59): CodeIgniter\Boot::bootWeb(Object(Config\Paths))
15 SYSTEMPATH\rewrite.php(44): require_once('C:\\xampp\\htdocs\\scan2fetch\\public\\index.php')
DEBUG - 2026-06-06 02:46:07 --> Session: Class initialized using 'CodeIgniter\Session\Handlers\FileHandler' driver.
ERROR - 2026-06-06 02:46:07 --> Duplicate entry '12345' for key 'phone'
in SYSTEMPATH\Database\MySQLi\Connection.php on line 300.
 1 SYSTEMPATH\Database\MySQLi\Connection.php(300): mysqli->query('INSERT INTO `parents` (`fname`, `mname`, `lname`, `phone`, `password`, `qr_code`, `created_by`) VALUES (\'jeaers\', \'\', \'tajanlangit\', \'12345\', \'$2y$10$WTfU2efWeI/SKx8chYUPs.6waSpbHphnLzLQKwwP1rHENRTaFJF.W\', \'QR-5A1AF2C899FF\', \'1\')', 0)
 2 SYSTEMPATH\Database\BaseConnection.php(908): CodeIgniter\Database\MySQLi\Connection->execute('INSERT INTO `parents` (`fname`, `mname`, `lname`, `phone`, `password`, `qr_code`, `created_by`) VALUES (\'jeaers\', \'\', \'tajanlangit\', \'12345\', \'$2y$10$WTfU2efWeI/SKx8chYUPs.6waSpbHphnLzLQKwwP1rHENRTaFJF.W\', \'QR-5A1AF2C899FF\', \'1\')')
 3 SYSTEMPATH\Database\BaseConnection.php(825): CodeIgniter\Database\BaseConnection->simpleQuery('INSERT INTO `parents` (`fname`, `mname`, `lname`, `phone`, `password`, `qr_code`, `created_by`) VALUES (\'jeaers\', \'\', \'tajanlangit\', \'12345\', \'$2y$10$WTfU2efWeI/SKx8chYUPs.6waSpbHphnLzLQKwwP1rHENRTaFJF.W\', \'QR-5A1AF2C899FF\', \'1\')')
 4 SYSTEMPATH\Database\BaseBuilder.php(2343): CodeIgniter\Database\BaseConnection->query('INSERT INTO `parents` (`fname`, `mname`, `lname`, `phone`, `password`, `qr_code`, `created_by`) VALUES (:fname:, :mname:, :lname:, :phone:, :password:, :qr_code:, :created_by:)', [...], false)
 5 SYSTEMPATH\Model.php(357): CodeIgniter\Database\BaseBuilder->insert()
 6 SYSTEMPATH\BaseModel.php(899): CodeIgniter\Model->doInsert([...])
 7 SYSTEMPATH\Model.php(670): CodeIgniter\BaseModel->insert([...], true)
 8 APPPATH\Controllers\Students.php(96): CodeIgniter\Model->insert([...])
 9 SYSTEMPATH\CodeIgniter.php(974): App\Controllers\Students->save()
10 SYSTEMPATH\CodeIgniter.php(520): CodeIgniter\CodeIgniter->runController(Object(App\Controllers\Students))
11 SYSTEMPATH\CodeIgniter.php(363): CodeIgniter\CodeIgniter->handleRequest(null, Object(Config\Cache), false)
12 SYSTEMPATH\Boot.php(417): CodeIgniter\CodeIgniter->run()
13 SYSTEMPATH\Boot.php(68): CodeIgniter\Boot::runCodeIgniter(Object(CodeIgniter\CodeIgniter))
14 FCPATH\index.php(59): CodeIgniter\Boot::bootWeb(Object(Config\Paths))
15 SYSTEMPATH\rewrite.php(44): require_once('C:\\xampp\\htdocs\\scan2fetch\\public\\index.php')
CRITICAL - 2026-06-06 02:46:07 --> CodeIgniter\Database\Exceptions\DatabaseException: Duplicate entry '12345' for key 'phone'
[Method: POST, Route: students-save]
in SYSTEMPATH\Database\BaseConnection.php on line 863.
 1 SYSTEMPATH\Database\BaseBuilder.php(2343): CodeIgniter\Database\BaseConnection->query('INSERT INTO `parents` (`fname`, `mname`, `lname`, `phone`, `password`, `qr_code`, `created_by`) VALUES (:fname:, :mname:, :lname:, :phone:, :password:, :qr_code:, :created_by:)', [...], false)
 2 SYSTEMPATH\Model.php(357): CodeIgniter\Database\BaseBuilder->insert()
 3 SYSTEMPATH\BaseModel.php(899): CodeIgniter\Model->doInsert([...])
 4 SYSTEMPATH\Model.php(670): CodeIgniter\BaseModel->insert([...], true)
 5 APPPATH\Controllers\Students.php(96): CodeIgniter\Model->insert([...])
 6 SYSTEMPATH\CodeIgniter.php(974): App\Controllers\Students->save()
 7 SYSTEMPATH\CodeIgniter.php(520): CodeIgniter\CodeIgniter->runController(Object(App\Controllers\Students))
 8 SYSTEMPATH\CodeIgniter.php(363): CodeIgniter\CodeIgniter->handleRequest(null, Object(Config\Cache), false)
 9 SYSTEMPATH\Boot.php(417): CodeIgniter\CodeIgniter->run()
10 SYSTEMPATH\Boot.php(68): CodeIgniter\Boot::runCodeIgniter(Object(CodeIgniter\CodeIgniter))
11 FCPATH\index.php(59): CodeIgniter\Boot::bootWeb(Object(Config\Paths))
12 SYSTEMPATH\rewrite.php(44): require_once('C:\\xampp\\htdocs\\scan2fetch\\public\\index.php')
CRITICAL - 2026-06-06 02:46:07 --> [Caused by] CodeIgniter\Database\Exceptions\DatabaseException: Duplicate entry '12345' for key 'phone'
in SYSTEMPATH\Database\MySQLi\Connection.php on line 310.
 1 SYSTEMPATH\Database\BaseConnection.php(908): CodeIgniter\Database\MySQLi\Connection->execute('INSERT INTO `parents` (`fname`, `mname`, `lname`, `phone`, `password`, `qr_code`, `created_by`) VALUES (\'jeaers\', \'\', \'tajanlangit\', \'12345\', \'$2y$10$WTfU2efWeI/SKx8chYUPs.6waSpbHphnLzLQKwwP1rHENRTaFJF.W\', \'QR-5A1AF2C899FF\', \'1\')')
 2 SYSTEMPATH\Database\BaseConnection.php(825): CodeIgniter\Database\BaseConnection->simpleQuery('INSERT INTO `parents` (`fname`, `mname`, `lname`, `phone`, `password`, `qr_code`, `created_by`) VALUES (\'jeaers\', \'\', \'tajanlangit\', \'12345\', \'$2y$10$WTfU2efWeI/SKx8chYUPs.6waSpbHphnLzLQKwwP1rHENRTaFJF.W\', \'QR-5A1AF2C899FF\', \'1\')')
 3 SYSTEMPATH\Database\BaseBuilder.php(2343): CodeIgniter\Database\BaseConnection->query('INSERT INTO `parents` (`fname`, `mname`, `lname`, `phone`, `password`, `qr_code`, `created_by`) VALUES (:fname:, :mname:, :lname:, :phone:, :password:, :qr_code:, :created_by:)', [...], false)
 4 SYSTEMPATH\Model.php(357): CodeIgniter\Database\BaseBuilder->insert()
 5 SYSTEMPATH\BaseModel.php(899): CodeIgniter\Model->doInsert([...])
 6 SYSTEMPATH\Model.php(670): CodeIgniter\BaseModel->insert([...], true)
 7 APPPATH\Controllers\Students.php(96): CodeIgniter\Model->insert([...])
 8 SYSTEMPATH\CodeIgniter.php(974): App\Controllers\Students->save()
 9 SYSTEMPATH\CodeIgniter.php(520): CodeIgniter\CodeIgniter->runController(Object(App\Controllers\Students))
10 SYSTEMPATH\CodeIgniter.php(363): CodeIgniter\CodeIgniter->handleRequest(null, Object(Config\Cache), false)
11 SYSTEMPATH\Boot.php(417): CodeIgniter\CodeIgniter->run()
12 SYSTEMPATH\Boot.php(68): CodeIgniter\Boot::runCodeIgniter(Object(CodeIgniter\CodeIgniter))
13 FCPATH\index.php(59): CodeIgniter\Boot::bootWeb(Object(Config\Paths))
14 SYSTEMPATH\rewrite.php(44): require_once('C:\\xampp\\htdocs\\scan2fetch\\public\\index.php')
CRITICAL - 2026-06-06 02:46:07 --> [Caused by] mysqli_sql_exception: Duplicate entry '12345' for key 'phone'
in SYSTEMPATH\Database\MySQLi\Connection.php on line 300.
 1 SYSTEMPATH\Database\MySQLi\Connection.php(300): mysqli->query('INSERT INTO `parents` (`fname`, `mname`, `lname`, `phone`, `password`, `qr_code`, `created_by`) VALUES (\'jeaers\', \'\', \'tajanlangit\', \'12345\', \'$2y$10$WTfU2efWeI/SKx8chYUPs.6waSpbHphnLzLQKwwP1rHENRTaFJF.W\', \'QR-5A1AF2C899FF\', \'1\')', 0)
 2 SYSTEMPATH\Database\BaseConnection.php(908): CodeIgniter\Database\MySQLi\Connection->execute('INSERT INTO `parents` (`fname`, `mname`, `lname`, `phone`, `password`, `qr_code`, `created_by`) VALUES (\'jeaers\', \'\', \'tajanlangit\', \'12345\', \'$2y$10$WTfU2efWeI/SKx8chYUPs.6waSpbHphnLzLQKwwP1rHENRTaFJF.W\', \'QR-5A1AF2C899FF\', \'1\')')
 3 SYSTEMPATH\Database\BaseConnection.php(825): CodeIgniter\Database\BaseConnection->simpleQuery('INSERT INTO `parents` (`fname`, `mname`, `lname`, `phone`, `password`, `qr_code`, `created_by`) VALUES (\'jeaers\', \'\', \'tajanlangit\', \'12345\', \'$2y$10$WTfU2efWeI/SKx8chYUPs.6waSpbHphnLzLQKwwP1rHENRTaFJF.W\', \'QR-5A1AF2C899FF\', \'1\')')
 4 SYSTEMPATH\Database\BaseBuilder.php(2343): CodeIgniter\Database\BaseConnection->query('INSERT INTO `parents` (`fname`, `mname`, `lname`, `phone`, `password`, `qr_code`, `created_by`) VALUES (:fname:, :mname:, :lname:, :phone:, :password:, :qr_code:, :created_by:)', [...], false)
 5 SYSTEMPATH\Model.php(357): CodeIgniter\Database\BaseBuilder->insert()
 6 SYSTEMPATH\BaseModel.php(899): CodeIgniter\Model->doInsert([...])
 7 SYSTEMPATH\Model.php(670): CodeIgniter\BaseModel->insert([...], true)
 8 APPPATH\Controllers\Students.php(96): CodeIgniter\Model->insert([...])
 9 SYSTEMPATH\CodeIgniter.php(974): App\Controllers\Students->save()
10 SYSTEMPATH\CodeIgniter.php(520): CodeIgniter\CodeIgniter->runController(Object(App\Controllers\Students))
11 SYSTEMPATH\CodeIgniter.php(363): CodeIgniter\CodeIgniter->handleRequest(null, Object(Config\Cache), false)
12 SYSTEMPATH\Boot.php(417): CodeIgniter\CodeIgniter->run()
13 SYSTEMPATH\Boot.php(68): CodeIgniter\Boot::runCodeIgniter(Object(CodeIgniter\CodeIgniter))
14 FCPATH\index.php(59): CodeIgniter\Boot::bootWeb(Object(Config\Paths))
15 SYSTEMPATH\rewrite.php(44): require_once('C:\\xampp\\htdocs\\scan2fetch\\public\\index.php')
DEBUG - 2026-06-06 02:46:16 --> Session: Class initialized using 'CodeIgniter\Session\Handlers\FileHandler' driver.
DEBUG - 2026-06-06 02:46:17 --> Session: Class initialized using 'CodeIgniter\Session\Handlers\FileHandler' driver.
DEBUG - 2026-06-06 02:46:25 --> Session: Class initialized using 'CodeIgniter\Session\Handlers\FileHandler' driver.
DEBUG - 2026-06-06 06:21:57 --> Session: Class initialized using 'CodeIgniter\Session\Handlers\FileHandler' driver.
DEBUG - 2026-06-06 06:22:04 --> Session: Class initialized using 'CodeIgniter\Session\Handlers\FileHandler' driver.
DEBUG - 2026-06-06 06:22:10 --> Session: Class initialized using 'CodeIgniter\Session\Handlers\FileHandler' driver.
DEBUG - 2026-06-06 06:22:11 --> Session: Class initialized using 'CodeIgniter\Session\Handlers\FileHandler' driver.
DEBUG - 2026-06-06 06:22:57 --> Session: Class initialized using 'CodeIgniter\Session\Handlers\FileHandler' driver.
DEBUG - 2026-06-06 06:23:10 --> Session: Class initialized using 'CodeIgniter\Session\Handlers\FileHandler' driver.
DEBUG - 2026-06-06 06:23:10 --> Session: Class initialized using 'CodeIgniter\Session\Handlers\FileHandler' driver.
DEBUG - 2026-06-06 06:23:13 --> Session: Class initialized using 'CodeIgniter\Session\Handlers\FileHandler' driver.
DEBUG - 2026-06-06 06:23:14 --> Session: Class initialized using 'CodeIgniter\Session\Handlers\FileHandler' driver.
ERROR - 2026-06-06 06:23:14 --> Unknown table 'scan2fetch.students'
in SYSTEMPATH\Database\MySQLi\Connection.php on line 300.
 1 SYSTEMPATH\Database\MySQLi\Connection.php(300): mysqli->query('SELECT `students`.*, `student_parents`.`relation`
FROM `parents`
JOIN `student_parents` ON `student_parents`.`student_id` = `students`.`id`
WHERE `student_parents`.`parent_id` = \'14\'', 0)
 2 SYSTEMPATH\Database\BaseConnection.php(908): CodeIgniter\Database\MySQLi\Connection->execute('SELECT `students`.*, `student_parents`.`relation`
FROM `parents`
JOIN `student_parents` ON `student_parents`.`student_id` = `students`.`id`
WHERE `student_parents`.`parent_id` = \'14\'')
 3 SYSTEMPATH\Database\BaseConnection.php(825): CodeIgniter\Database\BaseConnection->simpleQuery('SELECT `students`.*, `student_parents`.`relation`
FROM `parents`
JOIN `student_parents` ON `student_parents`.`student_id` = `students`.`id`
WHERE `student_parents`.`parent_id` = \'14\'')
 4 SYSTEMPATH\Database\BaseBuilder.php(1647): CodeIgniter\Database\BaseConnection->query('SELECT `students`.*, `student_parents`.`relation`
FROM `parents`
JOIN `student_parents` ON `student_parents`.`student_id` = `students`.`id`
WHERE `student_parents`.`parent_id` = :student_parents.parent_id:', [...], false)
 5 SYSTEMPATH\Model.php(255): CodeIgniter\Database\BaseBuilder->get()
 6 SYSTEMPATH\BaseModel.php(676): CodeIgniter\Model->doFindAll(0, 0)
 7 APPPATH\Controllers\Dashboard.php(92): CodeIgniter\BaseModel->findAll()
 8 SYSTEMPATH\CodeIgniter.php(974): App\Controllers\Dashboard->index()
 9 SYSTEMPATH\CodeIgniter.php(520): CodeIgniter\CodeIgniter->runController(Object(App\Controllers\Dashboard))
10 SYSTEMPATH\CodeIgniter.php(363): CodeIgniter\CodeIgniter->handleRequest(null, Object(Config\Cache), false)
11 SYSTEMPATH\Boot.php(417): CodeIgniter\CodeIgniter->run()
12 SYSTEMPATH\Boot.php(68): CodeIgniter\Boot::runCodeIgniter(Object(CodeIgniter\CodeIgniter))
13 FCPATH\index.php(59): CodeIgniter\Boot::bootWeb(Object(Config\Paths))
14 SYSTEMPATH\rewrite.php(44): require_once('C:\\xampp\\htdocs\\scan2fetch\\public\\index.php')
CRITICAL - 2026-06-06 06:23:14 --> CodeIgniter\Database\Exceptions\DatabaseException: Unknown table 'scan2fetch.students'
[Method: GET, Route: dashboard]
in SYSTEMPATH\Database\BaseConnection.php on line 863.
 1 SYSTEMPATH\Database\BaseBuilder.php(1647): CodeIgniter\Database\BaseConnection->query('SELECT `students`.*, `student_parents`.`relation`
FROM `parents`
JOIN `student_parents` ON `student_parents`.`student_id` = `students`.`id`
WHERE `student_parents`.`parent_id` = :student_parents.parent_id:', [...], false)
 2 SYSTEMPATH\Model.php(255): CodeIgniter\Database\BaseBuilder->get()
 3 SYSTEMPATH\BaseModel.php(676): CodeIgniter\Model->doFindAll(0, 0)
 4 APPPATH\Controllers\Dashboard.php(92): CodeIgniter\BaseModel->findAll()
 5 SYSTEMPATH\CodeIgniter.php(974): App\Controllers\Dashboard->index()
 6 SYSTEMPATH\CodeIgniter.php(520): CodeIgniter\CodeIgniter->runController(Object(App\Controllers\Dashboard))
 7 SYSTEMPATH\CodeIgniter.php(363): CodeIgniter\CodeIgniter->handleRequest(null, Object(Config\Cache), false)
 8 SYSTEMPATH\Boot.php(417): CodeIgniter\CodeIgniter->run()
 9 SYSTEMPATH\Boot.php(68): CodeIgniter\Boot::runCodeIgniter(Object(CodeIgniter\CodeIgniter))
10 FCPATH\index.php(59): CodeIgniter\Boot::bootWeb(Object(Config\Paths))
11 SYSTEMPATH\rewrite.php(44): require_once('C:\\xampp\\htdocs\\scan2fetch\\public\\index.php')
CRITICAL - 2026-06-06 06:23:14 --> [Caused by] CodeIgniter\Database\Exceptions\DatabaseException: Unknown table 'scan2fetch.students'
in SYSTEMPATH\Database\MySQLi\Connection.php on line 310.
 1 SYSTEMPATH\Database\BaseConnection.php(908): CodeIgniter\Database\MySQLi\Connection->execute('SELECT `students`.*, `student_parents`.`relation`
FROM `parents`
JOIN `student_parents` ON `student_parents`.`student_id` = `students`.`id`
WHERE `student_parents`.`parent_id` = \'14\'')
 2 SYSTEMPATH\Database\BaseConnection.php(825): CodeIgniter\Database\BaseConnection->simpleQuery('SELECT `students`.*, `student_parents`.`relation`
FROM `parents`
JOIN `student_parents` ON `student_parents`.`student_id` = `students`.`id`
WHERE `student_parents`.`parent_id` = \'14\'')
 3 SYSTEMPATH\Database\BaseBuilder.php(1647): CodeIgniter\Database\BaseConnection->query('SELECT `students`.*, `student_parents`.`relation`
FROM `parents`
JOIN `student_parents` ON `student_parents`.`student_id` = `students`.`id`
WHERE `student_parents`.`parent_id` = :student_parents.parent_id:', [...], false)
 4 SYSTEMPATH\Model.php(255): CodeIgniter\Database\BaseBuilder->get()
 5 SYSTEMPATH\BaseModel.php(676): CodeIgniter\Model->doFindAll(0, 0)
 6 APPPATH\Controllers\Dashboard.php(92): CodeIgniter\BaseModel->findAll()
 7 SYSTEMPATH\CodeIgniter.php(974): App\Controllers\Dashboard->index()
 8 SYSTEMPATH\CodeIgniter.php(520): CodeIgniter\CodeIgniter->runController(Object(App\Controllers\Dashboard))
 9 SYSTEMPATH\CodeIgniter.php(363): CodeIgniter\CodeIgniter->handleRequest(null, Object(Config\Cache), false)
10 SYSTEMPATH\Boot.php(417): CodeIgniter\CodeIgniter->run()
11 SYSTEMPATH\Boot.php(68): CodeIgniter\Boot::runCodeIgniter(Object(CodeIgniter\CodeIgniter))
12 FCPATH\index.php(59): CodeIgniter\Boot::bootWeb(Object(Config\Paths))
13 SYSTEMPATH\rewrite.php(44): require_once('C:\\xampp\\htdocs\\scan2fetch\\public\\index.php')
CRITICAL - 2026-06-06 06:23:14 --> [Caused by] mysqli_sql_exception: Unknown table 'scan2fetch.students'
in SYSTEMPATH\Database\MySQLi\Connection.php on line 300.
 1 SYSTEMPATH\Database\MySQLi\Connection.php(300): mysqli->query('SELECT `students`.*, `student_parents`.`relation`
FROM `parents`
JOIN `student_parents` ON `student_parents`.`student_id` = `students`.`id`
WHERE `student_parents`.`parent_id` = \'14\'', 0)
 2 SYSTEMPATH\Database\BaseConnection.php(908): CodeIgniter\Database\MySQLi\Connection->execute('SELECT `students`.*, `student_parents`.`relation`
FROM `parents`
JOIN `student_parents` ON `student_parents`.`student_id` = `students`.`id`
WHERE `student_parents`.`parent_id` = \'14\'')
 3 SYSTEMPATH\Database\BaseConnection.php(825): CodeIgniter\Database\BaseConnection->simpleQuery('SELECT `students`.*, `student_parents`.`relation`
FROM `parents`
JOIN `student_parents` ON `student_parents`.`student_id` = `students`.`id`
WHERE `student_parents`.`parent_id` = \'14\'')
 4 SYSTEMPATH\Database\BaseBuilder.php(1647): CodeIgniter\Database\BaseConnection->query('SELECT `students`.*, `student_parents`.`relation`
FROM `parents`
JOIN `student_parents` ON `student_parents`.`student_id` = `students`.`id`
WHERE `student_parents`.`parent_id` = :student_parents.parent_id:', [...], false)
 5 SYSTEMPATH\Model.php(255): CodeIgniter\Database\BaseBuilder->get()
 6 SYSTEMPATH\BaseModel.php(676): CodeIgniter\Model->doFindAll(0, 0)
 7 APPPATH\Controllers\Dashboard.php(92): CodeIgniter\BaseModel->findAll()
 8 SYSTEMPATH\CodeIgniter.php(974): App\Controllers\Dashboard->index()
 9 SYSTEMPATH\CodeIgniter.php(520): CodeIgniter\CodeIgniter->runController(Object(App\Controllers\Dashboard))
10 SYSTEMPATH\CodeIgniter.php(363): CodeIgniter\CodeIgniter->handleRequest(null, Object(Config\Cache), false)
11 SYSTEMPATH\Boot.php(417): CodeIgniter\CodeIgniter->run()
12 SYSTEMPATH\Boot.php(68): CodeIgniter\Boot::runCodeIgniter(Object(CodeIgniter\CodeIgniter))
13 FCPATH\index.php(59): CodeIgniter\Boot::bootWeb(Object(Config\Paths))
14 SYSTEMPATH\rewrite.php(44): require_once('C:\\xampp\\htdocs\\scan2fetch\\public\\index.php')
DEBUG - 2026-06-06 06:26:06 --> Session: Class initialized using 'CodeIgniter\Session\Handlers\FileHandler' driver.
ERROR - 2026-06-06 06:26:06 --> Unknown table 'scan2fetch.students'
in SYSTEMPATH\Database\MySQLi\Connection.php on line 300.
 1 SYSTEMPATH\Database\MySQLi\Connection.php(300): mysqli->query('SELECT `students`.*, `student_parents`.`relation`
FROM `parents`
JOIN `student_parents` ON `student_parents`.`student_id` = `students`.`id`
WHERE `student_parents`.`parent_id` = \'14\'', 0)
 2 SYSTEMPATH\Database\BaseConnection.php(908): CodeIgniter\Database\MySQLi\Connection->execute('SELECT `students`.*, `student_parents`.`relation`
FROM `parents`
JOIN `student_parents` ON `student_parents`.`student_id` = `students`.`id`
WHERE `student_parents`.`parent_id` = \'14\'')
 3 SYSTEMPATH\Database\BaseConnection.php(825): CodeIgniter\Database\BaseConnection->simpleQuery('SELECT `students`.*, `student_parents`.`relation`
FROM `parents`
JOIN `student_parents` ON `student_parents`.`student_id` = `students`.`id`
WHERE `student_parents`.`parent_id` = \'14\'')
 4 SYSTEMPATH\Database\BaseBuilder.php(1647): CodeIgniter\Database\BaseConnection->query('SELECT `students`.*, `student_parents`.`relation`
FROM `parents`
JOIN `student_parents` ON `student_parents`.`student_id` = `students`.`id`
WHERE `student_parents`.`parent_id` = :student_parents.parent_id:', [...], false)
 5 SYSTEMPATH\Model.php(255): CodeIgniter\Database\BaseBuilder->get()
 6 SYSTEMPATH\BaseModel.php(676): CodeIgniter\Model->doFindAll(0, 0)
 7 APPPATH\Controllers\Dashboard.php(92): CodeIgniter\BaseModel->findAll()
 8 SYSTEMPATH\CodeIgniter.php(974): App\Controllers\Dashboard->index()
 9 SYSTEMPATH\CodeIgniter.php(520): CodeIgniter\CodeIgniter->runController(Object(App\Controllers\Dashboard))
10 SYSTEMPATH\CodeIgniter.php(363): CodeIgniter\CodeIgniter->handleRequest(null, Object(Config\Cache), false)
11 SYSTEMPATH\Boot.php(417): CodeIgniter\CodeIgniter->run()
12 SYSTEMPATH\Boot.php(68): CodeIgniter\Boot::runCodeIgniter(Object(CodeIgniter\CodeIgniter))
13 FCPATH\index.php(59): CodeIgniter\Boot::bootWeb(Object(Config\Paths))
14 SYSTEMPATH\rewrite.php(44): require_once('C:\\xampp\\htdocs\\scan2fetch\\public\\index.php')
CRITICAL - 2026-06-06 06:26:06 --> CodeIgniter\Database\Exceptions\DatabaseException: Unknown table 'scan2fetch.students'
[Method: GET, Route: dashboard]
in SYSTEMPATH\Database\BaseConnection.php on line 863.
 1 SYSTEMPATH\Database\BaseBuilder.php(1647): CodeIgniter\Database\BaseConnection->query('SELECT `students`.*, `student_parents`.`relation`
FROM `parents`
JOIN `student_parents` ON `student_parents`.`student_id` = `students`.`id`
WHERE `student_parents`.`parent_id` = :student_parents.parent_id:', [...], false)
 2 SYSTEMPATH\Model.php(255): CodeIgniter\Database\BaseBuilder->get()
 3 SYSTEMPATH\BaseModel.php(676): CodeIgniter\Model->doFindAll(0, 0)
 4 APPPATH\Controllers\Dashboard.php(92): CodeIgniter\BaseModel->findAll()
 5 SYSTEMPATH\CodeIgniter.php(974): App\Controllers\Dashboard->index()
 6 SYSTEMPATH\CodeIgniter.php(520): CodeIgniter\CodeIgniter->runController(Object(App\Controllers\Dashboard))
 7 SYSTEMPATH\CodeIgniter.php(363): CodeIgniter\CodeIgniter->handleRequest(null, Object(Config\Cache), false)
 8 SYSTEMPATH\Boot.php(417): CodeIgniter\CodeIgniter->run()
 9 SYSTEMPATH\Boot.php(68): CodeIgniter\Boot::runCodeIgniter(Object(CodeIgniter\CodeIgniter))
10 FCPATH\index.php(59): CodeIgniter\Boot::bootWeb(Object(Config\Paths))
11 SYSTEMPATH\rewrite.php(44): require_once('C:\\xampp\\htdocs\\scan2fetch\\public\\index.php')
CRITICAL - 2026-06-06 06:26:06 --> [Caused by] CodeIgniter\Database\Exceptions\DatabaseException: Unknown table 'scan2fetch.students'
in SYSTEMPATH\Database\MySQLi\Connection.php on line 310.
 1 SYSTEMPATH\Database\BaseConnection.php(908): CodeIgniter\Database\MySQLi\Connection->execute('SELECT `students`.*, `student_parents`.`relation`
FROM `parents`
JOIN `student_parents` ON `student_parents`.`student_id` = `students`.`id`
WHERE `student_parents`.`parent_id` = \'14\'')
 2 SYSTEMPATH\Database\BaseConnection.php(825): CodeIgniter\Database\BaseConnection->simpleQuery('SELECT `students`.*, `student_parents`.`relation`
FROM `parents`
JOIN `student_parents` ON `student_parents`.`student_id` = `students`.`id`
WHERE `student_parents`.`parent_id` = \'14\'')
 3 SYSTEMPATH\Database\BaseBuilder.php(1647): CodeIgniter\Database\BaseConnection->query('SELECT `students`.*, `student_parents`.`relation`
FROM `parents`
JOIN `student_parents` ON `student_parents`.`student_id` = `students`.`id`
WHERE `student_parents`.`parent_id` = :student_parents.parent_id:', [...], false)
 4 SYSTEMPATH\Model.php(255): CodeIgniter\Database\BaseBuilder->get()
 5 SYSTEMPATH\BaseModel.php(676): CodeIgniter\Model->doFindAll(0, 0)
 6 APPPATH\Controllers\Dashboard.php(92): CodeIgniter\BaseModel->findAll()
 7 SYSTEMPATH\CodeIgniter.php(974): App\Controllers\Dashboard->index()
 8 SYSTEMPATH\CodeIgniter.php(520): CodeIgniter\CodeIgniter->runController(Object(App\Controllers\Dashboard))
 9 SYSTEMPATH\CodeIgniter.php(363): CodeIgniter\CodeIgniter->handleRequest(null, Object(Config\Cache), false)
10 SYSTEMPATH\Boot.php(417): CodeIgniter\CodeIgniter->run()
11 SYSTEMPATH\Boot.php(68): CodeIgniter\Boot::runCodeIgniter(Object(CodeIgniter\CodeIgniter))
12 FCPATH\index.php(59): CodeIgniter\Boot::bootWeb(Object(Config\Paths))
13 SYSTEMPATH\rewrite.php(44): require_once('C:\\xampp\\htdocs\\scan2fetch\\public\\index.php')
CRITICAL - 2026-06-06 06:26:06 --> [Caused by] mysqli_sql_exception: Unknown table 'scan2fetch.students'
in SYSTEMPATH\Database\MySQLi\Connection.php on line 300.
 1 SYSTEMPATH\Database\MySQLi\Connection.php(300): mysqli->query('SELECT `students`.*, `student_parents`.`relation`
FROM `parents`
JOIN `student_parents` ON `student_parents`.`student_id` = `students`.`id`
WHERE `student_parents`.`parent_id` = \'14\'', 0)
 2 SYSTEMPATH\Database\BaseConnection.php(908): CodeIgniter\Database\MySQLi\Connection->execute('SELECT `students`.*, `student_parents`.`relation`
FROM `parents`
JOIN `student_parents` ON `student_parents`.`student_id` = `students`.`id`
WHERE `student_parents`.`parent_id` = \'14\'')
 3 SYSTEMPATH\Database\BaseConnection.php(825): CodeIgniter\Database\BaseConnection->simpleQuery('SELECT `students`.*, `student_parents`.`relation`
FROM `parents`
JOIN `student_parents` ON `student_parents`.`student_id` = `students`.`id`
WHERE `student_parents`.`parent_id` = \'14\'')
 4 SYSTEMPATH\Database\BaseBuilder.php(1647): CodeIgniter\Database\BaseConnection->query('SELECT `students`.*, `student_parents`.`relation`
FROM `parents`
JOIN `student_parents` ON `student_parents`.`student_id` = `students`.`id`
WHERE `student_parents`.`parent_id` = :student_parents.parent_id:', [...], false)
 5 SYSTEMPATH\Model.php(255): CodeIgniter\Database\BaseBuilder->get()
 6 SYSTEMPATH\BaseModel.php(676): CodeIgniter\Model->doFindAll(0, 0)
 7 APPPATH\Controllers\Dashboard.php(92): CodeIgniter\BaseModel->findAll()
 8 SYSTEMPATH\CodeIgniter.php(974): App\Controllers\Dashboard->index()
 9 SYSTEMPATH\CodeIgniter.php(520): CodeIgniter\CodeIgniter->runController(Object(App\Controllers\Dashboard))
10 SYSTEMPATH\CodeIgniter.php(363): CodeIgniter\CodeIgniter->handleRequest(null, Object(Config\Cache), false)
11 SYSTEMPATH\Boot.php(417): CodeIgniter\CodeIgniter->run()
12 SYSTEMPATH\Boot.php(68): CodeIgniter\Boot::runCodeIgniter(Object(CodeIgniter\CodeIgniter))
13 FCPATH\index.php(59): CodeIgniter\Boot::bootWeb(Object(Config\Paths))
14 SYSTEMPATH\rewrite.php(44): require_once('C:\\xampp\\htdocs\\scan2fetch\\public\\index.php')
DEBUG - 2026-06-06 06:26:07 --> Session: Class initialized using 'CodeIgniter\Session\Handlers\FileHandler' driver.
ERROR - 2026-06-06 06:26:07 --> Unknown table 'scan2fetch.students'
in SYSTEMPATH\Database\MySQLi\Connection.php on line 300.
 1 SYSTEMPATH\Database\MySQLi\Connection.php(300): mysqli->query('SELECT `students`.*, `student_parents`.`relation`
FROM `parents`
JOIN `student_parents` ON `student_parents`.`student_id` = `students`.`id`
WHERE `student_parents`.`parent_id` = \'14\'', 0)
 2 SYSTEMPATH\Database\BaseConnection.php(908): CodeIgniter\Database\MySQLi\Connection->execute('SELECT `students`.*, `student_parents`.`relation`
FROM `parents`
JOIN `student_parents` ON `student_parents`.`student_id` = `students`.`id`
WHERE `student_parents`.`parent_id` = \'14\'')
 3 SYSTEMPATH\Database\BaseConnection.php(825): CodeIgniter\Database\BaseConnection->simpleQuery('SELECT `students`.*, `student_parents`.`relation`
FROM `parents`
JOIN `student_parents` ON `student_parents`.`student_id` = `students`.`id`
WHERE `student_parents`.`parent_id` = \'14\'')
 4 SYSTEMPATH\Database\BaseBuilder.php(1647): CodeIgniter\Database\BaseConnection->query('SELECT `students`.*, `student_parents`.`relation`
FROM `parents`
JOIN `student_parents` ON `student_parents`.`student_id` = `students`.`id`
WHERE `student_parents`.`parent_id` = :student_parents.parent_id:', [...], false)
 5 SYSTEMPATH\Model.php(255): CodeIgniter\Database\BaseBuilder->get()
 6 SYSTEMPATH\BaseModel.php(676): CodeIgniter\Model->doFindAll(0, 0)
 7 APPPATH\Controllers\Dashboard.php(92): CodeIgniter\BaseModel->findAll()
 8 SYSTEMPATH\CodeIgniter.php(974): App\Controllers\Dashboard->index()
 9 SYSTEMPATH\CodeIgniter.php(520): CodeIgniter\CodeIgniter->runController(Object(App\Controllers\Dashboard))
10 SYSTEMPATH\CodeIgniter.php(363): CodeIgniter\CodeIgniter->handleRequest(null, Object(Config\Cache), false)
11 SYSTEMPATH\Boot.php(417): CodeIgniter\CodeIgniter->run()
12 SYSTEMPATH\Boot.php(68): CodeIgniter\Boot::runCodeIgniter(Object(CodeIgniter\CodeIgniter))
13 FCPATH\index.php(59): CodeIgniter\Boot::bootWeb(Object(Config\Paths))
14 SYSTEMPATH\rewrite.php(44): require_once('C:\\xampp\\htdocs\\scan2fetch\\public\\index.php')
CRITICAL - 2026-06-06 06:26:07 --> CodeIgniter\Database\Exceptions\DatabaseException: Unknown table 'scan2fetch.students'
[Method: GET, Route: dashboard]
in SYSTEMPATH\Database\BaseConnection.php on line 863.
 1 SYSTEMPATH\Database\BaseBuilder.php(1647): CodeIgniter\Database\BaseConnection->query('SELECT `students`.*, `student_parents`.`relation`
FROM `parents`
JOIN `student_parents` ON `student_parents`.`student_id` = `students`.`id`
WHERE `student_parents`.`parent_id` = :student_parents.parent_id:', [...], false)
 2 SYSTEMPATH\Model.php(255): CodeIgniter\Database\BaseBuilder->get()
 3 SYSTEMPATH\BaseModel.php(676): CodeIgniter\Model->doFindAll(0, 0)
 4 APPPATH\Controllers\Dashboard.php(92): CodeIgniter\BaseModel->findAll()
 5 SYSTEMPATH\CodeIgniter.php(974): App\Controllers\Dashboard->index()
 6 SYSTEMPATH\CodeIgniter.php(520): CodeIgniter\CodeIgniter->runController(Object(App\Controllers\Dashboard))
 7 SYSTEMPATH\CodeIgniter.php(363): CodeIgniter\CodeIgniter->handleRequest(null, Object(Config\Cache), false)
 8 SYSTEMPATH\Boot.php(417): CodeIgniter\CodeIgniter->run()
 9 SYSTEMPATH\Boot.php(68): CodeIgniter\Boot::runCodeIgniter(Object(CodeIgniter\CodeIgniter))
10 FCPATH\index.php(59): CodeIgniter\Boot::bootWeb(Object(Config\Paths))
11 SYSTEMPATH\rewrite.php(44): require_once('C:\\xampp\\htdocs\\scan2fetch\\public\\index.php')
CRITICAL - 2026-06-06 06:26:07 --> [Caused by] CodeIgniter\Database\Exceptions\DatabaseException: Unknown table 'scan2fetch.students'
in SYSTEMPATH\Database\MySQLi\Connection.php on line 310.
 1 SYSTEMPATH\Database\BaseConnection.php(908): CodeIgniter\Database\MySQLi\Connection->execute('SELECT `students`.*, `student_parents`.`relation`
FROM `parents`
JOIN `student_parents` ON `student_parents`.`student_id` = `students`.`id`
WHERE `student_parents`.`parent_id` = \'14\'')
 2 SYSTEMPATH\Database\BaseConnection.php(825): CodeIgniter\Database\BaseConnection->simpleQuery('SELECT `students`.*, `student_parents`.`relation`
FROM `parents`
JOIN `student_parents` ON `student_parents`.`student_id` = `students`.`id`
WHERE `student_parents`.`parent_id` = \'14\'')
 3 SYSTEMPATH\Database\BaseBuilder.php(1647): CodeIgniter\Database\BaseConnection->query('SELECT `students`.*, `student_parents`.`relation`
FROM `parents`
JOIN `student_parents` ON `student_parents`.`student_id` = `students`.`id`
WHERE `student_parents`.`parent_id` = :student_parents.parent_id:', [...], false)
 4 SYSTEMPATH\Model.php(255): CodeIgniter\Database\BaseBuilder->get()
 5 SYSTEMPATH\BaseModel.php(676): CodeIgniter\Model->doFindAll(0, 0)
 6 APPPATH\Controllers\Dashboard.php(92): CodeIgniter\BaseModel->findAll()
 7 SYSTEMPATH\CodeIgniter.php(974): App\Controllers\Dashboard->index()
 8 SYSTEMPATH\CodeIgniter.php(520): CodeIgniter\CodeIgniter->runController(Object(App\Controllers\Dashboard))
 9 SYSTEMPATH\CodeIgniter.php(363): CodeIgniter\CodeIgniter->handleRequest(null, Object(Config\Cache), false)
10 SYSTEMPATH\Boot.php(417): CodeIgniter\CodeIgniter->run()
11 SYSTEMPATH\Boot.php(68): CodeIgniter\Boot::runCodeIgniter(Object(CodeIgniter\CodeIgniter))
12 FCPATH\index.php(59): CodeIgniter\Boot::bootWeb(Object(Config\Paths))
13 SYSTEMPATH\rewrite.php(44): require_once('C:\\xampp\\htdocs\\scan2fetch\\public\\index.php')
CRITICAL - 2026-06-06 06:26:07 --> [Caused by] mysqli_sql_exception: Unknown table 'scan2fetch.students'
in SYSTEMPATH\Database\MySQLi\Connection.php on line 300.
 1 SYSTEMPATH\Database\MySQLi\Connection.php(300): mysqli->query('SELECT `students`.*, `student_parents`.`relation`
FROM `parents`
JOIN `student_parents` ON `student_parents`.`student_id` = `students`.`id`
WHERE `student_parents`.`parent_id` = \'14\'', 0)
 2 SYSTEMPATH\Database\BaseConnection.php(908): CodeIgniter\Database\MySQLi\Connection->execute('SELECT `students`.*, `student_parents`.`relation`
FROM `parents`
JOIN `student_parents` ON `student_parents`.`student_id` = `students`.`id`
WHERE `student_parents`.`parent_id` = \'14\'')
 3 SYSTEMPATH\Database\BaseConnection.php(825): CodeIgniter\Database\BaseConnection->simpleQuery('SELECT `students`.*, `student_parents`.`relation`
FROM `parents`
JOIN `student_parents` ON `student_parents`.`student_id` = `students`.`id`
WHERE `student_parents`.`parent_id` = \'14\'')
 4 SYSTEMPATH\Database\BaseBuilder.php(1647): CodeIgniter\Database\BaseConnection->query('SELECT `students`.*, `student_parents`.`relation`
FROM `parents`
JOIN `student_parents` ON `student_parents`.`student_id` = `students`.`id`
WHERE `student_parents`.`parent_id` = :student_parents.parent_id:', [...], false)
 5 SYSTEMPATH\Model.php(255): CodeIgniter\Database\BaseBuilder->get()
 6 SYSTEMPATH\BaseModel.php(676): CodeIgniter\Model->doFindAll(0, 0)
 7 APPPATH\Controllers\Dashboard.php(92): CodeIgniter\BaseModel->findAll()
 8 SYSTEMPATH\CodeIgniter.php(974): App\Controllers\Dashboard->index()
 9 SYSTEMPATH\CodeIgniter.php(520): CodeIgniter\CodeIgniter->runController(Object(App\Controllers\Dashboard))
10 SYSTEMPATH\CodeIgniter.php(363): CodeIgniter\CodeIgniter->handleRequest(null, Object(Config\Cache), false)
11 SYSTEMPATH\Boot.php(417): CodeIgniter\CodeIgniter->run()
12 SYSTEMPATH\Boot.php(68): CodeIgniter\Boot::runCodeIgniter(Object(CodeIgniter\CodeIgniter))
13 FCPATH\index.php(59): CodeIgniter\Boot::bootWeb(Object(Config\Paths))
14 SYSTEMPATH\rewrite.php(44): require_once('C:\\xampp\\htdocs\\scan2fetch\\public\\index.php')
DEBUG - 2026-06-06 06:27:08 --> Session: Class initialized using 'CodeIgniter\Session\Handlers\FileHandler' driver.
ERROR - 2026-06-06 06:27:08 --> Unknown table 'scan2fetch.students'
in SYSTEMPATH\Database\MySQLi\Connection.php on line 300.
 1 SYSTEMPATH\Database\MySQLi\Connection.php(300): mysqli->query('SELECT `students`.*, `student_parents`.`relation`
FROM `parents`
JOIN `student_parents` ON `student_parents`.`student_id` = `students`.`id`
WHERE `student_parents`.`parent_id` = \'14\'', 0)
 2 SYSTEMPATH\Database\BaseConnection.php(908): CodeIgniter\Database\MySQLi\Connection->execute('SELECT `students`.*, `student_parents`.`relation`
FROM `parents`
JOIN `student_parents` ON `student_parents`.`student_id` = `students`.`id`
WHERE `student_parents`.`parent_id` = \'14\'')
 3 SYSTEMPATH\Database\BaseConnection.php(825): CodeIgniter\Database\BaseConnection->simpleQuery('SELECT `students`.*, `student_parents`.`relation`
FROM `parents`
JOIN `student_parents` ON `student_parents`.`student_id` = `students`.`id`
WHERE `student_parents`.`parent_id` = \'14\'')
 4 SYSTEMPATH\Database\BaseBuilder.php(1647): CodeIgniter\Database\BaseConnection->query('SELECT `students`.*, `student_parents`.`relation`
FROM `parents`
JOIN `student_parents` ON `student_parents`.`student_id` = `students`.`id`
WHERE `student_parents`.`parent_id` = :student_parents.parent_id:', [...], false)
 5 SYSTEMPATH\Model.php(255): CodeIgniter\Database\BaseBuilder->get()
 6 SYSTEMPATH\BaseModel.php(676): CodeIgniter\Model->doFindAll(0, 0)
 7 APPPATH\Controllers\Dashboard.php(92): CodeIgniter\BaseModel->findAll()
 8 SYSTEMPATH\CodeIgniter.php(974): App\Controllers\Dashboard->index()
 9 SYSTEMPATH\CodeIgniter.php(520): CodeIgniter\CodeIgniter->runController(Object(App\Controllers\Dashboard))
10 SYSTEMPATH\CodeIgniter.php(363): CodeIgniter\CodeIgniter->handleRequest(null, Object(Config\Cache), false)
11 SYSTEMPATH\Boot.php(417): CodeIgniter\CodeIgniter->run()
12 SYSTEMPATH\Boot.php(68): CodeIgniter\Boot::runCodeIgniter(Object(CodeIgniter\CodeIgniter))
13 FCPATH\index.php(59): CodeIgniter\Boot::bootWeb(Object(Config\Paths))
14 SYSTEMPATH\rewrite.php(44): require_once('C:\\xampp\\htdocs\\scan2fetch\\public\\index.php')
CRITICAL - 2026-06-06 06:27:08 --> CodeIgniter\Database\Exceptions\DatabaseException: Unknown table 'scan2fetch.students'
[Method: GET, Route: dashboard]
in SYSTEMPATH\Database\BaseConnection.php on line 863.
 1 SYSTEMPATH\Database\BaseBuilder.php(1647): CodeIgniter\Database\BaseConnection->query('SELECT `students`.*, `student_parents`.`relation`
FROM `parents`
JOIN `student_parents` ON `student_parents`.`student_id` = `students`.`id`
WHERE `student_parents`.`parent_id` = :student_parents.parent_id:', [...], false)
 2 SYSTEMPATH\Model.php(255): CodeIgniter\Database\BaseBuilder->get()
 3 SYSTEMPATH\BaseModel.php(676): CodeIgniter\Model->doFindAll(0, 0)
 4 APPPATH\Controllers\Dashboard.php(92): CodeIgniter\BaseModel->findAll()
 5 SYSTEMPATH\CodeIgniter.php(974): App\Controllers\Dashboard->index()
 6 SYSTEMPATH\CodeIgniter.php(520): CodeIgniter\CodeIgniter->runController(Object(App\Controllers\Dashboard))
 7 SYSTEMPATH\CodeIgniter.php(363): CodeIgniter\CodeIgniter->handleRequest(null, Object(Config\Cache), false)
 8 SYSTEMPATH\Boot.php(417): CodeIgniter\CodeIgniter->run()
 9 SYSTEMPATH\Boot.php(68): CodeIgniter\Boot::runCodeIgniter(Object(CodeIgniter\CodeIgniter))
10 FCPATH\index.php(59): CodeIgniter\Boot::bootWeb(Object(Config\Paths))
11 SYSTEMPATH\rewrite.php(44): require_once('C:\\xampp\\htdocs\\scan2fetch\\public\\index.php')
CRITICAL - 2026-06-06 06:27:08 --> [Caused by] CodeIgniter\Database\Exceptions\DatabaseException: Unknown table 'scan2fetch.students'
in SYSTEMPATH\Database\MySQLi\Connection.php on line 310.
 1 SYSTEMPATH\Database\BaseConnection.php(908): CodeIgniter\Database\MySQLi\Connection->execute('SELECT `students`.*, `student_parents`.`relation`
FROM `parents`
JOIN `student_parents` ON `student_parents`.`student_id` = `students`.`id`
WHERE `student_parents`.`parent_id` = \'14\'')
 2 SYSTEMPATH\Database\BaseConnection.php(825): CodeIgniter\Database\BaseConnection->simpleQuery('SELECT `students`.*, `student_parents`.`relation`
FROM `parents`
JOIN `student_parents` ON `student_parents`.`student_id` = `students`.`id`
WHERE `student_parents`.`parent_id` = \'14\'')
 3 SYSTEMPATH\Database\BaseBuilder.php(1647): CodeIgniter\Database\BaseConnection->query('SELECT `students`.*, `student_parents`.`relation`
FROM `parents`
JOIN `student_parents` ON `student_parents`.`student_id` = `students`.`id`
WHERE `student_parents`.`parent_id` = :student_parents.parent_id:', [...], false)
 4 SYSTEMPATH\Model.php(255): CodeIgniter\Database\BaseBuilder->get()
 5 SYSTEMPATH\BaseModel.php(676): CodeIgniter\Model->doFindAll(0, 0)
 6 APPPATH\Controllers\Dashboard.php(92): CodeIgniter\BaseModel->findAll()
 7 SYSTEMPATH\CodeIgniter.php(974): App\Controllers\Dashboard->index()
 8 SYSTEMPATH\CodeIgniter.php(520): CodeIgniter\CodeIgniter->runController(Object(App\Controllers\Dashboard))
 9 SYSTEMPATH\CodeIgniter.php(363): CodeIgniter\CodeIgniter->handleRequest(null, Object(Config\Cache), false)
10 SYSTEMPATH\Boot.php(417): CodeIgniter\CodeIgniter->run()
11 SYSTEMPATH\Boot.php(68): CodeIgniter\Boot::runCodeIgniter(Object(CodeIgniter\CodeIgniter))
12 FCPATH\index.php(59): CodeIgniter\Boot::bootWeb(Object(Config\Paths))
13 SYSTEMPATH\rewrite.php(44): require_once('C:\\xampp\\htdocs\\scan2fetch\\public\\index.php')
CRITICAL - 2026-06-06 06:27:08 --> [Caused by] mysqli_sql_exception: Unknown table 'scan2fetch.students'
in SYSTEMPATH\Database\MySQLi\Connection.php on line 300.
 1 SYSTEMPATH\Database\MySQLi\Connection.php(300): mysqli->query('SELECT `students`.*, `student_parents`.`relation`
FROM `parents`
JOIN `student_parents` ON `student_parents`.`student_id` = `students`.`id`
WHERE `student_parents`.`parent_id` = \'14\'', 0)
 2 SYSTEMPATH\Database\BaseConnection.php(908): CodeIgniter\Database\MySQLi\Connection->execute('SELECT `students`.*, `student_parents`.`relation`
FROM `parents`
JOIN `student_parents` ON `student_parents`.`student_id` = `students`.`id`
WHERE `student_parents`.`parent_id` = \'14\'')
 3 SYSTEMPATH\Database\BaseConnection.php(825): CodeIgniter\Database\BaseConnection->simpleQuery('SELECT `students`.*, `student_parents`.`relation`
FROM `parents`
JOIN `student_parents` ON `student_parents`.`student_id` = `students`.`id`
WHERE `student_parents`.`parent_id` = \'14\'')
 4 SYSTEMPATH\Database\BaseBuilder.php(1647): CodeIgniter\Database\BaseConnection->query('SELECT `students`.*, `student_parents`.`relation`
FROM `parents`
JOIN `student_parents` ON `student_parents`.`student_id` = `students`.`id`
WHERE `student_parents`.`parent_id` = :student_parents.parent_id:', [...], false)
 5 SYSTEMPATH\Model.php(255): CodeIgniter\Database\BaseBuilder->get()
 6 SYSTEMPATH\BaseModel.php(676): CodeIgniter\Model->doFindAll(0, 0)
 7 APPPATH\Controllers\Dashboard.php(92): CodeIgniter\BaseModel->findAll()
 8 SYSTEMPATH\CodeIgniter.php(974): App\Controllers\Dashboard->index()
 9 SYSTEMPATH\CodeIgniter.php(520): CodeIgniter\CodeIgniter->runController(Object(App\Controllers\Dashboard))
10 SYSTEMPATH\CodeIgniter.php(363): CodeIgniter\CodeIgniter->handleRequest(null, Object(Config\Cache), false)
11 SYSTEMPATH\Boot.php(417): CodeIgniter\CodeIgniter->run()
12 SYSTEMPATH\Boot.php(68): CodeIgniter\Boot::runCodeIgniter(Object(CodeIgniter\CodeIgniter))
13 FCPATH\index.php(59): CodeIgniter\Boot::bootWeb(Object(Config\Paths))
14 SYSTEMPATH\rewrite.php(44): require_once('C:\\xampp\\htdocs\\scan2fetch\\public\\index.php')
DEBUG - 2026-06-06 06:27:09 --> Session: Class initialized using 'CodeIgniter\Session\Handlers\FileHandler' driver.
ERROR - 2026-06-06 06:27:09 --> Unknown table 'scan2fetch.students'
in SYSTEMPATH\Database\MySQLi\Connection.php on line 300.
 1 SYSTEMPATH\Database\MySQLi\Connection.php(300): mysqli->query('SELECT `students`.*, `student_parents`.`relation`
FROM `parents`
JOIN `student_parents` ON `student_parents`.`student_id` = `students`.`id`
WHERE `student_parents`.`parent_id` = \'14\'', 0)
 2 SYSTEMPATH\Database\BaseConnection.php(908): CodeIgniter\Database\MySQLi\Connection->execute('SELECT `students`.*, `student_parents`.`relation`
FROM `parents`
JOIN `student_parents` ON `student_parents`.`student_id` = `students`.`id`
WHERE `student_parents`.`parent_id` = \'14\'')
 3 SYSTEMPATH\Database\BaseConnection.php(825): CodeIgniter\Database\BaseConnection->simpleQuery('SELECT `students`.*, `student_parents`.`relation`
FROM `parents`
JOIN `student_parents` ON `student_parents`.`student_id` = `students`.`id`
WHERE `student_parents`.`parent_id` = \'14\'')
 4 SYSTEMPATH\Database\BaseBuilder.php(1647): CodeIgniter\Database\BaseConnection->query('SELECT `students`.*, `student_parents`.`relation`
FROM `parents`
JOIN `student_parents` ON `student_parents`.`student_id` = `students`.`id`
WHERE `student_parents`.`parent_id` = :student_parents.parent_id:', [...], false)
 5 SYSTEMPATH\Model.php(255): CodeIgniter\Database\BaseBuilder->get()
 6 SYSTEMPATH\BaseModel.php(676): CodeIgniter\Model->doFindAll(0, 0)
 7 APPPATH\Controllers\Dashboard.php(92): CodeIgniter\BaseModel->findAll()
 8 SYSTEMPATH\CodeIgniter.php(974): App\Controllers\Dashboard->index()
 9 SYSTEMPATH\CodeIgniter.php(520): CodeIgniter\CodeIgniter->runController(Object(App\Controllers\Dashboard))
10 SYSTEMPATH\CodeIgniter.php(363): CodeIgniter\CodeIgniter->handleRequest(null, Object(Config\Cache), false)
11 SYSTEMPATH\Boot.php(417): CodeIgniter\CodeIgniter->run()
12 SYSTEMPATH\Boot.php(68): CodeIgniter\Boot::runCodeIgniter(Object(CodeIgniter\CodeIgniter))
13 FCPATH\index.php(59): CodeIgniter\Boot::bootWeb(Object(Config\Paths))
14 SYSTEMPATH\rewrite.php(44): require_once('C:\\xampp\\htdocs\\scan2fetch\\public\\index.php')
CRITICAL - 2026-06-06 06:27:09 --> CodeIgniter\Database\Exceptions\DatabaseException: Unknown table 'scan2fetch.students'
[Method: GET, Route: dashboard]
in SYSTEMPATH\Database\BaseConnection.php on line 863.
 1 SYSTEMPATH\Database\BaseBuilder.php(1647): CodeIgniter\Database\BaseConnection->query('SELECT `students`.*, `student_parents`.`relation`
FROM `parents`
JOIN `student_parents` ON `student_parents`.`student_id` = `students`.`id`
WHERE `student_parents`.`parent_id` = :student_parents.parent_id:', [...], false)
 2 SYSTEMPATH\Model.php(255): CodeIgniter\Database\BaseBuilder->get()
 3 SYSTEMPATH\BaseModel.php(676): CodeIgniter\Model->doFindAll(0, 0)
 4 APPPATH\Controllers\Dashboard.php(92): CodeIgniter\BaseModel->findAll()
 5 SYSTEMPATH\CodeIgniter.php(974): App\Controllers\Dashboard->index()
 6 SYSTEMPATH\CodeIgniter.php(520): CodeIgniter\CodeIgniter->runController(Object(App\Controllers\Dashboard))
 7 SYSTEMPATH\CodeIgniter.php(363): CodeIgniter\CodeIgniter->handleRequest(null, Object(Config\Cache), false)
 8 SYSTEMPATH\Boot.php(417): CodeIgniter\CodeIgniter->run()
 9 SYSTEMPATH\Boot.php(68): CodeIgniter\Boot::runCodeIgniter(Object(CodeIgniter\CodeIgniter))
10 FCPATH\index.php(59): CodeIgniter\Boot::bootWeb(Object(Config\Paths))
11 SYSTEMPATH\rewrite.php(44): require_once('C:\\xampp\\htdocs\\scan2fetch\\public\\index.php')
CRITICAL - 2026-06-06 06:27:09 --> [Caused by] CodeIgniter\Database\Exceptions\DatabaseException: Unknown table 'scan2fetch.students'
in SYSTEMPATH\Database\MySQLi\Connection.php on line 310.
 1 SYSTEMPATH\Database\BaseConnection.php(908): CodeIgniter\Database\MySQLi\Connection->execute('SELECT `students`.*, `student_parents`.`relation`
FROM `parents`
JOIN `student_parents` ON `student_parents`.`student_id` = `students`.`id`
WHERE `student_parents`.`parent_id` = \'14\'')
 2 SYSTEMPATH\Database\BaseConnection.php(825): CodeIgniter\Database\BaseConnection->simpleQuery('SELECT `students`.*, `student_parents`.`relation`
FROM `parents`
JOIN `student_parents` ON `student_parents`.`student_id` = `students`.`id`
WHERE `student_parents`.`parent_id` = \'14\'')
 3 SYSTEMPATH\Database\BaseBuilder.php(1647): CodeIgniter\Database\BaseConnection->query('SELECT `students`.*, `student_parents`.`relation`
FROM `parents`
JOIN `student_parents` ON `student_parents`.`student_id` = `students`.`id`
WHERE `student_parents`.`parent_id` = :student_parents.parent_id:', [...], false)
 4 SYSTEMPATH\Model.php(255): CodeIgniter\Database\BaseBuilder->get()
 5 SYSTEMPATH\BaseModel.php(676): CodeIgniter\Model->doFindAll(0, 0)
 6 APPPATH\Controllers\Dashboard.php(92): CodeIgniter\BaseModel->findAll()
 7 SYSTEMPATH\CodeIgniter.php(974): App\Controllers\Dashboard->index()
 8 SYSTEMPATH\CodeIgniter.php(520): CodeIgniter\CodeIgniter->runController(Object(App\Controllers\Dashboard))
 9 SYSTEMPATH\CodeIgniter.php(363): CodeIgniter\CodeIgniter->handleRequest(null, Object(Config\Cache), false)
10 SYSTEMPATH\Boot.php(417): CodeIgniter\CodeIgniter->run()
11 SYSTEMPATH\Boot.php(68): CodeIgniter\Boot::runCodeIgniter(Object(CodeIgniter\CodeIgniter))
12 FCPATH\index.php(59): CodeIgniter\Boot::bootWeb(Object(Config\Paths))
13 SYSTEMPATH\rewrite.php(44): require_once('C:\\xampp\\htdocs\\scan2fetch\\public\\index.php')
CRITICAL - 2026-06-06 06:27:09 --> [Caused by] mysqli_sql_exception: Unknown table 'scan2fetch.students'
in SYSTEMPATH\Database\MySQLi\Connection.php on line 300.
 1 SYSTEMPATH\Database\MySQLi\Connection.php(300): mysqli->query('SELECT `students`.*, `student_parents`.`relation`
FROM `parents`
JOIN `student_parents` ON `student_parents`.`student_id` = `students`.`id`
WHERE `student_parents`.`parent_id` = \'14\'', 0)
 2 SYSTEMPATH\Database\BaseConnection.php(908): CodeIgniter\Database\MySQLi\Connection->execute('SELECT `students`.*, `student_parents`.`relation`
FROM `parents`
JOIN `student_parents` ON `student_parents`.`student_id` = `students`.`id`
WHERE `student_parents`.`parent_id` = \'14\'')
 3 SYSTEMPATH\Database\BaseConnection.php(825): CodeIgniter\Database\BaseConnection->simpleQuery('SELECT `students`.*, `student_parents`.`relation`
FROM `parents`
JOIN `student_parents` ON `student_parents`.`student_id` = `students`.`id`
WHERE `student_parents`.`parent_id` = \'14\'')
 4 SYSTEMPATH\Database\BaseBuilder.php(1647): CodeIgniter\Database\BaseConnection->query('SELECT `students`.*, `student_parents`.`relation`
FROM `parents`
JOIN `student_parents` ON `student_parents`.`student_id` = `students`.`id`
WHERE `student_parents`.`parent_id` = :student_parents.parent_id:', [...], false)
 5 SYSTEMPATH\Model.php(255): CodeIgniter\Database\BaseBuilder->get()
 6 SYSTEMPATH\BaseModel.php(676): CodeIgniter\Model->doFindAll(0, 0)
 7 APPPATH\Controllers\Dashboard.php(92): CodeIgniter\BaseModel->findAll()
 8 SYSTEMPATH\CodeIgniter.php(974): App\Controllers\Dashboard->index()
 9 SYSTEMPATH\CodeIgniter.php(520): CodeIgniter\CodeIgniter->runController(Object(App\Controllers\Dashboard))
10 SYSTEMPATH\CodeIgniter.php(363): CodeIgniter\CodeIgniter->handleRequest(null, Object(Config\Cache), false)
11 SYSTEMPATH\Boot.php(417): CodeIgniter\CodeIgniter->run()
12 SYSTEMPATH\Boot.php(68): CodeIgniter\Boot::runCodeIgniter(Object(CodeIgniter\CodeIgniter))
13 FCPATH\index.php(59): CodeIgniter\Boot::bootWeb(Object(Config\Paths))
14 SYSTEMPATH\rewrite.php(44): require_once('C:\\xampp\\htdocs\\scan2fetch\\public\\index.php')
DEBUG - 2026-06-06 06:30:21 --> Session: Class initialized using 'CodeIgniter\Session\Handlers\FileHandler' driver.
DEBUG - 2026-06-06 06:30:24 --> Session: Class initialized using 'CodeIgniter\Session\Handlers\FileHandler' driver.
DEBUG - 2026-06-06 06:30:26 --> Session: Class initialized using 'CodeIgniter\Session\Handlers\FileHandler' driver.
DEBUG - 2026-06-06 06:30:34 --> Session: Class initialized using 'CodeIgniter\Session\Handlers\FileHandler' driver.
DEBUG - 2026-06-06 06:30:39 --> Session: Class initialized using 'CodeIgniter\Session\Handlers\FileHandler' driver.
DEBUG - 2026-06-06 06:30:39 --> Session: Class initialized using 'CodeIgniter\Session\Handlers\FileHandler' driver.
DEBUG - 2026-06-06 06:30:43 --> Session: Class initialized using 'CodeIgniter\Session\Handlers\FileHandler' driver.
DEBUG - 2026-06-06 06:30:43 --> Session: Class initialized using 'CodeIgniter\Session\Handlers\FileHandler' driver.
DEBUG - 2026-06-06 06:30:47 --> Session: Class initialized using 'CodeIgniter\Session\Handlers\FileHandler' driver.
DEBUG - 2026-06-06 06:30:57 --> Session: Class initialized using 'CodeIgniter\Session\Handlers\FileHandler' driver.
DEBUG - 2026-06-06 06:31:00 --> Session: Class initialized using 'CodeIgniter\Session\Handlers\FileHandler' driver.
DEBUG - 2026-06-06 06:31:19 --> Session: Class initialized using 'CodeIgniter\Session\Handlers\FileHandler' driver.
DEBUG - 2026-06-06 06:31:21 --> Session: Class initialized using 'CodeIgniter\Session\Handlers\FileHandler' driver.
DEBUG - 2026-06-06 06:31:23 --> Session: Class initialized using 'CodeIgniter\Session\Handlers\FileHandler' driver.
DEBUG - 2026-06-06 06:31:31 --> Session: Class initialized using 'CodeIgniter\Session\Handlers\FileHandler' driver.
DEBUG - 2026-06-06 06:31:34 --> Session: Class initialized using 'CodeIgniter\Session\Handlers\FileHandler' driver.
DEBUG - 2026-06-06 06:31:36 --> Session: Class initialized using 'CodeIgniter\Session\Handlers\FileHandler' driver.
DEBUG - 2026-06-06 06:31:37 --> Session: Class initialized using 'CodeIgniter\Session\Handlers\FileHandler' driver.
DEBUG - 2026-06-06 06:31:41 --> Session: Class initialized using 'CodeIgniter\Session\Handlers\FileHandler' driver.
DEBUG - 2026-06-06 06:31:41 --> Session: Class initialized using 'CodeIgniter\Session\Handlers\FileHandler' driver.
DEBUG - 2026-06-06 06:31:50 --> Session: Class initialized using 'CodeIgniter\Session\Handlers\FileHandler' driver.
DEBUG - 2026-06-06 06:31:50 --> Session: Class initialized using 'CodeIgniter\Session\Handlers\FileHandler' driver.
DEBUG - 2026-06-06 06:31:53 --> Session: Class initialized using 'CodeIgniter\Session\Handlers\FileHandler' driver.
DEBUG - 2026-06-06 06:31:54 --> Session: Class initialized using 'CodeIgniter\Session\Handlers\FileHandler' driver.
DEBUG - 2026-06-06 06:31:56 --> Session: Class initialized using 'CodeIgniter\Session\Handlers\FileHandler' driver.
DEBUG - 2026-06-06 06:33:32 --> Session: Class initialized using 'CodeIgniter\Session\Handlers\FileHandler' driver.
DEBUG - 2026-06-06 06:33:54 --> Session: Class initialized using 'CodeIgniter\Session\Handlers\FileHandler' driver.
DEBUG - 2026-06-06 06:34:02 --> Session: Class initialized using 'CodeIgniter\Session\Handlers\FileHandler' driver.
DEBUG - 2026-06-06 06:34:09 --> Session: Class initialized using 'CodeIgniter\Session\Handlers\FileHandler' driver.
DEBUG - 2026-06-06 06:34:39 --> Session: Class initialized using 'CodeIgniter\Session\Handlers\FileHandler' driver.
DEBUG - 2026-06-06 06:34:50 --> Session: Class initialized using 'CodeIgniter\Session\Handlers\FileHandler' driver.
CRITICAL - 2026-06-06 06:34:50 --> ErrorException: Undefined array key "mname"
[Method: GET, Route: parents-logs]
in APPPATH\Views\parents_logs.php on line 39.
 1 APPPATH\Views\parents_logs.php(39): CodeIgniter\Debug\Exceptions->errorHandler(2, 'Undefined array key "mname"', 'C:\\xampp\\htdocs\\scan2fetch\\app\\Views\\parents_logs.php', 39)
 2 SYSTEMPATH\View\View.php(240): include('C:\\xampp\\htdocs\\scan2fetch\\app\\Views\\parents_logs.php')
 3 SYSTEMPATH\View\View.php(243): CodeIgniter\View\View->CodeIgniter\View\{closure}()
 4 SYSTEMPATH\Common.php(1254): CodeIgniter\View\View->render('parents_logs', [], true)
 5 APPPATH\Controllers\Parents.php(211): view('parents_logs', [...])
 6 SYSTEMPATH\CodeIgniter.php(974): App\Controllers\Parents->logs()
 7 SYSTEMPATH\CodeIgniter.php(520): CodeIgniter\CodeIgniter->runController(Object(App\Controllers\Parents))
 8 SYSTEMPATH\CodeIgniter.php(363): CodeIgniter\CodeIgniter->handleRequest(null, Object(Config\Cache), false)
 9 SYSTEMPATH\Boot.php(417): CodeIgniter\CodeIgniter->run()
10 SYSTEMPATH\Boot.php(68): CodeIgniter\Boot::runCodeIgniter(Object(CodeIgniter\CodeIgniter))
11 FCPATH\index.php(59): CodeIgniter\Boot::bootWeb(Object(Config\Paths))
12 SYSTEMPATH\rewrite.php(44): require_once('C:\\xampp\\htdocs\\scan2fetch\\public\\index.php')
DEBUG - 2026-06-06 06:34:57 --> Session: Class initialized using 'CodeIgniter\Session\Handlers\FileHandler' driver.
DEBUG - 2026-06-06 06:36:18 --> Session: Class initialized using 'CodeIgniter\Session\Handlers\FileHandler' driver.
DEBUG - 2026-06-06 06:36:59 --> Session: Class initialized using 'CodeIgniter\Session\Handlers\FileHandler' driver.
DEBUG - 2026-06-06 06:37:07 --> Session: Class initialized using 'CodeIgniter\Session\Handlers\FileHandler' driver.
DEBUG - 2026-06-06 06:37:08 --> Session: Class initialized using 'CodeIgniter\Session\Handlers\FileHandler' driver.
DEBUG - 2026-06-06 06:37:11 --> Session: Class initialized using 'CodeIgniter\Session\Handlers\FileHandler' driver.
DEBUG - 2026-06-06 06:37:12 --> Session: Class initialized using 'CodeIgniter\Session\Handlers\FileHandler' driver.
DEBUG - 2026-06-06 06:39:08 --> Session: Class initialized using 'CodeIgniter\Session\Handlers\FileHandler' driver.
DEBUG - 2026-06-06 06:40:38 --> Session: Class initialized using 'CodeIgniter\Session\Handlers\FileHandler' driver.
DEBUG - 2026-06-06 06:40:40 --> Session: Class initialized using 'CodeIgniter\Session\Handlers\FileHandler' driver.
DEBUG - 2026-06-06 06:40:41 --> Session: Class initialized using 'CodeIgniter\Session\Handlers\FileHandler' driver.
DEBUG - 2026-06-06 06:40:43 --> Session: Class initialized using 'CodeIgniter\Session\Handlers\FileHandler' driver.
DEBUG - 2026-06-06 06:40:58 --> Session: Class initialized using 'CodeIgniter\Session\Handlers\FileHandler' driver.
DEBUG - 2026-06-06 06:41:13 --> Session: Class initialized using 'CodeIgniter\Session\Handlers\FileHandler' driver.
DEBUG - 2026-06-06 06:41:20 --> Session: Class initialized using 'CodeIgniter\Session\Handlers\FileHandler' driver.
DEBUG - 2026-06-06 06:41:47 --> Session: Class initialized using 'CodeIgniter\Session\Handlers\FileHandler' driver.
DEBUG - 2026-06-06 06:41:50 --> Session: Class initialized using 'CodeIgniter\Session\Handlers\FileHandler' driver.
DEBUG - 2026-06-06 06:41:53 --> Session: Class initialized using 'CodeIgniter\Session\Handlers\FileHandler' driver.
DEBUG - 2026-06-06 06:41:55 --> Session: Class initialized using 'CodeIgniter\Session\Handlers\FileHandler' driver.
DEBUG - 2026-06-06 06:51:50 --> Session: Class initialized using 'CodeIgniter\Session\Handlers\FileHandler' driver.
DEBUG - 2026-06-06 06:51:50 --> Session: Class initialized using 'CodeIgniter\Session\Handlers\FileHandler' driver.
